,AGR_01_06825,AGR_02_225ce,AGR_03_3834d,AGR_04_4248c,AGR_05_7d386,AGR_06_86d5e,AGR_07_8b7c5,AGR_08_8dbee,AGR_09_8dd61,AGR_10_9781f,AGR_11_a8ba8,AGR_12_c170b,AGR_13_d7fa3,AGR_14_f501a,AGR_15_fe6d3,DIS_01_0c5e4,DIS_02_24fa8,DIS_03_28e55,DIS_04_3296a,DIS_05_4c0e5,DIS_06_605ba,DIS_07_67eb1,DIS_08_71203,DIS_09_891e7,DIS_10_9a1d5,DIS_11_b2825,DIS_12_daad3,DIS_13_f7310,ENE_01_0ce22,ENE_02_24d51,ENE_03_31059,ENE_04_3143a,ENE_05_47c10,ENE_06_68cc5,ENE_07_6b773,ENE_08_76dd7,ENE_09_82f47,ENE_10_a6418,ENE_11_b6eb2,ENE_12_bf662,ENE_13_d269b,ENE_14_dc481,ENE_15_f6fae,ENV_01_0cfd4,ENV_02_0f9b0,ENV_03_2f819,ENV_04_46549,ENV_05_4e2b7,ENV_06_5bd1c,ENV_07_6070a,ENV_08_6c0c3,ENV_09_80007,ENV_10_8f360,ENV_11_97928,ENV_12_d933a,ENV_13_e223a,ENV_14_e4670,ENV_15_f1429,ENV_16_f8183,HEA_01_07f11,HEA_02_0a422,HEA_03_12168,HEA_04_19bb1,HEA_05_65dc0,HEA_06_6bf25,HEA_07_7822c,HEA_08_7c732,HEA_09_8b6f3,HEA_10_95108,HEA_11_a46bf,HEA_12_cb742,HEA_13_e6d1e,HEA_14_eb0b8,MAN_01_00138,MAN_02_0bce5,MAN_03_368c1,MAN_04_38948,MAN_05_5144b,MAN_06_5a689,MAN_07_5faab,MAN_08_678a7,MAN_09_678b1,MAN_10_b0685,MAN_11_d7e72,MAN_12_da3b4,SMA_01_0592f,SMA_02_1b70d,SMA_03_20b1e,SMA_04_28b4e,SMA_05_29f8e,SMA_06_2df5b,SMA_07_57127,SMA_08_6d7ad,SMA_09_87975,SMA_10_8b8dc,SMA_11_a504b,SMA_12_c6e00,SMA_13_c9088,SMA_14_cdb07,TRA_01_10265,TRA_02_12fb4,TRA_03_21d93,TRA_04_2ad9e,TRA_05_4f9a6,TRA_06_50971,TRA_07_669a5,TRA_08_6d02c,TRA_09_74397,TRA_10_785d6,TRA_11_7d8bf,TRA_12_9234f,TRA_13_99007,TRA_14_9c743,TRA_15_a15d9,TRA_16_aad47,TRA_17_b751a
AGR_01_06825,1.0,0.5643419,0.37181067,0.41378957,0.6034714,0.64330184,0.4411468,0.35420442,0.42167866,0.44111252,0.40307415,0.27994907,0.31742078,0.50426215,0.50295675,0.22752923,0.16932392,0.20421141,0.2428782,0.06284177,0.17838824,0.20825613,0.131715,0.20337528,0.30751568,0.17508423,0.14769799,0.178375,0.054499447,0.16280603,0.06502366,0.34538943,0.06366944,0.13607597,0.14669311,0.19554347,0.09355521,0.14522028,0.068003416,0.27518594,0.19958723,0.14938694,0.12196106,0.097519755,0.19202101,0.25857002,0.12354612,0.103524804,0.15692317,0.07201797,0.32983053,0.24671614,0.0647282,0.21777385,0.054400742,0.14744651,0.21451336,0.13309109,0.1693368,0.06525004,0.0036248565,0.061711073,0.13074124,0.03133166,0.00363487,0.1478424,0.14702034,0.0,0.27710176,0.0041710734,0.10774052,0.14702034,0.10350114,0.09655315,0.1645906,0.20579016,0.12271291,0.0836578,0.030395687,0.011514664,0.0,0.13686055,0.16949713,0.11669338,0.06829107,0.07078594,0.046504736,0.11139566,0.0055728555,0.16388482,0.07871026,0.018871427,0.14881074,0.1376772,0.08808112,0.09643364,0.18247569,0.062063873,0.09331989,0.012791574,0.05517739,0.1543864,0.11622685,0.080733,0.1333226,0.0,0.12793708,0.12999725,0.12704062,0.12745506,0.15352523,0.12009108,0.14752889,0.18117595,0.12030405,0.124550164
AGR_02_225ce,0.5643419,1.0,0.47584963,0.3918931,0.57330203,0.6370109,0.5078167,0.50782955,0.28277755,0.8208083,0.37050593,0.28783357,0.2760377,0.5157676,0.43793786,0.10166371,0.028990328,0.29102767,0.17080736,0.15895689,0.15992904,0.02816844,0.23275685,0.17450899,0.19530249,0.0007457137,0.05119908,0.09739691,0.16673422,0.31300545,0.17169261,0.10896349,0.08443719,0.16797578,0.29169,0.08616084,0.143404,0.33706784,0.08697742,0.12864888,0.34594154,0.10102689,0.051979005,0.13806474,0.26842725,0.3789801,0.16413796,0.25698316,0.22071135,0.20067495,0.41282594,0.3771649,0.17766428,0.104251504,0.23197305,0.28626668,0.3181157,0.32366478,0.09351915,0.08186829,0.104617536,0.20594388,0.25308144,0.16576016,0.11667073,0.10351735,0.16626668,0.1564405,0.08696729,0.13985991,0.26760578,0.16626668,0.28116095,0.16150373,0.22352678,0.08351177,0.18493366,0.17080927,0.27850795,0.2175411,0.057795703,0.16844654,0.22351211,0.10584241,0.31827122,0.2189995,0.21171606,0.22196186,0.22485268,0.2521525,0.26876473,0.19809896,0.18711126,0.41353673,0.26033157,0.2667781,0.36799794,0.25192094,0.17160541,0.0,0.052024126,0.0154669285,0.2780553,0.21513426,0.0,0.0,0.039228857,0.19366372,0.078186095,0.22391981,0.03727126,0.19318849,0.06804514,0.15635508,0.19841301,0.26410508
AGR_03_3834d,0.37181067,0.47584963,1.0,0.46656883,0.38507605,0.4423654,0.5190862,0.65739787,0.38029456,0.5055238,0.54892445,0.5281261,0.5035244,0.3786167,0.45834076,0.17892116,0.17612773,0.21830583,0.14961743,0.165227,0.28428668,0.09939629,0.12360191,0.21825057,0.19151652,0.12975383,0.03989327,0.21630996,0.15352422,0.16335106,0.12569797,0.04572445,0.032631874,0.06216979,0.24050158,0.07477248,0.091793776,0.17008984,0.11420703,0.10960072,0.14771223,0.06450671,0.054722548,0.19196159,0.26151317,0.28880113,0.25396842,0.33341467,0.44499964,0.20970154,0.23673838,0.3861735,0.17545176,0.35533392,0.16447598,0.29149842,0.4000646,0.33688706,0.16553897,0.08806574,0.15899402,0.16910666,0.14888698,0.022705019,0.07436633,0.073917866,0.21584868,0.054255426,0.124512374,0.0,0.18757933,0.21584868,0.21237826,0.16363198,0.19250107,0.16521895,0.13115811,0.19234061,0.18980002,0.26292562,0.06858015,0.23316205,0.26679927,0.14657867,0.18976003,0.21801126,0.17831379,0.18334854,0.12932473,0.19196248,0.11656731,0.082824826,0.15214479,0.27553684,0.20166326,0.121855974,0.14160353,0.11151618,0.10796821,0.10371107,0.15906072,0.12001872,0.19354701,0.20534563,0.13062239,0.05354935,0.038776815,0.24036705,0.17576188,0.12753189,0.09827429,0.266491,0.13511008,0.21319675,0.1168856,0.27075064
AGR_04_4248c,0.41378957,0.3918931,0.46656883,1.0,0.27958453,0.4852264,0.45002902,0.4124924,0.601838,0.39337975,0.37175453,0.29518807,0.24631768,0.33859068,0.5119811,0.0840382,0.12456465,0.17577809,0.13116223,0.23573542,0.16806257,0.10905224,0.073541045,0.12183237,0.17932552,0.104828954,0.0035569668,0.14462233,0.12299293,0.14492571,0.0167194,0.14620334,0.16734761,0.032461464,0.17540503,0.2210688,0.053201973,0.22168201,0.04960692,0.24139476,0.26528263,0.22064781,0.07230592,0.13810039,0.17509675,0.20285773,0.15700197,0.15567374,0.21293223,0.27677542,0.11875385,0.18087381,0.06521213,0.21931946,0.14387727,0.31822562,0.27325475,0.22871542,0.34809428,0.011065662,0.03682506,0.0,0.030835032,0.0,0.023145974,0.0,0.100749254,0.0,0.055511117,0.014262915,0.06807238,0.100749254,0.073978305,0.09560847,0.08663386,0.23175776,0.061431825,0.0,0.0,0.03355956,0.021825314,0.118934035,0.1168614,0.09832591,0.06625354,0.11671269,0.09073466,0.18692625,0.007667482,0.16092312,0.17937362,0.13417715,0.2039733,0.14924449,0.11998165,0.24555331,0.058868468,0.21124554,0.13203514,0.079132676,0.008111,0.07181448,0.07817674,0.0,0.077091336,0.0,0.07686353,0.115777194,0.059720933,0.0,0.052517354,0.22377133,0.07401246,0.23608905,0.08103371,0.07927853
AGR_05_7d386,0.6034714,0.57330203,0.38507605,0.27958453,1.0,0.5441645,0.39428353,0.5053235,0.2454831,0.42457235,0.3225305,0.2121908,0.34753066,0.3108425,0.33186364,0.21056247,0.11882669,0.22120303,0.2200386,0.21041924,0.17456985,0.06526941,0.19365019,0.19176757,0.2400651,0.09674317,0.165331,0.1566633,0.32607496,0.1289128,0.3195598,0.22598702,0.016829014,0.5862273,0.24908376,0.109619975,0.10820782,0.11359817,0.13699794,0.11320752,0.15269196,0.0,0.04532957,0.102253616,0.3314479,0.36829388,0.13393438,0.28740948,0.19799727,0.18154645,0.4370867,0.2889291,0.22935963,0.0916329,0.24795753,0.16070557,0.2569034,0.23120809,0.036157727,0.09159404,0.16234553,0.15850371,0.14704126,0.13728178,0.18355572,0.10871351,0.1307224,0.18508172,0.13032246,0.023733437,0.17951769,0.1307224,0.15643781,0.10430938,0.19759518,0.036417305,0.13951886,0.32032728,0.19783819,0.18091959,0.013958454,0.15683824,0.1644795,0.19522226,0.23757952,0.099643946,0.097290635,0.10961032,0.06671947,0.02806902,0.032227397,0.055008054,0.026611805,0.25824463,0.08015585,0.0170573,0.58526856,0.09825033,0.0,0.057770908,0.19325334,0.0788911,0.11734992,0.2619171,0.040995777,0.0,0.004243493,0.15979218,0.09762508,0.3715632,0.08926433,0.19504446,0.12818646,0.15417743,0.064252496,0.1821016
AGR_06_86d5e,0.64330184,0.6370109,0.4423654,0.4852264,0.5441645,1.0,0.44601375,0.48840195,0.43884152,0.63317883,0.46522152,0.29391414,0.34553778,0.6405859,0.555759,0.19235355,0.16989076,0.24213493,0.1949935,0.10862148,0.19853413,0.11182928,0.13816452,0.19827646,0.310499,0.15045565,0.121501565,0.14389503,0.08957672,0.18486547,0.05274433,0.21412003,0.0130780935,0.13239503,0.18029189,0.16979873,0.20052475,0.14931107,0.06324446,0.19973624,0.19854712,0.124334276,0.07789576,0.1953972,0.33440578,0.30781806,0.16742003,0.20240557,0.20547509,0.1885593,0.33914053,0.43643022,0.13179791,0.23805285,0.13477778,0.21563369,0.26345778,0.21562457,0.12096435,0.021445513,0.060504317,0.09628689,0.103574455,0.0,0.07085097,0.0504362,0.04158008,0.04475528,0.14534676,0.0,0.060837984,0.04158008,0.08028817,0.10167432,0.120195985,0.1831274,0.11318141,0.11080742,0.0957433,0.040390193,0.0,0.13801277,0.19091815,0.05475086,0.10397214,0.0761528,0.12850058,0.10720301,0.0810737,0.15372026,0.08324677,0.052525103,0.15398884,0.2454052,0.16647029,0.09521103,0.26266795,0.1020723,0.09952456,0.087286234,0.067647934,0.10848403,0.13215238,0.16568005,0.07601106,0.0,0.071132004,0.16934466,0.15779454,0.21292496,0.13959813,0.217183,0.13573402,0.29474074,0.08841205,0.1455468
AGR_07_8b7c5,0.4411468,0.5078167,0.5190862,0.45002902,0.39428353,0.44601375,1.0,0.4690898,0.28935343,0.55694896,0.5426701,0.26633447,0.42438638,0.36801744,0.54312336,0.1407857,0.18199527,0.18326306,0.21173024,0.11621034,0.23578596,0.12423003,0.11663258,0.14672023,0.18964404,0.19986248,0.053695083,0.17516679,0.22480679,0.20803446,0.091528356,0.1423474,0.08500856,0.105466545,0.21176821,0.11924857,0.099203765,0.20862782,0.035709083,0.1969012,0.22659838,0.13531816,0.03996122,0.01986432,0.3624496,0.08127612,0.13491774,0.26909733,0.35961848,0.17026353,0.17656785,0.1613369,0.21122968,0.19025981,0.14794242,0.12586367,0.28593612,0.1919393,0.07321805,0.0,0.065665126,0.095614016,0.15840286,0.009729147,0.068550885,0.0341509,0.10094333,0.04569012,0.09854621,0.06854677,0.18169272,0.10094333,0.19047356,0.28979385,0.18123192,0.19555569,0.19448084,0.20644069,0.104316294,0.11258376,0.21131867,0.13542384,0.27568632,0.17277735,0.19206297,0.14444375,0.18821979,0.1889106,0.101923466,0.20973885,0.15331012,0.13105851,0.13423663,0.31059068,0.10678655,0.16415346,0.13213563,0.14474761,0.13381445,0.0,0.088037014,0.17883056,0.20119822,0.103622794,0.14130557,0.03618902,0.099517226,0.28825402,0.13268858,0.22755688,0.15280569,0.17179638,0.083589315,0.086413085,0.18347907,0.18894678
AGR_08_8dbee,0.35420442,0.50782955,0.65739787,0.4124924,0.5053235,0.48840195,0.4690898,1.0,0.42914432,0.49231964,0.47516787,0.5668133,0.52290976,0.47864568,0.48683727,0.10262942,0.11222637,0.2193107,0.13111371,0.20084107,0.177194,0.05531615,0.15107536,0.17947853,0.12803483,0.034736335,0.024939597,0.14391226,0.19916207,0.0740087,0.23157644,0.014881492,0.0042612553,0.1695469,0.2440834,0.0,0.10908902,0.12086904,0.06813222,0.074682,0.12644678,0.030141473,0.03989595,0.1552493,0.30126297,0.2842183,0.13751256,0.30596232,0.22187078,0.20196152,0.2070781,0.33459526,0.2025646,0.16367114,0.15890533,0.23358059,0.24786717,0.2366569,0.021990418,0.19884789,0.27054763,0.28027916,0.20170152,0.17055625,0.21079731,0.10641664,0.20102084,0.21986711,0.18274808,0.08687532,0.19547933,0.20102084,0.22298098,0.08832133,0.18425053,0.029212415,0.11531526,0.29293883,0.19931376,0.25296038,0.019678831,0.1603753,0.17136443,0.11009234,0.25787133,0.14573753,0.09150016,0.06405097,0.09794927,0.05280906,0.039241195,0.10409939,0.052117884,0.21815723,0.12592125,0.048303783,0.23567891,0.112427354,0.005727589,0.07495141,0.23798662,0.034092844,0.12138438,0.20519632,0.03735608,0.0,0.0,0.18049711,0.10700172,0.21141905,0.044909358,0.16505724,0.09765965,0.18310833,0.066479504,0.17980838
AGR_09_8dd61,0.42167866,0.28277755,0.38029456,0.601838,0.2454831,0.43884152,0.28935343,0.42914432,1.0,0.26625526,0.3355211,0.40537286,0.2851597,0.3311777,0.428366,0.13169938,0.12522507,0.20435119,0.108875036,0.3415265,0.18024671,0.12884963,0.118344605,0.19922656,0.12998164,0.06557453,0.13244647,0.14413351,0.06537622,0.08018845,0.0,0.1429075,0.032217085,0.0,0.111917794,0.2023344,0.09294301,0.10407859,0.12654555,0.18508124,0.14098227,0.14295137,0.09844643,0.11882287,0.0259583,0.08395076,0.08385682,0.0635255,0.09216881,0.28688174,0.032508492,0.14709991,0.004186511,0.15460616,0.014250159,0.19393456,0.0795995,0.07799119,0.33022237,0.063981056,0.033088207,0.0,0.036883473,0.028270423,0.0,0.0,0.09024167,0.0,0.0824824,0.032866657,0.0,0.09024167,0.016379774,0.067831635,0.080617964,0.2360965,0.087721825,0.009976029,0.11056572,0.1467405,0.0,0.13745272,0.09369105,0.051508546,0.091066,0.087239444,0.005286634,0.042446673,0.067064404,0.07037854,0.1157521,0.09240651,0.1942085,0.06588036,0.10553855,0.14580345,0.008368313,0.13455087,0.06369734,0.12971288,0.061189532,0.007280767,0.0062657,0.0,0.0037319064,0.015919805,0.0,0.020314932,0.07145494,0.0,0.008208692,0.08650684,0.020742,0.30882424,0.028112829,0.0
AGR_10_9781f,0.44111252,0.8208083,0.5055238,0.39337975,0.42457235,0.63317883,0.55694896,0.49231964,0.26625526,1.0,0.44507742,0.31967002,0.30443072,0.5867076,0.43238223,0.15431952,0.11318618,0.29729968,0.16704881,0.17455375,0.22640848,0.081795216,0.26526088,0.23297942,0.18374223,0.066444755,0.08097297,0.14286041,0.14190727,0.25989407,0.11857885,0.06766856,0.025121212,0.12664008,0.26045775,0.12480062,0.15262121,0.25125563,0.047008395,0.123085976,0.22095567,0.06255227,0.06171429,0.19300753,0.34808785,0.3628407,0.2918759,0.36658764,0.30746734,0.25499284,0.34451103,0.49103558,0.23224914,0.21378177,0.27066016,0.3149041,0.3894282,0.39319897,0.12993252,0.054121852,0.09723592,0.20645767,0.2162261,0.10002875,0.10168815,0.06618738,0.12470019,0.11727476,0.093630195,0.11426604,0.20530897,0.12470019,0.24812162,0.14705855,0.1885587,0.12808347,0.14433342,0.17179513,0.21934009,0.19435453,0.07175356,0.19447184,0.25734127,0.11100799,0.25686252,0.18201637,0.2028727,0.20230192,0.19422626,0.23427296,0.19185531,0.09952819,0.14917779,0.39005345,0.25921297,0.1860013,0.2410658,0.11719155,0.12180668,0.050435185,0.09950918,0.07545304,0.27093697,0.21618378,0.06498712,0.046370804,0.10469484,0.23984241,0.16043586,0.27058363,0.13469094,0.29200906,0.12659794,0.21539891,0.23270392,0.29224694
AGR_11_a8ba8,0.40307415,0.37050593,0.54892445,0.37175453,0.3225305,0.46522152,0.5426701,0.47516787,0.3355211,0.44507742,1.0,0.33986604,0.45836008,0.37845755,0.4931429,0.19290954,0.20713735,0.19352376,0.14319724,0.052096188,0.25626564,0.1328814,0.10249925,0.15195465,0.15392113,0.13783807,0.09325701,0.14102083,0.05011916,0.07605779,0.03262627,0.027642429,0.048356533,0.0030009747,0.1417594,0.06822878,0.029625177,0.051424086,0.0,0.15167892,0.07268405,0.053209543,0.027953982,0.123851,0.4046389,0.11885387,0.3633461,0.34868932,0.38263965,0.18124402,0.19172543,0.22608262,0.19972533,0.40759718,0.10020399,0.16985619,0.24730384,0.19501173,0.12983859,0.0,0.07543665,0.10407543,0.08961266,0.0,0.021339595,0.0807628,0.104918,0.020089507,0.15740466,0.0,0.05827874,0.104918,0.12187469,0.122327805,0.09010941,0.11505014,0.08269954,0.18543631,0.029047072,0.032565117,0.10255611,0.1076504,0.18566298,0.1790334,0.03295833,0.0066561103,0.12665689,0.06114173,0.0,0.15184939,0.0,0.04875654,0.035799265,0.09938002,0.07618523,0.0072131157,0.012919784,0.0,0.0,0.06497806,0.07018888,0.1233961,0.11553919,0.14773178,0.14093208,0.0,0.06627393,0.17217499,0.08490294,0.21038866,0.15635991,0.13668317,0.08060002,0.18830895,0.08505249,0.18891597
AGR_12_c170b,0.27994907,0.28783357,0.5281261,0.29518807,0.2121908,0.29391414,0.26633447,0.5668133,0.40537286,0.31967002,0.33986604,1.0,0.3254702,0.36999178,0.30509216,0.078439236,0.06462401,0.13112557,0.09268594,0.086847186,0.12069827,0.0818429,0.06863749,0.13424456,0.030171514,0.01150912,0.06870592,0.07973075,0.061068892,0.0811497,0.07292366,0.08132732,0.04164052,0.052272618,0.14595568,0.00886327,0.17820746,0.109197795,0.16765076,0.048944592,0.08464438,0.02303338,0.13552529,0.23604965,0.065675676,0.21060371,0.13630015,0.1394617,0.29701328,0.04997778,0.10233623,0.2955578,0.0355016,0.27814823,0.052384615,0.24280608,0.17549711,0.18971038,0.07433128,0.23249763,0.1344893,0.2153244,0.21456748,0.11508191,0.13182932,0.07646859,0.28857088,0.09561658,0.26052415,0.1268661,0.16054296,0.28857088,0.17959619,0.0,0.13034022,0.1067518,0.032548547,0.06085378,0.086839974,0.21949273,0.005182624,0.16068655,0.14152968,0.048699856,0.10120535,0.074358344,0.016599953,0.051858604,0.16344166,0.0828526,0.07963252,0.0,0.14070064,0.14216489,0.16998947,0.08987832,0.0009880066,0.057147622,0.0,0.2207666,0.14226699,0.059096098,0.042453527,0.14811671,0.08592701,0.07666069,0.017481983,0.1032604,0.1160934,0.008846223,0.06862903,0.15151298,0.046201468,0.1818273,0.0,0.061086774
AGR_13_d7fa3,0.31742078,0.2760377,0.5035244,0.24631768,0.34753066,0.34553778,0.42438638,0.52290976,0.2851597,0.30443072,0.45836008,0.3254702,1.0,0.33561063,0.4229356,0.09467083,0.06725228,0.08844179,0.07107502,0.043327868,0.19464779,0.007947803,0.0385924,0.09354544,0.10807526,0.072395384,0.05445975,0.09101719,0.15875942,0.08604008,0.074071944,0.09985244,0.0,0.108413994,0.13452643,0.05194068,0.049946904,0.060706496,0.052794397,0.10501367,0.06736064,0.06518924,0.07751882,0.07645863,0.18543696,0.12298375,0.14090383,0.20073557,0.23426402,0.11498803,0.102977574,0.25935125,0.099751115,0.26087457,0.06830001,0.07382053,0.1835944,0.15716624,0.05698371,0.05246538,0.14952302,0.13232249,0.12736368,0.0,0.1071043,0.1013841,0.1599698,0.060562015,0.115721226,0.0,0.1295588,0.1599698,0.11119819,0.14292198,0.17282361,0.109892845,0.08490884,0.19935203,0.07292253,0.119828224,0.07035756,0.1352045,0.17918003,0.08392382,0.1259839,0.10140765,0.07286078,0.106619716,0.0,0.07626444,0.0033278465,0.042767048,0.050984025,0.15276343,0.0770911,0.030722082,0.09500933,0.0,0.008321464,0.06624389,0.13924468,0.1304394,0.20644468,0.21578771,0.14585853,0.06125796,0.031216264,0.22733808,0.19685674,0.21750998,0.08558953,0.15972161,0.14458442,0.105559826,0.15314037,0.1712467
AGR_14_f501a,0.50426215,0.5157676,0.3786167,0.33859068,0.3108425,0.6405859,0.36801744,0.47864568,0.3311777,0.5867076,0.37845755,0.36999178,0.33561063,1.0,0.47278428,0.06916249,0.07129365,0.11122203,0.10173249,0.0,0.04992807,0.0962764,0.07775116,0.121896386,0.0818665,0.026108503,0.06642574,0.030546129,0.055674195,0.07769281,0.031089842,0.07455313,0.011668384,0.0,0.08788186,0.08855307,0.15580904,0.06501806,0.004597366,0.1472286,0.06097752,0.0304752,0.09873003,0.23704076,0.20727634,0.31371754,0.12659025,0.14875448,0.12330073,0.028937519,0.22268915,0.55237556,0.09631151,0.28435016,0.20218462,0.16640687,0.23998767,0.19485587,0.046361744,0.0,0.029374063,0.09730202,0.10273111,0.019117177,0.027558386,0.07249826,0.06571478,0.06549126,0.18837667,0.0,0.023281813,0.06571478,0.04469675,0.0,0.09786183,0.09522033,0.051763654,0.078771174,0.016845405,0.043085694,0.0,0.1602205,0.13237429,0.022556007,0.061882913,0.019616127,0.040723503,0.07458353,0.050591946,0.11167276,0.0,0.0,0.07514298,0.1905613,0.15802097,0.010428548,0.02704078,0.0,0.016612113,0.08204293,0.06743729,0.07084912,0.049586892,0.1332717,0.063198686,0.0040542483,0.08393502,0.12792838,0.13443673,0.12158871,0.11569238,0.16719317,0.08945531,0.08845115,0.032387316,0.116069615
AGR_15_fe6d3,0.50295675,0.43793786,0.45834076,0.5119811,0.33186364,0.555759,0.54312336,0.48683727,0.428366,0.43238223,0.4931429,0.30509216,0.4229356,0.47278428,1.0,0.18081278,0.22196096,0.24218386,0.10552192,0.11362016,0.21717578,0.11290616,0.17532504,0.2593221,0.43631697,0.16187203,0.031301558,0.19840819,0.097914934,0.17602932,0.06866974,0.14317775,0.10027897,0.019445956,0.12003523,0.1547715,0.1698007,0.1815474,0.053999126,0.22380376,0.30973518,0.38014013,0.10072285,0.06787044,0.29263425,0.1150381,0.098263144,0.16810405,0.22927988,0.11485541,0.15070438,0.19009972,0.09517181,0.21573651,0.015258431,0.11988896,0.23170096,0.10077059,0.050159097,0.0,0.030668616,0.110881746,0.14868104,0.06724197,0.052433193,0.084807515,0.12785465,0.06347388,0.14341432,0.0,0.0,0.12785465,0.10228133,0.14098924,0.21263969,0.17886293,0.28369164,0.17085099,0.02334708,0.05283481,0.007482767,0.15481925,0.21212703,0.06009245,0.19173884,0.13300443,0.17818332,0.08317351,0.07749128,0.16998982,0.09498882,0.037213027,0.1154626,0.16387695,0.10194874,0.09115034,0.06773794,0.21680391,0.10398984,0.0066775084,0.17913318,0.11969966,0.16237694,0.0067983866,0.19319177,0.008821189,0.12786788,0.24086398,0.18938512,0.13721532,0.14607686,0.14409685,0.21375775,0.1999811,0.19954026,0.15236521
DIS_01_0c5e4,0.22752923,0.10166371,0.17892116,0.0840382,0.21056247,0.19235355,0.1407857,0.10262942,0.13169938,0.15431952,0.19290954,0.078439236,0.09467083,0.06916249,0.18081278,1.0,0.5824247,0.6401522,0.48000872,0.3842224,0.56097305,0.5625589,0.56181216,0.6878686,0.58962524,0.54125345,0.6219766,0.6584836,0.11583382,0.13833511,0.22620487,0.32629615,0.04838741,0.19166934,0.11272353,0.2098391,0.11499256,0.09284741,0.09640604,0.11753601,0.20734262,0.08903915,0.06458372,0.0,0.2315104,0.040967166,0.12231624,0.17757726,0.14714962,0.13258839,0.19824666,0.18603683,0.093982816,0.1819328,0.031995356,0.06764841,0.16925722,0.06253451,0.14221424,0.009812176,0.014320612,0.070510805,0.097652316,0.03162521,0.0,0.031766176,0.12626064,0.13846934,0.2648759,0.07753456,0.066634655,0.12626064,0.13428289,0.043773234,0.06884754,0.04671681,0.11388898,0.041108727,0.0,0.10615438,0.0,0.04509753,0.07569313,0.039744496,0.069227874,0.28490222,0.14651263,0.1653533,0.23332238,0.1572172,0.0,0.021023452,0.04223627,0.17945427,0.036983788,0.0067828298,0.19104338,0.035942793,0.047667265,0.04581487,0.39142412,0.1855402,0.12934572,0.15234983,0.2203595,0.2517867,0.12813157,0.16040254,0.14465916,0.2998035,0.23063713,0.090207815,0.18954206,0.25102526,0.11941069,0.15441477
DIS_02_24fa8,0.16932392,0.028990328,0.17612773,0.12456465,0.11882669,0.16989076,0.18199527,0.11222637,0.12522507,0.11318618,0.20713735,0.06462401,0.06725228,0.07129365,0.22196096,0.5824247,1.0,0.58272433,0.5069988,0.36797804,0.580961,0.5486972,0.4804275,0.5976802,0.6478676,0.59511214,0.47133482,0.64332557,0.12208575,0.1902622,0.16154683,0.25831497,0.09269869,0.1661796,0.18195379,0.16350716,0.15461183,0.136639,0.049269557,0.1812594,0.26812857,0.17361099,0.06534022,0.056346774,0.22321677,0.05255711,0.16769195,0.14628267,0.2856567,0.18764222,0.17223954,0.10536057,0.08553237,0.17514068,0.0600338,0.17510623,0.29990327,0.08128691,0.16563243,0.08221483,0.08461565,0.10595822,0.14844275,0.11708462,0.02465427,0.07044464,0.15134895,0.039560616,0.26297998,0.16079664,0.115133286,0.15134895,0.13888979,0.0,0.117263734,0.10042995,0.19083351,0.048324347,0.0,0.075880826,0.0,0.037829876,0.18021786,0.10814059,0.094944715,0.25308174,0.14436024,0.12270379,0.14145237,0.12534988,0.01903963,0.026228726,0.11784941,0.12601966,0.045592546,0.03377998,0.086972475,0.15560877,0.09999794,0.09688133,0.35482895,0.2871263,0.17050242,0.19424939,0.37432444,0.22272855,0.25285488,0.3361107,0.2418415,0.28739583,0.26797628,0.17765796,0.29743505,0.3373711,0.20928049,0.21512556
DIS_03_28e55,0.20421141,0.29102767,0.21830583,0.17577809,0.22120303,0.24213493,0.18326306,0.2193107,0.20435119,0.29729968,0.19352376,0.13112557,0.08844179,0.11122203,0.24218386,0.6401522,0.58272433,1.0,0.46734393,0.5614792,0.5813484,0.58637047,0.83426476,0.81810683,0.6270909,0.48957407,0.58966285,0.71965706,0.18959844,0.2033053,0.29688394,0.23979968,0.05752945,0.21659404,0.24259424,0.2136749,0.13359427,0.2491588,0.11615646,0.13818026,0.41556966,0.22689295,0.04902178,0.12693214,0.25580966,0.18619412,0.2605998,0.35321456,0.21490616,0.32560724,0.27150917,0.18015182,0.10175848,0.16121346,0.16800112,0.31209356,0.25755954,0.3079443,0.23357832,0.06695664,0.08536261,0.18632805,0.23780537,0.26097983,0.11328089,0.0,0.20765114,0.16811287,0.27267897,0.25650716,0.16558921,0.20765114,0.23495811,0.055663586,0.2237196,0.08121979,0.2538054,0.11733043,0.12731326,0.26392472,0.0,0.092576325,0.14056951,0.07617551,0.28126705,0.44287783,0.22081584,0.20851028,0.30980706,0.2177679,0.17841387,0.15357184,0.1516183,0.32498765,0.18020737,0.17362058,0.31673044,0.2758183,0.13014942,0.13055283,0.46260947,0.12341082,0.27108544,0.19702333,0.22879022,0.20079082,0.17377007,0.20461464,0.099061966,0.28012085,0.1719681,0.20946735,0.24905562,0.3569039,0.23826069,0.32662612
DIS_04_3296a,0.2428782,0.17080736,0.14961743,0.13116223,0.2200386,0.1949935,0.21173024,0.13111371,0.108875036,0.16704881,0.14319724,0.09268594,0.07107502,0.10173249,0.10552192,0.48000872,0.5069988,0.46734393,1.0,0.36804008,0.55818665,0.6510495,0.33186907,0.41766822,0.39471877,0.4736727,0.42780674,0.47515786,0.17285585,0.12773353,0.20048344,0.13157201,0.10944003,0.21648097,0.15666568,0.099018335,0.09691262,0.13923931,0.07576716,0.029099286,0.19655484,0.12169963,0.033197403,0.04524994,0.20856088,0.16607153,0.11108714,0.121620655,0.30239415,0.10783237,0.22597754,0.1485759,0.010760307,0.07427794,0.18476164,0.1655305,0.3462695,0.14075243,0.13881886,0.15371734,0.09498966,0.10948324,0.18635678,0.105709076,0.06716275,0.20154488,0.18751061,0.12846321,0.3870858,0.25113767,0.49671352,0.18751061,0.2110461,0.20398581,0.21189094,0.18747514,0.23208606,0.13903952,0.1359669,0.21999323,0.14418459,0.16924882,0.49672174,0.3442605,0.18583083,0.26002085,0.16708672,0.15072882,0.09894574,0.16548324,0.091600895,0.012827277,0.083111644,0.26990342,0.033011794,0.09107244,0.21799105,0.14678025,0.028559804,0.12555748,0.2774371,0.26056778,0.12790304,0.23993278,0.33810008,0.05119902,0.17144167,0.40963888,0.12581939,0.21238649,0.22394061,0.18457127,0.18355179,0.2253831,0.068647146,0.19429636
DIS_05_4c0e5,0.06284177,0.15895689,0.165227,0.23573542,0.21041924,0.10862148,0.11621034,0.20084107,0.3415265,0.17455375,0.052096188,0.086847186,0.043327868,0.0,0.11362016,0.3842224,0.36797804,0.5614792,0.36804008,1.0,0.5178213,0.40861928,0.5066928,0.5172685,0.4029888,0.3415228,0.34128243,0.47920632,0.38575536,0.29586637,0.4201364,0.16409189,0.20735198,0.36672938,0.31411415,0.2671982,0.2576185,0.3656572,0.20966446,0.096159995,0.35804832,0.26972896,0.17068982,0.14855039,0.17672074,0.204054,0.19424719,0.35066593,0.18332183,0.5724169,0.28215194,0.055351853,0.23359787,0.051053703,0.11807066,0.31176084,0.25865114,0.27489018,0.4002154,0.09625846,0.32972497,0.26529825,0.34920502,0.3821177,0.23324895,0.06590867,0.22603756,0.23758113,0.17447484,0.30266863,0.20571256,0.22603756,0.29860502,0.013398528,0.18898892,0.14930719,0.19195008,0.17493415,0.20511097,0.34266222,0.0,0.11243749,0.1757527,0.089268565,0.30116564,0.4630707,0.24871194,0.19453299,0.35410482,0.19859463,0.26019037,0.17982793,0.25909448,0.30315208,0.23993176,0.26184034,0.3288039,0.3793074,0.15681934,0.1692667,0.43436944,0.10206765,0.26783872,0.15535581,0.13433897,0.18778443,0.10693759,0.1907289,0.16052914,0.21754801,0.16634071,0.30100942,0.23848695,0.34758967,0.2324444,0.30033594
DIS_06_605ba,0.17838824,0.15992904,0.28428668,0.16806257,0.17456985,0.19853413,0.23578596,0.177194,0.18024671,0.22640848,0.25626564,0.12069827,0.19464779,0.04992807,0.21717578,0.56097305,0.580961,0.5813484,0.55818665,0.5178213,1.0,0.5206757,0.46368647,0.57060874,0.522778,0.5078417,0.48574066,0.566533,0.22480214,0.24786246,0.2134819,0.19021475,0.060505867,0.20415717,0.15944397,0.19762814,0.1802311,0.20744342,0.08242631,0.10878801,0.2742995,0.12971938,0.06333274,0.10098386,0.3545637,0.15018356,0.22903752,0.29592127,0.50483835,0.32971102,0.24918675,0.1433273,0.111260295,0.22179526,0.07314819,0.23771572,0.4603122,0.20966566,0.23136556,0.037254333,0.121590614,0.13224578,0.2294079,0.103181005,0.099924445,0.1236102,0.20396423,0.117070496,0.23769867,0.14366615,0.28876412,0.20396423,0.25405777,0.09203482,0.1624977,0.1397407,0.20528805,0.12178379,0.1086964,0.20846844,0.0071783066,0.12116116,0.344338,0.11146456,0.18750799,0.5348536,0.29038608,0.22375333,0.21762735,0.23903084,0.10353559,0.038624167,0.15964156,0.2969424,0.15976971,0.104551256,0.18730837,0.18435317,0.117094874,0.16240221,0.42849553,0.21693057,0.24876308,0.2968204,0.32680428,0.20006067,0.15234804,0.41488373,0.2142613,0.26354623,0.22300172,0.32247317,0.27005327,0.28557986,0.20102352,0.31568658
DIS_07_67eb1,0.20825613,0.02816844,0.09939629,0.10905224,0.06526941,0.11182928,0.12423003,0.05531615,0.12884963,0.081795216,0.1328814,0.0818429,0.007947803,0.0962764,0.11290616,0.5625589,0.5486972,0.58637047,0.6510495,0.40861928,0.5206757,1.0,0.49074233,0.5626979,0.50506353,0.64230853,0.436661,0.5919583,0.15699112,0.13780224,0.16201645,0.2143259,0.12708914,0.08816242,0.106306136,0.1293484,0.11126864,0.16087914,0.03071332,0.11697614,0.17607915,0.14080507,0.06688696,0.049589396,0.17931151,0.12446785,0.13538957,0.18540847,0.17185211,0.12480044,0.16110992,0.10074228,0.01833862,0.16771603,0.05920255,0.19393802,0.18266082,0.12545234,0.21920532,0.06620723,0.016107082,0.12267518,0.12551343,0.13314545,0.033804834,0.04549575,0.11823189,0.0,0.37329328,0.24525666,0.12513185,0.11823189,0.15580666,0.0028936267,0.07292211,0.112926126,0.09417534,0.0,0.0,0.104528725,0.0,0.02229929,0.15461648,0.10374701,0.08182621,0.26781005,0.13892901,0.16532385,0.09553635,0.23083669,0.097934246,0.00072842836,0.10190159,0.16360104,0.036715508,0.06650412,0.09983754,0.07353896,0.10139334,0.0925467,0.32194114,0.2425909,0.17133367,0.09855592,0.35692018,0.12179834,0.28217578,0.14124876,0.10045636,0.10991645,0.31369185,0.15424216,0.24626935,0.22243023,0.19599223,0.20413226
DIS_08_71203,0.131715,0.23275685,0.12360191,0.073541045,0.19365019,0.13816452,0.11663258,0.15107536,0.118344605,0.26526088,0.10249925,0.06863749,0.0385924,0.07775116,0.17532504,0.56181216,0.4804275,0.83426476,0.33186907,0.5066928,0.46368647,0.49074233,1.0,0.8336696,0.5321912,0.4564348,0.58497965,0.65655255,0.19172502,0.16583967,0.33350736,0.15249932,0.07295102,0.21455401,0.1819191,0.1507079,0.072492,0.21414262,0.10814911,0.07641399,0.31314796,0.21104926,0.030661047,0.086761594,0.21442509,0.103400886,0.24062872,0.2633716,0.10521507,0.2774936,0.22109014,0.14145166,0.12160969,0.06989837,0.107642174,0.22451389,0.16906476,0.24758643,0.26903188,0.030358255,0.08813,0.11699653,0.16098845,0.28523833,0.10818207,0.0,0.13005066,0.17216456,0.18914914,0.20108724,0.09103346,0.13005066,0.17096692,0.0,0.16274655,0.016269624,0.18804783,0.08844471,0.055001974,0.20648932,0.0,0.02209413,0.056490064,0.038579643,0.24885178,0.438169,0.28904104,0.23145664,0.3697474,0.23224849,0.21657038,0.101254225,0.14256549,0.31474578,0.20279169,0.15042013,0.34107995,0.24802923,0.17164195,0.061138332,0.43280542,0.12973708,0.23494953,0.16227555,0.16601884,0.2744589,0.2083106,0.1503995,0.118490815,0.2953542,0.20992583,0.1777432,0.28543758,0.2731638,0.23088312,0.37404668
DIS_09_891e7,0.20337528,0.17450899,0.21825057,0.12183237,0.19176757,0.19827646,0.14672023,0.17947853,0.19922656,0.23297942,0.15195465,0.13424456,0.09354544,0.121896386,0.2593221,0.6878686,0.5976802,0.81810683,0.41766822,0.5172685,0.57060874,0.5626979,0.8336696,1.0,0.6352897,0.5460683,0.6170006,0.8205967,0.18417871,0.22205931,0.32635826,0.24392909,0.081802845,0.19115067,0.17358434,0.23545057,0.13392985,0.19637233,0.15590197,0.1440171,0.32191586,0.23006946,0.08012545,0.086618185,0.24686402,0.11156529,0.238513,0.2746408,0.20132613,0.27168506,0.20948291,0.2196275,0.14346135,0.17574841,0.08419037,0.20766437,0.25482965,0.22889686,0.23939312,0.077825546,0.10873407,0.16551453,0.18704414,0.24764395,0.07725954,0.050261855,0.22426003,0.14205861,0.2689228,0.16968036,0.09561807,0.22426003,0.19484627,0.029679239,0.20031118,0.08385891,0.2272048,0.11227608,0.03667748,0.23006845,0.0,0.09874421,0.142546,0.07457304,0.21332765,0.4463092,0.2681393,0.24182451,0.3634205,0.2412833,0.13544542,0.038713336,0.14435756,0.29515243,0.17934269,0.10874653,0.279032,0.22885841,0.13227022,0.08060849,0.488891,0.17471778,0.18231869,0.20319188,0.25250423,0.29948843,0.1906861,0.23555529,0.11724478,0.27878302,0.22737539,0.19906342,0.2582541,0.30200136,0.20437133,0.27055156
DIS_10_9a1d5,0.30751568,0.19530249,0.19151652,0.17932552,0.2400651,0.310499,0.18964404,0.12803483,0.12998164,0.18374223,0.15392113,0.030171514,0.10807526,0.0818665,0.43631697,0.58962524,0.6478676,0.6270909,0.39471877,0.4029888,0.522778,0.50506353,0.5321912,0.6352897,1.0,0.6013773,0.44257218,0.63841796,0.12711114,0.23060101,0.14223844,0.3128898,0.067334294,0.14545429,0.10660356,0.13017195,0.18398398,0.20137799,0.012471199,0.12684965,0.363706,0.35695744,0.037564278,0.01652217,0.32479548,0.17050236,0.14615107,0.23468399,0.21811765,0.20257688,0.35432392,0.099986136,0.11292392,0.18524027,0.039710224,0.15479505,0.27351236,0.119484365,0.13958824,0.0,0.008600473,0.1461016,0.13374305,0.14202666,0.016061246,0.015495777,0.07529569,0.015914202,0.15880555,0.11135399,0.015176773,0.07529569,0.13466334,0.017459154,0.14394718,0.07335061,0.261755,0.11287546,0.0,0.00795728,0.0,0.048560858,0.13850361,0.029481947,0.17670321,0.3651045,0.30305505,0.1815629,0.17905247,0.21202064,0.12659931,0.06848562,0.13654256,0.23336375,0.104058444,0.08655554,0.2729383,0.24835122,0.17605603,0.02981484,0.34370232,0.15586251,0.2488153,0.073106706,0.30464435,0.13220644,0.19518846,0.24356788,0.16830945,0.22957999,0.20847368,0.14212424,0.34599012,0.29699516,0.27796638,0.2585413
DIS_11_b2825,0.17508423,0.0007457137,0.12975383,0.104828954,0.09674317,0.15045565,0.19986248,0.034736335,0.06557453,0.066444755,0.13783807,0.01150912,0.072395384,0.026108503,0.16187203,0.54125345,0.59511214,0.48957407,0.4736727,0.3415228,0.5078417,0.64230853,0.4564348,0.5460683,0.6013773,1.0,0.41486287,0.5894992,0.055481374,0.08048236,0.12371862,0.16793561,0.060537517,0.081053495,0.017919362,0.1323725,0.060744286,0.15859848,0.028476417,0.10892576,0.14548182,0.11351824,0.0029333234,0.09858644,0.22536904,0.017228603,0.13654447,0.10976392,0.17218101,0.17963612,0.108419895,0.073937595,0.09941411,0.14372414,0.0,0.16688323,0.20218885,0.05889362,0.2595502,0.01654476,0.04185015,0.05817169,0.037888527,0.029958367,0.0,0.0011150241,0.021946192,0.018180192,0.21237093,0.1394189,0.05276549,0.021946192,0.052380264,0.10708821,0.087874115,0.08948916,0.1313839,0.036264956,0.0,0.04332918,0.053452432,0.03895396,0.11424941,0.07439673,0.057717383,0.2901777,0.27316868,0.17824715,0.19366646,0.21239811,0.12668157,0.049853206,0.24605668,0.16781217,0.119987726,0.121450305,0.15083069,0.18567312,0.20952523,0.1487087,0.32114416,0.252105,0.16645432,0.10954392,0.39404327,0.2695524,0.41268212,0.21281272,0.19291836,0.22524488,0.35167718,0.16212207,0.30909455,0.20435435,0.1968748,0.2315824
DIS_12_daad3,0.14769799,0.05119908,0.03989327,0.0035569668,0.165331,0.121501565,0.053695083,0.024939597,0.13244647,0.08097297,0.09325701,0.06870592,0.05445975,0.06642574,0.031301558,0.6219766,0.47133482,0.58966285,0.42780674,0.34128243,0.48574066,0.436661,0.58497965,0.6170006,0.44257218,0.41486287,1.0,0.5148921,0.1217283,0.08301526,0.23392189,0.21698022,0.048529208,0.2059251,0.09469497,0.10116601,0.11291343,0.05941701,0.20586777,0.0817045,0.21679085,0.02780968,0.1197477,0.08815026,0.19430184,0.006618023,0.10903245,0.17153549,0.07478613,0.1417014,0.12700891,0.15420848,0.058868706,0.09847963,0.07893753,0.06680024,0.12211716,0.06032294,0.17925817,0.002995491,0.0,0.0,0.053609252,0.023021936,0.0,0.0,0.041957796,0.064046204,0.16065437,0.06326008,0.10319972,0.041957796,0.04462838,0.10937524,0.23186666,0.083061635,0.2873534,0.19533038,0.06934881,0.13362384,0.07860011,0.19943655,0.18645823,0.13016272,0.20007628,0.3277198,0.18847144,0.18226552,0.34452236,0.16184306,0.072885096,0.018652558,0.07608962,0.2447691,0.16411489,0.043854237,0.21330649,0.13224626,0.09131366,0.24620223,0.35784996,0.1561507,0.1036033,0.25694287,0.22074372,0.21431834,0.06830078,0.21411401,0.13632041,0.3229457,0.17257571,0.13678473,0.15143067,0.25859332,0.08387041,0.141918
DIS_13_f7310,0.178375,0.09739691,0.21630996,0.14462233,0.1566633,0.14389503,0.17516679,0.14391226,0.14413351,0.14286041,0.14102083,0.07973075,0.09101719,0.030546129,0.19840819,0.6584836,0.64332557,0.71965706,0.47515786,0.47920632,0.566533,0.5919583,0.65655255,0.8205967,0.63841796,0.5894992,0.5148921,1.0,0.17256278,0.1806513,0.29212344,0.28354055,0.08988136,0.15176302,0.18876839,0.17881376,0.11216736,0.18687177,0.12716925,0.1482634,0.28382492,0.17362171,0.047016025,0.009423554,0.27578908,0.15520352,0.19647491,0.30199063,0.26603281,0.27647007,0.22855026,0.15762156,0.17851114,0.21158147,0.1867199,0.21985888,0.29572713,0.21603072,0.21305108,0.10697377,0.12286186,0.20301086,0.22117865,0.2266503,0.07648629,0.039495707,0.2577632,0.09916586,0.27209556,0.21623766,0.14627206,0.2577632,0.23166788,0.049008965,0.12623811,0.08112687,0.15724939,0.07369733,0.0,0.19826001,0.0,0.055095494,0.1395148,0.077611685,0.14682734,0.36290085,0.19012886,0.16087413,0.2153126,0.15623271,0.060777366,0.016113281,0.075956345,0.19724095,0.04654777,0.06726819,0.2090398,0.13883168,0.081843495,0.07497454,0.47349036,0.19815284,0.2201721,0.1336006,0.33302218,0.23221546,0.1744219,0.29282665,0.14806563,0.20703554,0.19879508,0.22783804,0.26392847,0.23939276,0.2422089,0.26827896
ENE_01_0ce22,0.054499447,0.16673422,0.15352422,0.12299293,0.32607496,0.08957672,0.22480679,0.19916207,0.06537622,0.14190727,0.05011916,0.061068892,0.15875942,0.055674195,0.097914934,0.11583382,0.12208575,0.18959844,0.17285585,0.38575536,0.22480214,0.15699112,0.19172502,0.18417871,0.12711114,0.055481374,0.1217283,0.17256278,1.0,0.53810817,0.5973984,0.35194606,0.31244183,0.6153199,0.5298529,0.2917077,0.45953453,0.5239159,0.3684615,0.35310328,0.48222822,0.3999601,0.4910894,0.1709063,0.30275333,0.2453264,0.17829049,0.3727882,0.25052893,0.33085024,0.18360364,0.12467772,0.20608455,0.09493017,0.20692301,0.18472701,0.33467305,0.2901702,0.22875464,0.030935645,0.25910747,0.21503878,0.23933709,0.1934312,0.34859514,0.06071633,0.15995586,0.23752141,0.1456886,0.07733697,0.26785374,0.15995586,0.26606768,0.023343563,0.15231264,0.3381269,0.17517138,0.2726527,0.21746242,0.26170325,0.0,0.11674577,0.19082606,0.14846557,0.27999127,0.3653195,0.32095504,0.3188039,0.27259207,0.29831833,0.3366871,0.21890104,0.23517084,0.41926473,0.24111295,0.32455623,0.4077692,0.31857777,0.2618097,0.12158233,0.31531572,0.21421713,0.21286398,0.18113923,0.18500412,0.1014753,0.12388229,0.25032377,0.13375825,0.18891633,0.21842605,0.3486265,0.17952925,0.065194726,0.13807225,0.26741362
ENE_02_24d51,0.16280603,0.31300545,0.16335106,0.14492571,0.1289128,0.18486547,0.20803446,0.0740087,0.08018845,0.25989407,0.07605779,0.0811497,0.08604008,0.07769281,0.17602932,0.13833511,0.1902622,0.2033053,0.12773353,0.29586637,0.24786246,0.13780224,0.16583967,0.22205931,0.23060101,0.08048236,0.08301526,0.1806513,0.53810817,1.0,0.4712454,0.35070145,0.38095868,0.38548923,0.4335364,0.38208508,0.48327857,0.6861892,0.3516413,0.40386993,0.5974735,0.51464474,0.5133156,0.21961057,0.18566102,0.22779888,0.1716283,0.20878273,0.22179818,0.29219145,0.18575162,0.11988896,0.22631991,0.16037494,0.040328324,0.23231006,0.34514606,0.21853906,0.2688582,0.0,0.15227127,0.28141493,0.33716536,0.17339265,0.1821,0.12438327,0.27229118,0.13044864,0.19081616,0.07815623,0.231785,0.27229118,0.35436124,0.14417613,0.20490348,0.41536272,0.230452,0.19195318,0.21667445,0.21065706,0.0,0.1958983,0.27499598,0.1278339,0.27145636,0.42425507,0.45969617,0.4950794,0.40063024,0.5373707,0.47900027,0.2800122,0.44614565,0.53492546,0.450976,0.4666586,0.31006485,0.4275384,0.5391883,0.09494144,0.14474124,0.29447353,0.24132007,0.19682091,0.21146727,0.11348534,0.1963799,0.28703022,0.16173238,0.09023595,0.2063067,0.33983803,0.16627705,0.10862714,0.23743087,0.21829039
ENE_03_31059,0.06502366,0.17169261,0.12569797,0.0167194,0.3195598,0.05274433,0.091528356,0.23157644,0.0,0.11857885,0.03262627,0.07292366,0.074071944,0.031089842,0.06866974,0.22620487,0.16154683,0.29688394,0.20048344,0.4201364,0.2134819,0.16201645,0.33350736,0.32635826,0.14223844,0.12371862,0.23392189,0.29212344,0.5973984,0.4712454,1.0,0.2689265,0.40440243,0.58797324,0.4843433,0.18842697,0.4190535,0.48943824,0.48026502,0.2573073,0.4844054,0.33229923,0.46823055,0.14050484,0.24191648,0.21912688,0.09611976,0.32180136,0.0932976,0.28640443,0.22710848,0.09776986,0.29426777,0.028175116,0.10649794,0.15049487,0.1866759,0.20632327,0.15009892,0.046153426,0.25941443,0.30123168,0.2658403,0.2622906,0.25692576,0.093979895,0.23080838,0.28863335,0.21198642,0.15683472,0.26467478,0.23080838,0.29122514,0.061120808,0.2990868,0.16963446,0.26880574,0.40092325,0.21568751,0.31996953,0.0660094,0.20266414,0.16573572,0.19336933,0.43012404,0.3294462,0.23318774,0.18788803,0.3714552,0.16486454,0.22198439,0.15359688,0.11877507,0.3060187,0.2168526,0.20910406,0.373011,0.324732,0.21697724,0.151187,0.38370705,0.12149894,0.13657278,0.32315856,0.1760363,0.12595594,0.123518825,0.21553397,0.11919898,0.28913045,0.17541009,0.2926396,0.14602083,0.107480586,0.081146,0.22309351
ENE_04_3143a,0.34538943,0.10896349,0.04572445,0.14620334,0.22598702,0.21412003,0.1423474,0.014881492,0.1429075,0.06766856,0.027642429,0.08132732,0.09985244,0.07455313,0.14317775,0.32629615,0.25831497,0.23979968,0.13157201,0.16409189,0.19021475,0.2143259,0.15249932,0.24392909,0.3128898,0.16793561,0.21698022,0.28354055,0.35194606,0.35070145,0.2689265,1.0,0.20996815,0.34331262,0.43350387,0.5057204,0.35157144,0.29720992,0.2153548,0.511307,0.35593414,0.28071463,0.41482556,0.0,0.08461118,0.16204494,0.038523257,0.10740888,0.12690592,0.13357729,0.28654397,0.092535496,0.0,0.2050578,0.026710272,0.056711257,0.15726328,0.06994033,0.18720293,0.00073873997,0.0,0.058767796,0.08847928,0.0,0.08692986,0.0,0.16025889,0.06131363,0.23600447,0.0,0.009270906,0.16025889,0.10869354,0.0,0.038378,0.34239805,0.09694785,0.041840553,0.0,0.0,0.0,0.07711619,0.023349404,0.0,0.014827788,0.10273188,0.04233241,0.09119499,0.12539423,0.11203408,0.122888505,0.0,0.1707604,0.12230247,0.021378398,0.13680631,0.13608932,0.09020579,0.11154121,0.042792916,0.087708175,0.14155412,0.0733155,0.098754525,0.14563262,0.04151696,0.11173087,0.070879936,0.13797104,0.059130788,0.13571644,0.15625513,0.12217051,0.08917004,0.0739913,0.065457225
ENE_05_47c10,0.06366944,0.08443719,0.032631874,0.16734761,0.016829014,0.0130780935,0.08500856,0.0042612553,0.032217085,0.025121212,0.048356533,0.04164052,0.0,0.011668384,0.10027897,0.04838741,0.09269869,0.05752945,0.10944003,0.20735198,0.060505867,0.12708914,0.07295102,0.081802845,0.067334294,0.060537517,0.048529208,0.08988136,0.31244183,0.38095868,0.40440243,0.20996815,1.0,0.20862997,0.33993435,0.20703924,0.29360944,0.4838146,0.32560956,0.3324188,0.45177758,0.43023258,0.45161796,0.011771023,0.025381565,0.07649875,0.046572804,0.047168255,0.009213269,0.02830273,0.13264751,0.0023239255,0.052221358,0.0053231716,0.0,0.0774191,0.073191166,0.047548592,0.16662657,0.016421318,0.054303408,0.0034388304,0.06726426,0.04059285,0.0,0.035592973,0.08452374,0.054067373,0.035758555,0.036379695,0.06598866,0.08452374,0.038485885,0.0,0.048924923,0.08287579,0.08940977,0.0,0.0,0.03600341,0.0,0.040581048,0.04896301,0.06425947,0.09679586,0.04441774,0.043302834,0.10451257,0.08136433,0.04458016,0.16130215,0.032494307,0.05929762,0.015993,0.054923356,0.17961407,0.0,0.21999294,0.20019805,0.0,0.006267488,0.10679519,0.041560173,0.004439175,0.13118023,0.0,0.14144349,0.04566735,0.0,0.0,0.04577124,0.08473325,0.045051515,0.03155446,0.080323994,0.0391047
ENE_06_68cc5,0.13607597,0.16797578,0.06216979,0.032461464,0.5862273,0.13239503,0.105466545,0.1695469,0.0,0.12664008,0.0030009747,0.052272618,0.108413994,0.0,0.019445956,0.19166934,0.1661796,0.21659404,0.21648097,0.36672938,0.20415717,0.08816242,0.21455401,0.19115067,0.14545429,0.081053495,0.2059251,0.15176302,0.6153199,0.38548923,0.58797324,0.34331262,0.20862997,1.0,0.44352627,0.24585986,0.3207808,0.38666284,0.3741585,0.21612579,0.363885,0.22518182,0.34961677,0.11858553,0.23448789,0.27012026,0.16395259,0.27706283,0.16903579,0.2759887,0.28797108,0.11534089,0.26334554,0.04819417,0.23587906,0.19366813,0.24803227,0.24780315,0.115321636,0.043865442,0.2536208,0.20558465,0.2151739,0.18621391,0.31963277,0.070174396,0.15297508,0.21929157,0.16545427,0.11344689,0.22119188,0.15297508,0.1993351,0.10366756,0.28969914,0.22107065,0.22299957,0.37661117,0.24819928,0.27826828,0.10178852,0.18034434,0.18164182,0.26575857,0.34687614,0.23486757,0.14457458,0.19800377,0.19647276,0.12186247,0.17239022,0.1259191,0.148417,0.290115,0.13245201,0.16324747,0.56222117,0.2537644,0.11143088,0.1657669,0.3086698,0.18094623,0.13870019,0.3478282,0.1773417,0.07878417,0.13183415,0.22116202,0.13725567,0.37140572,0.14401948,0.3237096,0.17362487,0.14315665,0.0963667,0.17386723
ENE_07_6b773,0.14669311,0.29169,0.24050158,0.17540503,0.24908376,0.18029189,0.21176821,0.2440834,0.111917794,0.26045775,0.1417594,0.14595568,0.13452643,0.08788186,0.12003523,0.11272353,0.18195379,0.24259424,0.15666568,0.31411415,0.15944397,0.106306136,0.1819191,0.17358434,0.10660356,0.017919362,0.09469497,0.18876839,0.5298529,0.4335364,0.4843433,0.43350387,0.33993435,0.44352627,1.0,0.2707898,0.43443424,0.49900985,0.3595369,0.42475575,0.4968397,0.3153056,0.41698718,0.116692126,0.1391136,0.24055755,0.18097717,0.2189027,0.20863503,0.30015028,0.26685113,0.06463623,0.13784236,0.08568978,0.15743,0.255157,0.25763124,0.36477137,0.17715204,0.041714907,0.306894,0.2159586,0.28665292,0.16535664,0.28019232,0.09170747,0.27775615,0.22031063,0.17593074,0.1565156,0.2937895,0.27775615,0.34786785,0.048292875,0.23049152,0.3028326,0.2618705,0.25325,0.3933525,0.37605822,0.04054761,0.1703422,0.2169857,0.16649938,0.3469603,0.27292067,0.20241642,0.18607831,0.2634884,0.18281138,0.30773944,0.2816953,0.28485662,0.3071273,0.18074,0.29567635,0.2524144,0.33725977,0.16026694,0.06870103,0.19720125,0.11085975,0.22652757,0.22975361,0.1535182,0.057199538,0.06782031,0.1690175,0.15481609,0.14016086,0.1003142,0.29994947,0.122738004,0.11397624,0.11108565,0.279454
ENE_08_76dd7,0.19554347,0.08616084,0.07477248,0.2210688,0.109619975,0.16979873,0.11924857,0.0,0.2023344,0.12480062,0.06822878,0.00886327,0.05194068,0.08855307,0.1547715,0.2098391,0.16350716,0.2136749,0.099018335,0.2671982,0.19762814,0.1293484,0.1507079,0.23545057,0.13017195,0.1323725,0.10116601,0.17881376,0.2917077,0.38208508,0.18842697,0.5057204,0.20703924,0.24585986,0.2707898,1.0,0.2646644,0.30647826,0.26693624,0.5158294,0.2695639,0.25290447,0.32282704,0.12949193,0.068535924,0.15854806,0.1524902,0.12753499,0.16742831,0.29239404,0.09961629,0.1612711,0.038039207,0.22517496,0.07080108,0.12429297,0.23480654,0.13762766,0.38898015,0.0,0.0502041,0.09606671,0.122101784,0.004815221,0.05158651,0.0,0.18006456,0.047074974,0.14139318,0.017327309,0.07198465,0.18006456,0.12433028,0.0,0.07791901,0.431812,0.10247934,0.053281784,0.07685739,0.109555244,0.0,0.12696564,0.08688724,0.02039051,0.040789485,0.16957784,0.11752123,0.1572876,0.20810604,0.20293665,0.2046541,0.054799676,0.34531254,0.20744872,0.15691668,0.21189034,0.12621307,0.15836084,0.17145562,0.11841416,0.0721665,0.16810161,0.08580804,0.07877123,0.10930377,0.06514603,0.1573149,0.06255424,0.13249505,0.09814632,0.15696883,0.23233181,0.10095191,0.096141934,0.05772543,0.09349567
ENE_09_82f47,0.09355521,0.143404,0.091793776,0.053201973,0.10820782,0.20052475,0.099203765,0.10908902,0.09294301,0.15262121,0.029625177,0.17820746,0.049946904,0.15580904,0.1698007,0.11499256,0.15461183,0.13359427,0.09691262,0.2576185,0.1802311,0.11126864,0.072492,0.13392985,0.18398398,0.060744286,0.11291343,0.11216736,0.45953453,0.48327857,0.4190535,0.35157144,0.29360944,0.3207808,0.43443424,0.2646644,1.0,0.46625412,0.4389677,0.4409948,0.50775075,0.362342,0.54547673,0.23330134,0.19384778,0.21144831,0.118994,0.22544587,0.15145183,0.11476642,0.13233638,0.14163715,0.117913425,0.1672945,0.061858833,0.17923516,0.2173053,0.19458663,0.13929695,0.028864384,0.16188228,0.2122311,0.30324566,0.23623228,0.25474244,0.10152978,0.2087462,0.15322387,0.19178396,0.15613043,0.1408298,0.2087462,0.21934211,0.051689208,0.21872509,0.2582764,0.300215,0.22639346,0.2687453,0.16505593,0.0,0.19719976,0.1917032,0.0016571283,0.31959748,0.22090721,0.23981076,0.1125949,0.36167789,0.22674155,0.22543162,0.099767685,0.23352951,0.2972675,0.23082042,0.20654476,0.13842922,0.32197988,0.18606073,0.2144242,0.19788563,0.11286539,0.15108758,0.15138572,0.21157897,0.08879578,0.09709132,0.12327254,0.18509924,0.12591249,0.20777577,0.25950193,0.118217826,0.15621138,0.08284044,0.15480167
ENE_10_a6418,0.14522028,0.33706784,0.17008984,0.22168201,0.11359817,0.14931107,0.20862782,0.12086904,0.10407859,0.25125563,0.051424086,0.109197795,0.060706496,0.06501806,0.1815474,0.09284741,0.136639,0.2491588,0.13923931,0.3656572,0.20744342,0.16087914,0.21414262,0.19637233,0.20137799,0.15859848,0.05941701,0.18687177,0.5239159,0.6861892,0.48943824,0.29720992,0.4838146,0.38666284,0.49900985,0.30647826,0.46625412,1.0,0.30188012,0.43112922,0.6793299,0.54321426,0.45959276,0.18145579,0.19719732,0.22545081,0.12391847,0.23683214,0.1771347,0.29570138,0.22041309,0.040047467,0.19223034,0.09531623,0.07924217,0.37995237,0.2646525,0.24466622,0.30287683,0.022458434,0.17382193,0.1869443,0.27907717,0.20405662,0.23508143,0.10757601,0.26270896,0.16653699,0.15671802,0.25509596,0.21468294,0.26270896,0.30918568,0.101910114,0.24994028,0.4012242,0.2454912,0.16148978,0.22151178,0.21882772,0.055066288,0.14213014,0.19898629,0.10785717,0.46254325,0.39839792,0.33159196,0.34990793,0.32655406,0.41500902,0.6626646,0.33556068,0.42195582,0.4161595,0.3403616,0.53971297,0.29465795,0.4781199,0.5256551,0.05065322,0.17046255,0.14512229,0.362967,0.17143422,0.16525531,0.042714834,0.2652189,0.19118613,0.12864423,0.11698365,0.11660981,0.26738447,0.1861791,0.109654665,0.24973935,0.27062207
ENE_11_b6eb2,0.068003416,0.08697742,0.11420703,0.04960692,0.13699794,0.06324446,0.035709083,0.06813222,0.12654555,0.047008395,0.0,0.16765076,0.052794397,0.004597366,0.053999126,0.09640604,0.049269557,0.11615646,0.07576716,0.20966446,0.08242631,0.03071332,0.10814911,0.15590197,0.012471199,0.028476417,0.20586777,0.12716925,0.3684615,0.3516413,0.48026502,0.2153548,0.32560956,0.3741585,0.3595369,0.26693624,0.4389677,0.30188012,1.0,0.27332115,0.40021926,0.2297672,0.58514935,0.19171274,0.065259635,0.092214346,0.056618154,0.10618895,0.037353694,0.11730182,0.0041198134,0.122434795,0.092917144,0.08026183,0.03671497,0.14446723,0.10531503,0.10285187,0.10541856,0.05980909,0.2313993,0.23876226,0.2259795,0.16005856,0.18491429,0.034720123,0.24600422,0.13991833,0.16635096,0.14063215,0.17747259,0.24600422,0.19733989,0.113669395,0.25542408,0.2385838,0.2723897,0.2289353,0.14653796,0.22282076,0.030902207,0.26891476,0.11421442,0.086988926,0.25968152,0.10594463,0.08063966,0.077872574,0.34762704,0.14111966,0.2121923,0.045913577,0.21803963,0.21172369,0.22799587,0.24271423,0.11521429,0.30338407,0.17729914,0.23866099,0.17776036,0.087923706,0.056209028,0.15769911,0.14842308,0.12055099,0.07092303,0.09585345,0.081459105,0.11584067,0.080097616,0.2723807,0.036084533,0.103321314,0.0,0.04167366
ENE_12_bf662,0.27518594,0.12864888,0.10960072,0.24139476,0.11320752,0.19973624,0.1969012,0.074682,0.18508124,0.123085976,0.15167892,0.048944592,0.10501367,0.1472286,0.22380376,0.11753601,0.1812594,0.13818026,0.029099286,0.096159995,0.10878801,0.11697614,0.07641399,0.1440171,0.12684965,0.10892576,0.0817045,0.1482634,0.35310328,0.40386993,0.2573073,0.511307,0.3324188,0.21612579,0.42475575,0.5158294,0.4409948,0.43112922,0.27332115,1.0,0.440907,0.40180182,0.48807764,0.18471038,0.10889262,0.10164958,0.09451079,0.110473394,0.05512768,0.18187928,0.079072356,0.091622055,0.053047717,0.23095322,0.06446791,0.11061722,0.116028905,0.118456244,0.28566563,0.0,0.024508536,0.02596122,0.069925964,0.0,0.052618086,0.027253091,0.14017224,0.0056667924,0.16919994,0.0,0.0,0.14017224,0.08537054,4.643202e-05,0.13859332,0.42207807,0.13160121,0.094778776,0.06903684,0.05683154,0.0,0.12571251,0.013284445,0.03074491,0.084855795,0.123113394,0.15021122,0.09833467,0.10438794,0.23490906,0.26907563,0.24805903,0.26127553,0.14188534,0.15800822,0.20436907,0.065903544,0.15978229,0.3125648,0.0926978,0.046091557,0.19983703,0.08958042,0.06818241,0.16874373,0.061247587,0.23420942,0.03391081,0.13313586,0.08434057,0.19406092,0.16500264,0.1322993,0.09344298,0.04655236,0.096465826
ENE_13_d269b,0.19958723,0.34594154,0.14771223,0.26528263,0.15269196,0.19854712,0.22659838,0.12644678,0.14098227,0.22095567,0.07268405,0.08464438,0.06736064,0.06097752,0.30973518,0.20734262,0.26812857,0.41556966,0.19655484,0.35804832,0.2742995,0.17607915,0.31314796,0.32191586,0.363706,0.14548182,0.21679085,0.28382492,0.48222822,0.5974735,0.4844054,0.35593414,0.45177758,0.363885,0.4968397,0.2695639,0.50775075,0.6793299,0.40021926,0.440907,1.0,0.5971771,0.43080735,0.15305495,0.18229997,0.13082361,0.100251734,0.2212506,0.13474065,0.24775314,0.14496642,0.05886519,0.13102186,0.09344351,0.0877409,0.3129624,0.22536731,0.17587578,0.28655803,0.087590456,0.1479938,0.15006804,0.22812998,0.16342986,0.16340947,0.077964425,0.20569408,0.099034786,0.16553503,0.16902721,0.24040431,0.20569408,0.24100518,0.13706338,0.42396426,0.3251996,0.5535703,0.19641864,0.22425997,0.1855591,0.10835743,0.1849128,0.17098397,0.114405096,0.51001227,0.38588542,0.3201838,0.32445747,0.35815918,0.37213433,0.43233776,0.3227089,0.30662417,0.3964694,0.30801475,0.44404566,0.26873553,0.6662597,0.3718046,0.07057774,0.20040315,0.11439043,0.22094113,0.14931118,0.20405579,0.06327158,0.13392669,0.16110122,0.065464914,0.13827085,0.1250658,0.19879806,0.09737295,0.22241026,0.20411754,0.16496348
ENE_14_dc481,0.14938694,0.10102689,0.06450671,0.22064781,0.0,0.124334276,0.13531816,0.030141473,0.14295137,0.06255227,0.053209543,0.02303338,0.06518924,0.0304752,0.38014013,0.08903915,0.17361099,0.22689295,0.12169963,0.26972896,0.12971938,0.14080507,0.21104926,0.23006946,0.35695744,0.11351824,0.02780968,0.17362171,0.3999601,0.51464474,0.33229923,0.28071463,0.43023258,0.22518182,0.3153056,0.25290447,0.362342,0.54321426,0.2297672,0.40180182,0.5971771,1.0,0.391751,0.116098166,0.10920137,0.04460162,0.112436175,0.1001457,0.051056325,0.23521101,0.05640781,0.0,0.057715893,0.037762165,0.0,0.119721234,0.13384414,0.09852445,0.2108264,0.0,0.06615573,0.09318179,0.09527916,0.119276404,0.116722405,0.0074014068,0.0636664,0.07984167,0.09540683,0.025289237,0.06293374,0.0636664,0.11223161,0.028422534,0.20365262,0.3619308,0.26996362,0.07287407,0.08016729,0.06188363,0.042173862,0.0003556013,0.13216782,0.06275797,0.2180903,0.30466354,0.3324167,0.20116669,0.15831119,0.31156158,0.33544368,0.18703878,0.24325478,0.2428273,0.19906282,0.32045382,0.13200718,0.461946,0.36168367,0.027576208,0.12754923,0.14842749,0.16951632,0.0,0.17677462,0.0,0.18265998,0.15037036,0.055502772,0.025187135,0.09853411,0.13764882,0.27694225,0.09327239,0.18568385,0.13613391
ENE_15_f6fae,0.12196106,0.051979005,0.054722548,0.07230592,0.04532957,0.07789576,0.03996122,0.03989595,0.09844643,0.06171429,0.027953982,0.13552529,0.07751882,0.09873003,0.10072285,0.06458372,0.06534022,0.04902178,0.033197403,0.17068982,0.06333274,0.06688696,0.030661047,0.08012545,0.037564278,0.0029333234,0.1197477,0.047016025,0.4910894,0.5133156,0.46823055,0.41482556,0.45161796,0.34961677,0.41698718,0.32282704,0.54547673,0.45959276,0.58514935,0.48807764,0.43080735,0.391751,1.0,0.3227657,0.0962615,0.20252323,0.16977865,0.13871789,0.048080027,0.15858471,0.06246555,0.12285733,0.09533167,0.13463175,0.06285709,0.17348719,0.15112561,0.19722468,0.15013325,0.053945184,0.07820189,0.1823467,0.19063151,0.10564256,0.18914258,0.03004533,0.16249776,0.083149195,0.1643691,0.030917406,0.08104563,0.16249776,0.14666325,0.024808764,0.2096597,0.37697977,0.18744254,0.16388148,0.0997805,0.11061859,0.0,0.34043396,0.05549097,0.049656093,0.16850948,0.10498917,0.1445067,0.19153666,0.24128741,0.23015225,0.30953956,0.091236115,0.33048403,0.24677747,0.3742113,0.2831655,0.06423563,0.23742378,0.3142687,0.29901338,0.105902255,0.13236004,0.048805714,0.1076051,0.17302322,0.008554697,0.15934265,0.048370898,0.15671384,0.04126513,0.13501906,0.28633118,0.0824942,0.10911161,0.052596092,0.043323934
ENV_01_0cfd4,0.097519755,0.13806474,0.19196159,0.13810039,0.102253616,0.1953972,0.01986432,0.1552493,0.11882287,0.19300753,0.123851,0.23604965,0.07645863,0.23704076,0.06787044,0.0,0.056346774,0.12693214,0.04524994,0.14855039,0.10098386,0.049589396,0.086761594,0.086618185,0.01652217,0.09858644,0.08815026,0.009423554,0.1709063,0.21961057,0.14050484,0.0,0.011771023,0.11858553,0.116692126,0.12949193,0.23330134,0.18145579,0.19171274,0.18471038,0.15305495,0.116098166,0.3227657,1.0,0.2186935,0.48441398,0.473585,0.25083983,0.22374392,0.35206246,0.17671287,0.38972676,0.38632834,0.3643222,0.22336066,0.60056704,0.4094466,0.5144703,0.37732506,0.25840533,0.22116297,0.1910584,0.23325652,0.14205271,0.18373424,0.07452536,0.20964313,0.15283376,0.23916739,0.07827985,0.20227689,0.20964313,0.20346272,0.1505881,0.26846224,0.25988144,0.13011897,0.18021524,0.12394369,0.25641292,0.024083793,0.32413638,0.13031304,0.08201915,0.12195724,0.27016664,0.3479061,0.32594073,0.31458902,0.40647614,0.30864805,0.29150164,0.44326532,0.45893145,0.75363696,0.35093194,0.26936352,0.3143885,0.33048046,0.6553924,0.14777094,0.05514294,0.09587163,0.19511473,0.07135838,0.14294791,0.10876018,0.046141684,0.12983847,0.12400985,0.18311119,0.35602427,0.1485753,0.16656446,0.032568157,0.17822486
ENV_02_0f9b0,0.19202101,0.26842725,0.26151317,0.17509675,0.3314479,0.33440578,0.3624496,0.30126297,0.0259583,0.34808785,0.4046389,0.065675676,0.18543696,0.20727634,0.29263425,0.2315104,0.22321677,0.25580966,0.20856088,0.17672074,0.3545637,0.17931151,0.21442509,0.24686402,0.32479548,0.22536904,0.19430184,0.27578908,0.30275333,0.18566102,0.24191648,0.08461118,0.025381565,0.23448789,0.1391136,0.068535924,0.19384778,0.19719732,0.065259635,0.10889262,0.18229997,0.10920137,0.0962615,0.2186935,1.0,0.27681082,0.34192353,0.54375774,0.4815877,0.3151995,0.32376927,0.28587866,0.4452057,0.42378336,0.23952317,0.24980915,0.47367257,0.3361131,0.14118278,0.009405255,0.09512138,0.142497,0.14345193,0.060012102,0.14395213,0.020906568,0.07731122,0.13230002,0.096728384,0.006100774,0.14563417,0.07731122,0.15147853,0.13679522,0.10071015,0.17108417,0.18928719,0.37762034,0.13124007,0.053628385,0.03087306,0.12655234,0.20883948,0.12876356,0.17857784,0.18948281,0.3281073,0.12689006,0.107919455,0.25283337,0.15329552,0.11888832,0.09172273,0.34594357,0.18540859,0.10386765,0.27497262,0.13711774,0.19626415,0.115748405,0.27619386,0.078053,0.1893735,0.23214948,0.16822958,0.06002891,0.111210525,0.24727112,0.12520313,0.3537947,0.16202796,0.28837729,0.1924609,0.11574435,0.15401769,0.26442796
ENV_03_2f819,0.25857002,0.3789801,0.28880113,0.20285773,0.36829388,0.30781806,0.08127612,0.2842183,0.08395076,0.3628407,0.11885387,0.21060371,0.12298375,0.31371754,0.1150381,0.040967166,0.05255711,0.18619412,0.16607153,0.204054,0.15018356,0.12446785,0.103400886,0.11156529,0.17050236,0.017228603,0.006618023,0.15520352,0.2453264,0.22779888,0.21912688,0.16204494,0.07649875,0.27012026,0.24055755,0.15854806,0.21144831,0.22545081,0.092214346,0.10164958,0.13082361,0.04460162,0.20252323,0.48441398,0.27681082,1.0,0.40218985,0.43646705,0.3742683,0.2691924,0.62370753,0.5419336,0.261374,0.37435472,0.52782357,0.53429055,0.58013487,0.6249457,0.23409247,0.1401518,0.14276439,0.23944461,0.27859795,0.17819417,0.1633414,0.11229724,0.23945165,0.104248285,0.18465853,0.071074784,0.19811004,0.23945165,0.24382377,0.0,0.14617276,0.12751818,0.02655679,0.15302444,0.16001046,0.253924,0.0,0.24327886,0.17209649,0.116778314,0.14408839,0.167288,0.111466765,0.1309303,0.075176954,0.11919677,0.13075566,0.05751151,0.09648943,0.3793025,0.27879894,0.119916975,0.36513418,0.07813114,0.040814877,0.29375064,0.19252062,0.0377869,0.22449398,0.19690394,0.108727574,0.0,0.06253773,0.17566305,0.09927243,0.11207652,0.10101372,0.4419371,0.19101757,0.17226028,0.15778798,0.3420502
ENV_04_46549,0.12354612,0.16413796,0.25396842,0.15700197,0.13393438,0.16742003,0.13491774,0.13751256,0.08385682,0.2918759,0.3633461,0.13630015,0.14090383,0.12659025,0.098263144,0.12231624,0.16769195,0.2605998,0.11108714,0.19424719,0.22903752,0.13538957,0.24062872,0.238513,0.14615107,0.13654447,0.10903245,0.19647491,0.17829049,0.1716283,0.09611976,0.038523257,0.046572804,0.16395259,0.18097717,0.1524902,0.118994,0.12391847,0.056618154,0.09451079,0.100251734,0.112436175,0.16977865,0.473585,0.34192353,0.40218985,1.0,0.3435759,0.3878225,0.34744275,0.2753489,0.3290243,0.32152152,0.36722863,0.29034078,0.48282373,0.5429637,0.79655844,0.30912727,0.039087832,0.15017319,0.05369878,0.14146411,0.045135856,0.11890823,0.0,0.098433554,0.0,0.11312342,0.0,0.11670655,0.098433554,0.09840608,0.073309064,0.11574781,0.21927208,0.0894565,0.16209382,0.14068663,0.18805367,0.014336348,0.13596517,0.16988754,0.15558386,0.06700599,0.21385586,0.24840707,0.17982996,0.12599742,0.2651825,0.15123624,0.086131096,0.25333917,0.2997098,0.3494661,0.14601111,0.19188458,0.12622523,0.10934031,0.32584476,0.20274085,0.18107545,0.17892838,0.20637488,0.1572997,0.11614317,0.15577745,0.16971976,0.118291795,0.178051,0.22502333,0.42202032,0.26742995,0.25078142,0.18249017,0.3026328
ENV_05_4e2b7,0.103524804,0.25698316,0.33341467,0.15567374,0.28740948,0.20240557,0.26909733,0.30596232,0.0635255,0.36658764,0.34868932,0.1394617,0.20073557,0.14875448,0.16810405,0.17757726,0.14628267,0.35321456,0.121620655,0.35066593,0.29592127,0.18540847,0.2633716,0.2746408,0.23468399,0.10976392,0.17153549,0.30199063,0.3727882,0.20878273,0.32180136,0.10740888,0.047168255,0.27706283,0.2189027,0.12753499,0.22544587,0.23683214,0.10618895,0.110473394,0.2212506,0.1001457,0.13871789,0.25083983,0.54375774,0.43646705,0.3435759,1.0,0.50959194,0.38405037,0.36945754,0.3375973,0.41821754,0.44287217,0.32720983,0.3756578,0.42106193,0.4449106,0.18908876,0.03391856,0.16013175,0.24827075,0.23279774,0.15733093,0.21660209,0.066434324,0.16975892,0.08140099,0.09985292,0.096953034,0.13531065,0.16975892,0.28132868,0.07057011,0.12381047,0.064840555,0.1148026,0.2697456,0.10901201,0.12060547,0.0,0.12820023,0.15363836,0.08388579,0.21943462,0.18704963,0.22658181,0.12447053,0.120185554,0.1536982,0.12599492,0.0767771,0.046730638,0.25274408,0.16609639,0.12146914,0.25572276,0.10527122,0.05269903,0.19195682,0.30064577,0.06851572,0.27293742,0.18461382,0.15062231,0.06354886,0.029806972,0.2194581,0.121029854,0.2465846,0.113749504,0.33592498,0.1834526,0.18990391,0.22308373,0.3364697
ENV_06_5bd1c,0.15692317,0.22071135,0.44499964,0.21293223,0.19799727,0.20547509,0.35961848,0.22187078,0.09216881,0.30746734,0.38263965,0.29701328,0.23426402,0.12330073,0.22927988,0.14714962,0.2856567,0.21490616,0.30239415,0.18332183,0.50483835,0.17185211,0.10521507,0.20132613,0.21811765,0.17218101,0.07478613,0.26603281,0.25052893,0.22179818,0.0932976,0.12690592,0.009213269,0.16903579,0.20863503,0.16742831,0.15145183,0.1771347,0.037353694,0.05512768,0.13474065,0.051056325,0.048080027,0.22374392,0.4815877,0.3742683,0.3878225,0.50959194,1.0,0.28945696,0.34598422,0.29928315,0.2968979,0.5084631,0.27564543,0.3653239,0.6906833,0.44740325,0.19211066,0.040152073,0.10082382,0.1797871,0.26228678,0.06614411,0.09488052,0.15522462,0.23892081,0.12722152,0.13664722,0.07990813,0.35558015,0.23892081,0.29008383,0.14597082,0.097343266,0.21124834,0.11003655,0.16417009,0.14749563,0.20553255,0.017924845,0.1326868,0.38351107,0.12114048,0.08859193,0.22651881,0.26904702,0.19628102,0.09980321,0.22527838,0.12504959,0.05893612,0.15960205,0.3105501,0.150208,0.12949598,0.12052852,0.079463065,0.09401828,0.20732868,0.2824155,0.23019123,0.29838085,0.34270525,0.33118182,0.22400576,0.17328703,0.49674165,0.28980863,0.21928823,0.26335084,0.42743683,0.26250327,0.24904317,0.2454921,0.40976226
ENV_07_6070a,0.07201797,0.20067495,0.20970154,0.27677542,0.18154645,0.1885593,0.17026353,0.20196152,0.28688174,0.25499284,0.18124402,0.04997778,0.11498803,0.028937519,0.11485541,0.13258839,0.18764222,0.32560724,0.10783237,0.5724169,0.32971102,0.12480044,0.2774936,0.27168506,0.20257688,0.17963612,0.1417014,0.27647007,0.33085024,0.29219145,0.28640443,0.13357729,0.02830273,0.2759887,0.30015028,0.29239404,0.11476642,0.29570138,0.11730182,0.18187928,0.24775314,0.23521101,0.15858471,0.35206246,0.3151995,0.2691924,0.34744275,0.38405037,0.28945696,1.0,0.18271464,0.14401925,0.43649817,0.1832971,0.16322386,0.42617285,0.34899974,0.41867447,0.49393702,0.09015298,0.2587189,0.18110317,0.20765066,0.16857445,0.1773879,0.0,0.14347231,0.16471338,0.10081619,0.11551225,0.17419732,0.14347231,0.26341605,0.10111678,0.15709913,0.18941927,0.11042458,0.23542678,0.15275192,0.26489288,0.010994673,0.11091763,0.10908741,0.13566494,0.2029013,0.3846432,0.3614229,0.2913633,0.29194534,0.29285848,0.31379235,0.33088744,0.36080092,0.36908638,0.41832572,0.32829356,0.36493164,0.35296464,0.28844166,0.23846716,0.2638048,0.0678345,0.25019693,0.19355154,0.113954306,0.19871795,0.14017272,0.18410492,0.22080123,0.27483058,0.16676182,0.39663202,0.22840941,0.31268883,0.23997879,0.34783912
ENV_08_6c0c3,0.32983053,0.41282594,0.23673838,0.11875385,0.4370867,0.33914053,0.17656785,0.2070781,0.032508492,0.34451103,0.19172543,0.10233623,0.102977574,0.22268915,0.15070438,0.19824666,0.17223954,0.27150917,0.22597754,0.28215194,0.24918675,0.16110992,0.22109014,0.20948291,0.35432392,0.108419895,0.12700891,0.22855026,0.18360364,0.18575162,0.22710848,0.28654397,0.13264751,0.28797108,0.26685113,0.09961629,0.13233638,0.22041309,0.0041198134,0.079072356,0.14496642,0.05640781,0.06246555,0.17671287,0.32376927,0.62370753,0.2753489,0.36945754,0.34598422,0.18271464,1.0,0.29575288,0.24099272,0.28943932,0.37388897,0.3498118,0.4129411,0.42468917,0.1327486,0.02944845,0.07711393,0.13753009,0.25783175,0.21038532,0.11322594,0.08124554,0.15689367,0.16607738,0.11643964,0.081113935,0.12998211,0.15689367,0.23545706,0.0,0.13384616,0.078523755,0.0584327,0.13828611,0.18077213,0.2105053,0.0,0.13834667,0.1982202,0.13667107,0.14951777,0.15028262,0.10152328,0.062152326,0.12115669,0.07395667,0.09700239,0.0051606297,0.023577273,0.22894865,0.09045446,0.03715962,0.29798234,0.039638758,0.01791042,0.100017965,0.19209683,0.08775425,0.2498638,0.26111126,0.09020811,0.052883446,0.0478158,0.20787251,0.1180473,0.16788816,0.125911,0.30841398,0.20955521,0.18193746,0.18466294,0.32950026
ENV_09_80007,0.24671614,0.3771649,0.3861735,0.18087381,0.2889291,0.43643022,0.1613369,0.33459526,0.14709991,0.49103558,0.22608262,0.2955578,0.25935125,0.55237556,0.19009972,0.18603683,0.10536057,0.18015182,0.1485759,0.055351853,0.1433273,0.10074228,0.14145166,0.2196275,0.099986136,0.073937595,0.15420848,0.15762156,0.12467772,0.11988896,0.09776986,0.092535496,0.0023239255,0.11534089,0.06463623,0.1612711,0.14163715,0.040047467,0.122434795,0.091622055,0.05886519,0.0,0.12285733,0.38972676,0.28587866,0.5419336,0.3290243,0.3375973,0.29928315,0.14401925,0.29575288,1.0,0.2156238,0.42747307,0.41185635,0.3939221,0.5098717,0.40870357,0.21500862,0.15913033,0.07191187,0.13474035,0.09996456,0.0,0.0,0.0,0.1126107,0.0658893,0.13440096,0.0,0.09820682,0.1126107,0.08597398,0.045015454,0.12890267,0.1570335,0.07026106,0.11839026,0.0411312,0.15624666,0.0,0.22082806,0.17010468,0.056610584,0.062681735,0.047462523,0.06744528,0.08875811,0.11832863,0.12990093,0.0,0.0,0.036382675,0.31350738,0.20089155,0.02166289,0.09647632,0.0,0.0,0.24714005,0.19847113,0.106001735,0.11346716,0.27032667,0.08946478,0.12298584,0.07709569,0.1754697,0.12640822,0.1648472,0.1630398,0.359841,0.14081788,0.18127352,0.046788752,0.17503476
ENV_10_8f360,0.0647282,0.17766428,0.17545176,0.06521213,0.22935963,0.13179791,0.21122968,0.2025646,0.004186511,0.23224914,0.19972533,0.0355016,0.099751115,0.09631151,0.09517181,0.093982816,0.08553237,0.10175848,0.010760307,0.23359787,0.111260295,0.01833862,0.12160969,0.14346135,0.11292392,0.09941411,0.058868706,0.17851114,0.20608455,0.22631991,0.29426777,0.0,0.052221358,0.26334554,0.13784236,0.038039207,0.117913425,0.19223034,0.092917144,0.053047717,0.13102186,0.057715893,0.09533167,0.38632834,0.4452057,0.261374,0.32152152,0.41821754,0.2968979,0.43649817,0.24099272,0.2156238,1.0,0.23234975,0.14588624,0.36853445,0.33842367,0.35681534,0.16455257,0.073495865,0.3221596,0.20958376,0.27479595,0.1991539,0.22208339,0.065911055,0.17104805,0.2365632,0.09983277,0.15215611,0.15648115,0.17104805,0.2515086,0.18464142,0.20204055,0.07885516,0.16376811,0.4131142,0.13399601,0.2187928,0.109237134,0.20033908,0.14832354,0.1509037,0.21897542,0.15172988,0.32797468,0.2165258,0.18998498,0.22442448,0.14588928,0.2624588,0.18339145,0.27820432,0.3349799,0.17726338,0.2783656,0.19233084,0.23008746,0.21305794,0.2549656,0.042310536,0.15943688,0.19952208,0.054126263,0.20425177,0.053406894,0.14059722,0.1335321,0.34268945,0.12752742,0.25137293,0.17560267,0.07184392,0.17827106,0.21375597
ENV_11_97928,0.21777385,0.104251504,0.35533392,0.21931946,0.0916329,0.23805285,0.19025981,0.16367114,0.15460616,0.21378177,0.40759718,0.27814823,0.26087457,0.28435016,0.21573651,0.1819328,0.17514068,0.16121346,0.07427794,0.051053703,0.22179526,0.16771603,0.06989837,0.17574841,0.18524027,0.14372414,0.09847963,0.21158147,0.09493017,0.16037494,0.028175116,0.2050578,0.0053231716,0.04819417,0.08568978,0.22517496,0.1672945,0.09531623,0.08026183,0.23095322,0.09344351,0.037762165,0.13463175,0.3643222,0.42378336,0.37435472,0.36722863,0.44287217,0.5084631,0.1832971,0.28943932,0.42747307,0.23234975,1.0,0.23046279,0.31074178,0.36802828,0.30342317,0.26013708,0.06855893,0.04373449,0.1417582,0.15092552,0.026851058,0.014212787,0.015964866,0.20579207,0.0,0.263301,0.033319235,0.025575757,0.20579207,0.11802971,0.023145914,0.028786361,0.18411505,0.020965755,0.057550073,0.0,0.0089072585,0.0,0.14759713,0.08558744,0.059595704,0.0,0.095090866,0.12052035,0.125305,0.024735212,0.20693225,0.06893599,0.0,0.12656528,0.15870428,0.16649437,0.08060229,0.0029007196,0.0053599477,0.07995701,0.20701045,0.10820073,0.086482644,0.07306236,0.112944245,0.15317416,0.08628869,0.06725693,0.043833673,0.058715582,0.031523705,0.17759258,0.20865512,0.10324192,0.08301079,0.053753197,0.105944514
ENV_12_d933a,0.054400742,0.23197305,0.16447598,0.14387727,0.24795753,0.13477778,0.14794242,0.15890533,0.014250159,0.27066016,0.10020399,0.052384615,0.06830001,0.20218462,0.015258431,0.031995356,0.0600338,0.16800112,0.18476164,0.11807066,0.07314819,0.05920255,0.107642174,0.08419037,0.039710224,0.0,0.07893753,0.1867199,0.20692301,0.040328324,0.10649794,0.026710272,0.0,0.23587906,0.15743,0.07080108,0.061858833,0.07924217,0.03671497,0.06446791,0.0877409,0.0,0.06285709,0.22336066,0.23952317,0.52782357,0.29034078,0.32720983,0.27564543,0.16322386,0.37388897,0.41185635,0.14588624,0.23046279,1.0,0.33101475,0.41406232,0.44542682,0.13639504,0.13128448,0.0005655885,0.057091475,0.0799281,0.052151382,0.08498061,0.0,0.053952575,0.03553033,0.049250662,0.0,0.18078619,0.053952575,0.06035632,0.13409603,0.15366,0.14640552,0.09501761,0.1704117,0.18282783,0.21101177,0.05878693,0.18236005,0.16226292,0.13029253,0.14566922,0.02233702,0.032014012,0.0,0.0,0.014449537,0.0,0.05769086,0.0,0.25711226,0.043452024,0.0,0.16866916,0.0,0.0,0.19540715,0.1589489,0.029693007,0.12600476,0.13202232,0.11619991,0.0,0.0,0.20448852,0.06888652,0.13760275,0.06643605,0.30624294,0.07541031,0.07473779,0.04007113,0.1884731
ENV_13_e223a,0.14744651,0.28626668,0.29149842,0.31822562,0.16070557,0.21563369,0.12586367,0.23358059,0.19393456,0.3149041,0.16985619,0.24280608,0.07382053,0.16640687,0.11988896,0.06764841,0.17510623,0.31209356,0.1655305,0.31176084,0.23771572,0.19393802,0.22451389,0.20766437,0.15479505,0.16688323,0.06680024,0.21985888,0.18472701,0.23231006,0.15049487,0.056711257,0.0774191,0.19366813,0.255157,0.12429297,0.17923516,0.37995237,0.14446723,0.11061722,0.3129624,0.119721234,0.17348719,0.60056704,0.24980915,0.53429055,0.48282373,0.3756578,0.3653239,0.42617285,0.3498118,0.3939221,0.36853445,0.31074178,0.33101475,1.0,0.60271114,0.6304194,0.46349847,0.22184974,0.3196823,0.23459113,0.33171862,0.21747118,0.23781908,0.038764894,0.2603441,0.08908367,0.21650696,0.33379376,0.24086386,0.2603441,0.32383364,0.17073792,0.30187726,0.22620583,0.17660493,0.113286555,0.15889716,0.3052268,0.031802714,0.23306477,0.19546765,0.14173228,0.31019753,0.30246502,0.2288183,0.29217637,0.24197316,0.30932933,0.3955946,0.2700951,0.38751805,0.38671768,0.44798678,0.38405025,0.22545427,0.35089087,0.1824134,0.44353712,0.25156486,0.13010192,0.38144374,0.18452227,0.18497491,0.10412896,0.1766274,0.19943565,0.2007795,0.11603445,0.18629599,0.5215683,0.2610309,0.35091388,0.28457052,0.3985256
ENV_14_e4670,0.21451336,0.3181157,0.4000646,0.27325475,0.2569034,0.26345778,0.28593612,0.24786717,0.0795995,0.3894282,0.24730384,0.17549711,0.1835944,0.23998767,0.23170096,0.16925722,0.29990327,0.25755954,0.3462695,0.25865114,0.4603122,0.18266082,0.16906476,0.25482965,0.27351236,0.20218885,0.12211716,0.29572713,0.33467305,0.34514606,0.1866759,0.15726328,0.073191166,0.24803227,0.25763124,0.23480654,0.2173053,0.2646525,0.10531503,0.116028905,0.22536731,0.13384414,0.15112561,0.4094466,0.47367257,0.58013487,0.5429637,0.42106193,0.6906833,0.34899974,0.4129411,0.5098717,0.33842367,0.36802828,0.41406232,0.60271114,1.0,0.64515126,0.32997137,0.11839068,0.1784296,0.16900325,0.31277657,0.09250653,0.10164034,0.13197339,0.24386054,0.10642755,0.16770118,0.039912164,0.37086165,0.24386054,0.2642641,0.17121023,0.23399591,0.35208553,0.22921693,0.25181746,0.20600778,0.27939248,0.0,0.28621155,0.49953473,0.18092883,0.21068811,0.2983958,0.30139357,0.23669982,0.1749121,0.28802907,0.20222986,0.09291613,0.25512856,0.5019698,0.29472065,0.21320903,0.1980052,0.17600471,0.1523779,0.3157711,0.3620813,0.2991451,0.38645363,0.36270368,0.3583814,0.16272718,0.2282592,0.55643255,0.3347848,0.26380587,0.30755872,0.69191086,0.38661265,0.29091775,0.30712724,0.4828747
ENV_15_f1429,0.13309109,0.32366478,0.33688706,0.22871542,0.23120809,0.21562457,0.1919393,0.2366569,0.07799119,0.39319897,0.19501173,0.18971038,0.15716624,0.19485587,0.10077059,0.06253451,0.08128691,0.3079443,0.14075243,0.27489018,0.20966566,0.12545234,0.24758643,0.22889686,0.119484365,0.05889362,0.06032294,0.21603072,0.2901702,0.21853906,0.20632327,0.06994033,0.047548592,0.24780315,0.36477137,0.13762766,0.19458663,0.24466622,0.10285187,0.118456244,0.17587578,0.09852445,0.19722468,0.5144703,0.3361131,0.6249457,0.79655844,0.4449106,0.44740325,0.41867447,0.42468917,0.40870357,0.35681534,0.30342317,0.44542682,0.6304194,0.64515126,1.0,0.29845393,0.08371949,0.2411164,0.15796,0.2787518,0.18134141,0.24385327,0.031204402,0.19326586,0.111418605,0.10314661,0.06947285,0.23558807,0.19326586,0.24281198,0.12381512,0.21435392,0.25179738,0.1278714,0.21506226,0.27576226,0.3844329,0.0,0.22491848,0.23672158,0.12536561,0.20992887,0.30289984,0.24456108,0.21351916,0.20052606,0.26341796,0.25626165,0.1775552,0.30100906,0.44908488,0.40100533,0.23671007,0.29726863,0.18077165,0.11857432,0.3539722,0.28944182,0.17336142,0.339934,0.27843654,0.15787208,0.13974762,0.14471072,0.24097645,0.19092196,0.21320724,0.20062882,0.5751898,0.28928262,0.26772046,0.26481628,0.46705943
ENV_16_f8183,0.1693368,0.09351915,0.16553897,0.34809428,0.036157727,0.12096435,0.07321805,0.021990418,0.33022237,0.12993252,0.12983859,0.07433128,0.05698371,0.046361744,0.050159097,0.14221424,0.16563243,0.23357832,0.13881886,0.4002154,0.23136556,0.21920532,0.26903188,0.23939312,0.13958824,0.2595502,0.17925817,0.21305108,0.22875464,0.2688582,0.15009892,0.18720293,0.16662657,0.115321636,0.17715204,0.38898015,0.13929695,0.30287683,0.10541856,0.28566563,0.28655803,0.2108264,0.15013325,0.37732506,0.14118278,0.23409247,0.30912727,0.18908876,0.19211066,0.49393702,0.1327486,0.21500862,0.16455257,0.26013708,0.13639504,0.46349847,0.32997137,0.29845393,1.0,0.084982276,0.08862531,0.007252991,0.046136677,0.0,0.02960658,0.0,0.091175675,0.0,0.12889338,0.05226612,0.09142804,0.091175675,0.08183867,0.034525394,0.13088489,0.28755605,0.072642505,0.018356442,0.008834779,0.107037306,0.024399698,0.109656036,0.080833256,0.08964908,0.0855605,0.33231777,0.30255538,0.2965033,0.24662447,0.38321018,0.35222137,0.25269914,0.39883542,0.3381948,0.36519766,0.39841127,0.18380344,0.30868298,0.27942073,0.26709604,0.115695,0.1456039,0.20049143,0.06161177,0.117521584,0.14423203,0.24630225,0.06395835,0.069324374,0.035976827,0.24749047,0.27658153,0.15453738,0.27286023,0.15302181,0.3011462
HEA_01_07f11,0.06525004,0.08186829,0.08806574,0.011065662,0.09159404,0.021445513,0.0,0.19884789,0.063981056,0.054121852,0.0,0.23249763,0.05246538,0.0,0.0,0.009812176,0.08221483,0.06695664,0.15371734,0.09625846,0.037254333,0.06620723,0.030358255,0.077825546,0.0,0.01654476,0.002995491,0.10697377,0.030935645,0.0,0.046153426,0.00073873997,0.016421318,0.043865442,0.041714907,0.0,0.028864384,0.022458434,0.05980909,0.0,0.087590456,0.0,0.053945184,0.25840533,0.009405255,0.1401518,0.039087832,0.03391856,0.040152073,0.09015298,0.02944845,0.15913033,0.073495865,0.06855893,0.13128448,0.22184974,0.11839068,0.08371949,0.084982276,1.0,0.23626971,0.20966583,0.2727027,0.22660524,0.16637522,0.2629732,0.31444663,0.27265346,0.31003237,0.2531544,0.39444447,0.31444663,0.23730916,0.123143256,0.23010945,0.07554883,0.12912047,0.0828166,0.17480558,0.27102828,0.097542584,0.1681822,0.089889586,0.073678076,0.12868935,0.06651682,0.0,0.09435606,0.13742948,0.06988388,0.084349334,0.07095897,0.085143805,0.12925547,0.14104688,0.14377058,0.09737277,0.14818239,0.00418067,0.23794127,0.049628854,0.0,0.022619247,0.12702382,0.0,0.08117354,0.0,0.0,0.0,0.00095009804,0.049426556,0.016180396,0.0,0.07313502,0.0,0.0
HEA_02_0a422,0.0036248565,0.104617536,0.15899402,0.03682506,0.16234553,0.060504317,0.065665126,0.27054763,0.033088207,0.09723592,0.07543665,0.1344893,0.14952302,0.029374063,0.030668616,0.014320612,0.08461565,0.08536261,0.09498966,0.32972497,0.121590614,0.016107082,0.08813,0.10873407,0.008600473,0.04185015,0.0,0.12286186,0.25910747,0.15227127,0.25941443,0.0,0.054303408,0.2536208,0.306894,0.0502041,0.16188228,0.17382193,0.2313993,0.024508536,0.1479938,0.06615573,0.07820189,0.22116297,0.09512138,0.14276439,0.15017319,0.16013175,0.10082382,0.2587189,0.07711393,0.07191187,0.3221596,0.04373449,0.0005655885,0.3196823,0.1784296,0.2411164,0.08862531,0.23626971,1.0,0.40032262,0.3933105,0.3955537,0.53840816,0.29994613,0.33908993,0.3991195,0.29848754,0.29422128,0.31505752,0.33908993,0.3774984,0.119069636,0.19486749,0.030869126,0.092482805,0.21179509,0.16435075,0.29403692,0.060147524,0.079303086,0.10721469,0.058101296,0.18339682,0.29800057,0.1607464,0.20639634,0.25142837,0.14346325,0.18065375,0.17946398,0.267056,0.19883692,0.2217381,0.253474,0.2571637,0.29706693,0.06712741,0.16337776,0.27181536,0.040064692,0.14580327,0.12286514,0.048612833,0.13081896,0.03207308,0.07452983,0.09512144,0.15284926,0.111733496,0.18502992,0.1091702,0.038763463,0.10106981,0.18897861
HEA_03_12168,0.061711073,0.20594388,0.16910666,0.0,0.15850371,0.09628689,0.095614016,0.28027916,0.0,0.20645767,0.10407543,0.2153244,0.13232249,0.09730202,0.110881746,0.070510805,0.10595822,0.18632805,0.10948324,0.26529825,0.13224578,0.12267518,0.11699653,0.16551453,0.1461016,0.05817169,0.0,0.20301086,0.21503878,0.28141493,0.30123168,0.058767796,0.0034388304,0.20558465,0.2159586,0.09606671,0.2122311,0.1869443,0.23876226,0.02596122,0.15006804,0.09318179,0.1823467,0.1910584,0.142497,0.23944461,0.05369878,0.24827075,0.1797871,0.18110317,0.13753009,0.13474035,0.20958376,0.1417582,0.057091475,0.23459113,0.16900325,0.15796,0.007252991,0.20966583,0.40032262,1.0,0.6004362,0.4270808,0.4013996,0.3336529,0.5146447,0.37935817,0.42152524,0.47805214,0.42151642,0.5146447,0.73105943,0.1574552,0.19301522,0.061613917,0.15245533,0.20339346,0.1757983,0.31746054,0.0028216243,0.13780957,0.15371597,0.063179135,0.24634159,0.2248236,0.14336628,0.18453783,0.26737916,0.18485564,0.14207274,0.09652883,0.1503632,0.22652674,0.2224192,0.17335057,0.18813276,0.17812783,0.07863468,0.17758071,0.24141395,0.11322403,0.2754959,0.18070292,0.15800011,0.071552396,0.084849834,0.22408867,0.13800365,0.15619165,0.10284126,0.21968997,0.13940954,0.09321529,0.20162809,0.25447452
HEA_04_19bb1,0.13074124,0.25308144,0.14888698,0.030835032,0.14704126,0.103574455,0.15840286,0.20170152,0.036883473,0.2162261,0.08961266,0.21456748,0.12736368,0.10273111,0.14868104,0.097652316,0.14844275,0.23780537,0.18635678,0.34920502,0.2294079,0.12551343,0.16098845,0.18704414,0.13374305,0.037888527,0.053609252,0.22117865,0.23933709,0.33716536,0.2658403,0.08847928,0.06726426,0.2151739,0.28665292,0.122101784,0.30324566,0.27907717,0.2259795,0.069925964,0.22812998,0.09527916,0.19063151,0.23325652,0.14345193,0.27859795,0.14146411,0.23279774,0.26228678,0.20765066,0.25783175,0.09996456,0.27479595,0.15092552,0.0799281,0.33171862,0.31277657,0.2787518,0.046136677,0.2727027,0.3933105,0.6004362,1.0,0.6912869,0.50235075,0.4050001,0.72198826,0.5101711,0.5039252,0.58495605,0.5142351,0.72198826,0.7442683,0.11587417,0.2581811,0.1570273,0.21276546,0.21099651,0.28200853,0.45263577,0.0,0.1807741,0.29727614,0.11076188,0.26289272,0.30479342,0.22042549,0.22179592,0.3458171,0.25862455,0.2112186,0.12727964,0.23804569,0.3297075,0.2778501,0.23396891,0.17922783,0.26719266,0.11830109,0.20035875,0.2921648,0.11812931,0.3298694,0.22004783,0.16188467,0.16984987,0.04320538,0.27949595,0.1987583,0.12557268,0.08479333,0.29237264,0.14140916,0.07791197,0.23459941,0.29267722
HEA_05_65dc0,0.03133166,0.16576016,0.022705019,0.0,0.13728178,0.0,0.009729147,0.17055625,0.028270423,0.10002875,0.0,0.11508191,0.0,0.019117177,0.06724197,0.03162521,0.11708462,0.26097983,0.105709076,0.3821177,0.103181005,0.13314545,0.28523833,0.24764395,0.14202666,0.029958367,0.023021936,0.2266503,0.1934312,0.17339265,0.2622906,0.0,0.04059285,0.18621391,0.16535664,0.004815221,0.23623228,0.20405662,0.16005856,0.0,0.16342986,0.119276404,0.10564256,0.14205271,0.060012102,0.17819417,0.045135856,0.15733093,0.06614411,0.16857445,0.21038532,0.0,0.1991539,0.026851058,0.052151382,0.21747118,0.09250653,0.18134141,0.0,0.22660524,0.3955537,0.4270808,0.6912869,1.0,0.48863214,0.21256292,0.44622618,0.4789586,0.2686261,0.58774185,0.30869472,0.44622618,0.5003036,0.0,0.17604274,0.0,0.120292306,0.15799254,0.2163468,0.35990894,0.0,0.048814595,0.09345758,0.064174116,0.25349665,0.282524,0.14632487,0.122244716,0.31923085,0.12146032,0.1796962,0.11332375,0.18985152,0.19931138,0.19500417,0.16966403,0.23225296,0.2713433,0.0728519,0.083372176,0.23138613,0.0,0.19310576,0.109811306,0.0,0.092077255,0.0,0.065534115,0.06387234,0.07102394,0.0,0.09532702,0.06654763,0.012886465,0.15021813,0.15489149
HEA_06_6bf25,0.00363487,0.11667073,0.07436633,0.023145974,0.18355572,0.07085097,0.068550885,0.21079731,0.0,0.10168815,0.021339595,0.13182932,0.1071043,0.027558386,0.052433193,0.0,0.02465427,0.11328089,0.06716275,0.23324895,0.099924445,0.033804834,0.10818207,0.07725954,0.016061246,0.0,0.0,0.07648629,0.34859514,0.1821,0.25692576,0.08692986,0.0,0.31963277,0.28019232,0.05158651,0.25474244,0.23508143,0.18491429,0.052618086,0.16340947,0.116722405,0.18914258,0.18373424,0.14395213,0.1633414,0.11890823,0.21660209,0.09488052,0.1773879,0.11322594,0.0,0.22208339,0.014212787,0.08498061,0.23781908,0.10164034,0.24385327,0.02960658,0.16637522,0.53840816,0.4013996,0.50235075,0.48863214,1.0,0.26645815,0.4034816,0.47608185,0.3612604,0.36313665,0.30160153,0.4034816,0.4354831,0.041900933,0.16616559,0.07112247,0.094254315,0.1606338,0.2141316,0.26509148,0.00033003092,0.026577115,0.0676533,0.046705782,0.23636687,0.27219307,0.2544675,0.18846226,0.25159085,0.18288344,0.2442007,0.1911521,0.25994897,0.2282176,0.21890783,0.2828359,0.33097082,0.30352402,0.10568464,0.1714657,0.20369327,0.014217794,0.17966688,0.08722353,0.036762834,0.02961272,0.015170932,0.089482546,0.052177846,0.1287651,0.054938197,0.17324996,0.11253196,0.0,0.111365914,0.185287
HEA_07_7822c,0.1478424,0.10351735,0.073917866,0.0,0.10871351,0.0504362,0.0341509,0.10641664,0.0,0.06618738,0.0807628,0.07646859,0.1013841,0.07249826,0.084807515,0.031766176,0.07044464,0.0,0.20154488,0.06590867,0.1236102,0.04549575,0.0,0.050261855,0.015495777,0.0011150241,0.0,0.039495707,0.06071633,0.12438327,0.093979895,0.0,0.035592973,0.070174396,0.09170747,0.0,0.10152978,0.10757601,0.034720123,0.027253091,0.077964425,0.0074014068,0.03004533,0.07452536,0.020906568,0.11229724,0.0,0.066434324,0.15522462,0.0,0.08124554,0.0,0.065911055,0.015964866,0.0,0.038764894,0.13197339,0.031204402,0.0,0.2629732,0.29994613,0.3336529,0.4050001,0.21256292,0.26645815,1.0,0.4776144,0.301827,0.40605545,0.20006126,0.38606423,0.4776144,0.4284984,0.075336635,0.13795948,0.042724133,0.11001027,0.08353287,0.106236815,0.17845023,0.029037595,0.10160494,0.22932196,0.064460635,0.10105175,0.09145254,0.103259265,0.0664686,0.08126575,0.10414022,0.049072146,0.013226509,0.029555678,0.07069528,0.0593068,0.07023358,0.06879735,0.08405352,0.018499732,0.027306318,0.107186854,0.07298905,0.079253316,0.08166319,0.13553143,0.084688365,0.11244333,0.19549227,0.08502406,0.07758874,0.14991331,0.036865413,0.06597006,0.09750438,0.0649814,0.16416591
HEA_08_7c732,0.14702034,0.16626668,0.21584868,0.100749254,0.1307224,0.04158008,0.10094333,0.20102084,0.09024167,0.12470019,0.104918,0.28857088,0.1599698,0.06571478,0.12785465,0.12626064,0.15134895,0.20765114,0.18751061,0.22603756,0.20396423,0.11823189,0.13005066,0.22426003,0.07529569,0.021946192,0.041957796,0.2577632,0.15995586,0.27229118,0.23080838,0.16025889,0.08452374,0.15297508,0.27775615,0.18006456,0.2087462,0.26270896,0.24600422,0.14017224,0.20569408,0.0636664,0.16249776,0.20964313,0.07731122,0.23945165,0.098433554,0.16975892,0.23892081,0.14347231,0.15689367,0.1126107,0.17104805,0.20579207,0.053952575,0.2603441,0.24386054,0.19326586,0.091175675,0.31444663,0.33908993,0.5146447,0.72198826,0.44622618,0.4034816,0.4776144,1.0,0.44306105,0.6371683,0.44572628,0.50241184,1.0,0.6794975,0.06288695,0.20635408,0.1663245,0.1546911,0.12109524,0.20376062,0.3933872,0.0,0.18597478,0.23374999,0.09959376,0.21397871,0.23946106,0.13449413,0.1757958,0.27085137,0.21156466,0.15956551,0.0902341,0.18183476,0.22200012,0.2093935,0.19894761,0.12998301,0.19210541,0.05197978,0.1842727,0.24655068,0.09653449,0.18190384,0.1579839,0.15007448,0.124031425,0.030218601,0.20533246,0.11888087,0.09463155,0.067860246,0.17450386,0.09461796,0.04412532,0.11063737,0.21730459
HEA_09_8b6f3,0.0,0.1564405,0.054255426,0.0,0.18508172,0.04475528,0.04569012,0.21986711,0.0,0.11727476,0.020089507,0.09561658,0.060562015,0.06549126,0.06347388,0.13846934,0.039560616,0.16811287,0.12846321,0.23758113,0.117070496,0.0,0.17216456,0.14205861,0.015914202,0.018180192,0.064046204,0.09916586,0.23752141,0.13044864,0.28863335,0.06131363,0.054067373,0.21929157,0.22031063,0.047074974,0.15322387,0.16653699,0.13991833,0.0056667924,0.099034786,0.07984167,0.083149195,0.15283376,0.13230002,0.104248285,0.0,0.08140099,0.12722152,0.16471338,0.16607738,0.0658893,0.2365632,0.0,0.03553033,0.08908367,0.10642755,0.111418605,0.0,0.27265346,0.3991195,0.37935817,0.5101711,0.4789586,0.47608185,0.301827,0.44306105,1.0,0.38040173,0.40053594,0.43171853,0.44306105,0.4634729,0.0,0.12102795,0.023449063,0.08903742,0.22928715,0.18030775,0.37668848,0.0015173554,0.073134124,0.09881377,0.0,0.19967765,0.25401205,0.23305374,0.15717387,0.3738094,0.15125537,0.15781385,0.15802467,0.15899831,0.2632736,0.21553874,0.1743052,0.31098986,0.2153883,0.116265774,0.12966317,0.31996834,0.0,0.14063132,0.17451775,0.0,0.30097193,0.011615753,0.10360706,0.09259546,0.2916664,0.05055839,0.07293773,0.028039157,0.0,0.04324627,0.19263506
HEA_10_95108,0.27710176,0.08696729,0.124512374,0.055511117,0.13032246,0.14534676,0.09854621,0.18274808,0.0824824,0.093630195,0.15740466,0.26052415,0.115721226,0.18837667,0.14341432,0.2648759,0.26297998,0.27267897,0.3870858,0.17447484,0.23769867,0.37329328,0.18914914,0.2689228,0.15880555,0.21237093,0.16065437,0.27209556,0.1456886,0.19081616,0.21198642,0.23600447,0.035758555,0.16545427,0.17593074,0.14139318,0.19178396,0.15671802,0.16635096,0.16919994,0.16553503,0.09540683,0.1643691,0.23916739,0.096728384,0.18465853,0.11312342,0.09985292,0.13664722,0.10081619,0.11643964,0.13440096,0.09983277,0.263301,0.049250662,0.21650696,0.16770118,0.10314661,0.12889338,0.31003237,0.29848754,0.42152524,0.5039252,0.2686261,0.3612604,0.40605545,0.6371683,0.38040173,1.0,0.39047283,0.41297817,0.6371683,0.47472584,0.06521058,0.15312892,0.15914345,0.10993564,0.10687554,0.053863466,0.22158098,0.0,0.11933541,0.19109589,0.17512512,0.10523689,0.20134497,0.18332064,0.19943768,0.20498848,0.27221084,0.1259203,0.06775808,0.17231536,0.17585027,0.18989444,0.15292782,0.14848536,0.13839066,0.06720108,0.2083965,0.2591949,0.20792699,0.12926203,0.112736404,0.25960726,0.13884842,0.15724874,0.15182614,0.11679554,0.14150453,0.31330216,0.120287,0.17043793,0.10490292,0.08727515,0.17370605
HEA_11_a46bf,0.0041710734,0.13985991,0.0,0.014262915,0.023733437,0.0,0.06854677,0.08687532,0.032866657,0.11426604,0.0,0.1268661,0.0,0.0,0.0,0.07753456,0.16079664,0.25650716,0.25113767,0.30266863,0.14366615,0.24525666,0.20108724,0.16968036,0.11135399,0.1394189,0.06326008,0.21623766,0.07733697,0.07815623,0.15683472,0.0,0.036379695,0.11344689,0.1565156,0.017327309,0.15613043,0.25509596,0.14063215,0.0,0.16902721,0.025289237,0.030917406,0.07827985,0.006100774,0.071074784,0.0,0.096953034,0.07990813,0.11551225,0.081113935,0.0,0.15215611,0.033319235,0.0,0.33379376,0.039912164,0.06947285,0.05226612,0.2531544,0.29422128,0.47805214,0.58495605,0.58774185,0.36313665,0.20006126,0.44572628,0.40053594,0.39047283,1.0,0.39878064,0.44572628,0.59334964,0.07039088,0.1580149,0.009746492,0.14206994,0.07219422,0.11138153,0.3033452,0.06950253,0.042943478,0.11398846,0.10549188,0.32875365,0.19180506,0.09691191,0.14122164,0.24094439,0.103563845,0.2697271,0.1170181,0.19115126,0.1244846,0.12283403,0.2043317,0.12870234,0.23114467,0.040106833,0.12724876,0.19025528,0.0,0.30299884,0.061828434,0.06341016,0.1173107,0.06342864,0.07603502,0.068344295,0.105228364,0.023572862,0.06568438,0.09992933,0.051083267,0.1931135,0.17490113
HEA_12_cb742,0.10774052,0.26760578,0.18757933,0.06807238,0.17951769,0.060837984,0.18169272,0.19547933,0.0,0.20530897,0.05827874,0.16054296,0.1295588,0.023281813,0.0,0.066634655,0.115133286,0.16558921,0.49671352,0.20571256,0.28876412,0.12513185,0.09103346,0.09561807,0.015176773,0.05276549,0.10319972,0.14627206,0.26785374,0.231785,0.26467478,0.009270906,0.06598866,0.22119188,0.2937895,0.07198465,0.1408298,0.21468294,0.17747259,0.0,0.24040431,0.06293374,0.08104563,0.20227689,0.14563417,0.19811004,0.11670655,0.13531065,0.35558015,0.17419732,0.12998211,0.09820682,0.15648115,0.025575757,0.18078619,0.24086386,0.37086165,0.23558807,0.09142804,0.39444447,0.31505752,0.42151642,0.5142351,0.30869472,0.30160153,0.38606423,0.50241184,0.43171853,0.41297817,0.39878064,1.0,0.50241184,0.5637877,0.28322273,0.345505,0.22343189,0.30287242,0.22715092,0.41340292,0.478642,0.23715878,0.2272808,0.51126266,0.30005205,0.34137297,0.27818596,0.23183554,0.26842403,0.26351047,0.22594517,0.20790404,0.15177786,0.20428914,0.33948046,0.22650576,0.24650276,0.22879136,0.2686211,0.08603644,0.20456505,0.22504705,0.08441967,0.203228,0.35286295,0.19695848,0.12062329,0.042666078,0.38647854,0.17036784,0.18778092,0.0850265,0.23746812,0.0808627,0.07492024,0.084919095,0.24244559
HEA_13_e6d1e,0.14702034,0.16626668,0.21584868,0.100749254,0.1307224,0.04158008,0.10094333,0.20102084,0.09024167,0.12470019,0.104918,0.28857088,0.1599698,0.06571478,0.12785465,0.12626064,0.15134895,0.20765114,0.18751061,0.22603756,0.20396423,0.11823189,0.13005066,0.22426003,0.07529569,0.021946192,0.041957796,0.2577632,0.15995586,0.27229118,0.23080838,0.16025889,0.08452374,0.15297508,0.27775615,0.18006456,0.2087462,0.26270896,0.24600422,0.14017224,0.20569408,0.0636664,0.16249776,0.20964313,0.07731122,0.23945165,0.098433554,0.16975892,0.23892081,0.14347231,0.15689367,0.1126107,0.17104805,0.20579207,0.053952575,0.2603441,0.24386054,0.19326586,0.091175675,0.31444663,0.33908993,0.5146447,0.72198826,0.44622618,0.4034816,0.4776144,1.0,0.44306105,0.6371683,0.44572628,0.50241184,1.0,0.6794975,0.06288695,0.20635408,0.1663245,0.1546911,0.12109524,0.20376062,0.3933872,0.0,0.18597478,0.23374999,0.09959376,0.21397871,0.23946106,0.13449413,0.1757958,0.27085137,0.21156466,0.15956551,0.0902341,0.18183476,0.22200012,0.2093935,0.19894761,0.12998301,0.19210541,0.05197978,0.1842727,0.24655068,0.09653449,0.18190384,0.1579839,0.15007448,0.124031425,0.030218601,0.20533246,0.11888087,0.09463155,0.067860246,0.17450386,0.09461796,0.04412532,0.11063737,0.21730459
HEA_14_eb0b8,0.10350114,0.28116095,0.21237826,0.073978305,0.15643781,0.08028817,0.19047356,0.22298098,0.016379774,0.24812162,0.12187469,0.17959619,0.11119819,0.04469675,0.10228133,0.13428289,0.13888979,0.23495811,0.2110461,0.29860502,0.25405777,0.15580666,0.17096692,0.19484627,0.13466334,0.052380264,0.04462838,0.23166788,0.26606768,0.35436124,0.29122514,0.10869354,0.038485885,0.1993351,0.34786785,0.12433028,0.21934211,0.30918568,0.19733989,0.08537054,0.24100518,0.11223161,0.14666325,0.20346272,0.15147853,0.24382377,0.09840608,0.28132868,0.29008383,0.26341605,0.23545706,0.08597398,0.2515086,0.11802971,0.06035632,0.32383364,0.2642641,0.24281198,0.08183867,0.23730916,0.3774984,0.73105943,0.7442683,0.5003036,0.4354831,0.4284984,0.6794975,0.4634729,0.47472584,0.59334964,0.5637877,0.6794975,1.0,0.19486797,0.21032667,0.15835059,0.20380765,0.19393647,0.28093052,0.4712367,0.049589336,0.15574747,0.2639079,0.15324843,0.31051075,0.361731,0.27100044,0.33634228,0.3599521,0.31980896,0.2725672,0.23754859,0.24425888,0.32998824,0.31067282,0.28506345,0.25405192,0.27929497,0.14674634,0.14662951,0.23030436,0.0998556,0.33999097,0.1980074,0.13661575,0.11658633,0.0559507,0.26205444,0.12913245,0.12397444,0.09570712,0.23698378,0.106413364,0.068079114,0.2253533,0.33125257
MAN_01_00138,0.09655315,0.16150373,0.16363198,0.09560847,0.10430938,0.10167432,0.28979385,0.08832133,0.067831635,0.14705855,0.122327805,0.0,0.14292198,0.0,0.14098924,0.043773234,0.0,0.055663586,0.20398581,0.013398528,0.09203482,0.0028936267,0.0,0.029679239,0.017459154,0.10708821,0.10937524,0.049008965,0.023343563,0.14417613,0.061120808,0.0,0.0,0.10366756,0.048292875,0.0,0.051689208,0.101910114,0.113669395,4.643202e-05,0.13706338,0.028422534,0.024808764,0.1505881,0.13679522,0.0,0.073309064,0.07057011,0.14597082,0.10111678,0.0,0.045015454,0.18464142,0.023145914,0.13409603,0.17073792,0.17121023,0.12381512,0.034525394,0.123143256,0.119069636,0.1574552,0.11587417,0.0,0.041900933,0.075336635,0.06288695,0.0,0.06521058,0.07039088,0.28322273,0.06288695,0.19486797,1.0,0.5262183,0.3396995,0.50108874,0.48598123,0.3644578,0.33059585,0.5640919,0.5221393,0.50327545,0.43770963,0.41839075,0.15965575,0.1370197,0.20377451,0.11756879,0.20090222,0.15342313,0.30284995,0.14633209,0.24793267,0.17372322,0.23888582,0.11335516,0.22544336,0.16988897,0.16646922,0.09902501,0.084873796,0.10262674,0.18383217,0.2037875,0.0,0.065047085,0.32004327,0.11519593,0.097771645,0.061597824,0.13988137,0.0,0.05531019,0.08243394,0.0568285
MAN_02_0bce5,0.1645906,0.22352678,0.19250107,0.08663386,0.19759518,0.120195985,0.18123192,0.18425053,0.080617964,0.1885587,0.09010941,0.13034022,0.17282361,0.09786183,0.21263969,0.06884754,0.117263734,0.2237196,0.21189094,0.18898892,0.1624977,0.07292211,0.16274655,0.20031118,0.14394718,0.087874115,0.23186666,0.12623811,0.15231264,0.20490348,0.2990868,0.038378,0.048924923,0.28969914,0.23049152,0.07791901,0.21872509,0.24994028,0.25542408,0.13859332,0.42396426,0.20365262,0.2096597,0.26846224,0.10071015,0.14617276,0.11574781,0.12381047,0.097343266,0.15709913,0.13384616,0.12890267,0.20204055,0.028786361,0.15366,0.30187726,0.23399591,0.21435392,0.13088489,0.23010945,0.19486749,0.19301522,0.2581811,0.17604274,0.16616559,0.13795948,0.20635408,0.12102795,0.15312892,0.1580149,0.345505,0.20635408,0.21032667,0.5262183,1.0,0.37603104,0.7758894,0.63672054,0.51598287,0.5365224,0.65146023,0.71000266,0.58559096,0.46046817,0.7064026,0.20760727,0.14484072,0.19639617,0.27372766,0.13734895,0.15971929,0.19040525,0.14368784,0.27587414,0.22874951,0.20505881,0.14847827,0.40396965,0.10803139,0.32328892,0.3144533,0.099912345,0.20075327,0.4510271,0.28880554,0.09309596,0.15551972,0.3051048,0.22932851,0.22540092,0.15854836,0.23473144,0.14937258,0.1738652,0.1573292,0.17361808
MAN_03_368c1,0.20579016,0.08351177,0.16521895,0.23175776,0.036417305,0.1831274,0.19555569,0.029212415,0.2360965,0.12808347,0.11505014,0.1067518,0.109892845,0.09522033,0.17886293,0.04671681,0.10042995,0.08121979,0.18747514,0.14930719,0.1397407,0.112926126,0.016269624,0.08385891,0.07335061,0.08948916,0.083061635,0.08112687,0.3381269,0.41536272,0.16963446,0.34239805,0.08287579,0.22107065,0.3028326,0.431812,0.2582764,0.4012242,0.2385838,0.42207807,0.3251996,0.3619308,0.37697977,0.25988144,0.17108417,0.12751818,0.21927208,0.064840555,0.21124834,0.18941927,0.078523755,0.1570335,0.07885516,0.18411505,0.14640552,0.22620583,0.35208553,0.25179738,0.28755605,0.07554883,0.030869126,0.061613917,0.1570273,0.0,0.07112247,0.042724133,0.1663245,0.023449063,0.15914345,0.009746492,0.22343189,0.1663245,0.15835059,0.3396995,0.37603104,1.0,0.43622434,0.34257525,0.35510743,0.33823305,0.2609949,0.43768287,0.48591828,0.338423,0.30056506,0.21136832,0.24109393,0.20707649,0.20658636,0.42020345,0.3769762,0.19737077,0.428541,0.36497897,0.28951442,0.33681965,0.06945908,0.23886633,0.3657037,0.22960037,0.13152683,0.22356355,0.16164112,0.14304167,0.2832477,0.05954933,0.20943546,0.25526762,0.20794451,0.039187074,0.21625054,0.36689186,0.18287027,0.063429356,0.12462884,0.13532805
MAN_04_38948,0.12271291,0.18493366,0.13115811,0.061431825,0.13951886,0.11318141,0.19448084,0.11531526,0.087721825,0.14433342,0.08269954,0.032548547,0.08490884,0.051763654,0.28369164,0.11388898,0.19083351,0.2538054,0.23208606,0.19195008,0.20528805,0.09417534,0.18804783,0.2272048,0.261755,0.1313839,0.2873534,0.15724939,0.17517138,0.230452,0.26880574,0.09694785,0.08940977,0.22299957,0.2618705,0.10247934,0.300215,0.2454912,0.2723897,0.13160121,0.5535703,0.26996362,0.18744254,0.13011897,0.18928719,0.02655679,0.0894565,0.1148026,0.11003655,0.11042458,0.0584327,0.07026106,0.16376811,0.020965755,0.09501761,0.17660493,0.22921693,0.1278714,0.072642505,0.12912047,0.092482805,0.15245533,0.21276546,0.120292306,0.094254315,0.11001027,0.1546911,0.08903742,0.10993564,0.14206994,0.30287242,0.1546911,0.20380765,0.50108874,0.7758894,0.43622434,1.0,0.6161233,0.55339134,0.44358248,0.45792103,0.5891408,0.5560958,0.39529806,0.7803149,0.1975432,0.17904037,0.14445615,0.27849132,0.17390704,0.17873108,0.19890994,0.13489658,0.2706619,0.15896761,0.16328949,0.11478001,0.52477986,0.14582276,0.19403088,0.27642965,0.063979626,0.14580828,0.27491105,0.31836176,0.050049424,0.09279686,0.27027893,0.15952182,0.22530544,0.13252592,0.16081786,0.09927076,0.16178161,0.13882333,0.11573565
MAN_05_5144b,0.0836578,0.17080927,0.19234061,0.0,0.32032728,0.11080742,0.20644069,0.29293883,0.009976029,0.17179513,0.18543631,0.06085378,0.19935203,0.078771174,0.17085099,0.041108727,0.048324347,0.11733043,0.13903952,0.17493415,0.12178379,0.0,0.08844471,0.11227608,0.11287546,0.036264956,0.19533038,0.07369733,0.2726527,0.19195318,0.40092325,0.041840553,0.0,0.37661117,0.25325,0.053281784,0.22639346,0.16148978,0.2289353,0.094778776,0.19641864,0.07287407,0.16388148,0.18021524,0.37762034,0.15302444,0.16209382,0.2697456,0.16417009,0.23542678,0.13828611,0.11839026,0.4131142,0.057550073,0.1704117,0.113286555,0.25181746,0.21506226,0.018356442,0.0828166,0.21179509,0.20339346,0.21099651,0.15799254,0.1606338,0.08353287,0.12109524,0.22928715,0.10687554,0.07219422,0.22715092,0.12109524,0.19393647,0.48598123,0.63672054,0.34257525,0.6161233,1.0,0.5277315,0.4624589,0.4384572,0.6473322,0.53288573,0.42677718,0.6254124,0.16077447,0.19999635,0.09086609,0.2121833,0.104738,0.08548349,0.18648446,0.087471485,0.29623288,0.18168384,0.092387795,0.29137433,0.21109569,0.13624036,0.21549833,0.3584988,0.06460643,0.1677621,0.38380378,0.1976409,0.08677298,0.07315993,0.3084861,0.20394218,0.41783214,0.13000834,0.2146163,0.110834,0.05975485,0.097668886,0.19606423
MAN_06_5a689,0.030395687,0.27850795,0.18980002,0.0,0.19783819,0.0957433,0.104316294,0.19931376,0.11056572,0.21934009,0.029047072,0.086839974,0.07292253,0.016845405,0.02334708,0.0,0.0,0.12731326,0.1359669,0.20511097,0.1086964,0.0,0.055001974,0.03667748,0.0,0.0,0.06934881,0.0,0.21746242,0.21667445,0.21568751,0.0,0.0,0.24819928,0.3933525,0.07685739,0.2687453,0.22151178,0.14653796,0.06903684,0.22425997,0.08016729,0.0997805,0.12394369,0.13124007,0.16001046,0.14068663,0.10901201,0.14749563,0.15275192,0.18077213,0.0411312,0.13399601,0.0,0.18282783,0.15889716,0.20600778,0.27576226,0.008834779,0.17480558,0.16435075,0.1757983,0.28200853,0.2163468,0.2141316,0.106236815,0.20376062,0.18030775,0.053863466,0.11138153,0.41340292,0.20376062,0.28093052,0.3644578,0.51598287,0.35510743,0.55339134,0.5277315,1.0,0.62642944,0.3595335,0.45233744,0.4762262,0.3250606,0.57558805,0.16849947,0.11146182,0.06254482,0.2499901,0.09321815,0.1454668,0.22993326,0.08881104,0.25708503,0.13572419,0.09783256,0.16617525,0.23256165,0.05064255,0.14036262,0.17919892,0.0,0.20141983,0.30317914,0.0725615,0.0,0.0,0.16399562,0.14071256,0.1560688,0.01536715,0.18759197,0.05096805,0.123762965,0.11258358,0.18987083
MAN_07_5faab,0.011514664,0.2175411,0.26292562,0.03355956,0.18091959,0.040390193,0.11258376,0.25296038,0.1467405,0.19435453,0.032565117,0.21949273,0.119828224,0.043085694,0.05283481,0.10615438,0.075880826,0.26392472,0.21999323,0.34266222,0.20846844,0.104528725,0.20648932,0.23006845,0.00795728,0.04332918,0.13362384,0.19826001,0.26170325,0.21065706,0.31996953,0.0,0.03600341,0.27826828,0.37605822,0.109555244,0.16505593,0.21882772,0.22282076,0.05683154,0.1855591,0.06188363,0.11061859,0.25641292,0.053628385,0.253924,0.18805367,0.12060547,0.20553255,0.26489288,0.2105053,0.15624666,0.2187928,0.0089072585,0.21101177,0.3052268,0.27939248,0.3844329,0.107037306,0.27102828,0.29403692,0.31746054,0.45263577,0.35990894,0.26509148,0.17845023,0.3933872,0.37668848,0.22158098,0.3033452,0.478642,0.3933872,0.4712367,0.33059585,0.5365224,0.33823305,0.44358248,0.4624589,0.62642944,1.0,0.34051907,0.45744842,0.47381288,0.42565966,0.53085583,0.33649075,0.17091405,0.20910162,0.36775035,0.18047339,0.20118284,0.23017853,0.21099204,0.3282618,0.24966753,0.17423153,0.22919261,0.27498692,0.063272834,0.28559828,0.4593408,0.046481013,0.31375092,0.41191834,0.15481222,0.32672155,0.03893113,0.29357845,0.16957438,0.19616699,0.11853051,0.32153714,0.14942837,0.13626689,0.19692361,0.3133468
MAN_08_678a7,0.0,0.057795703,0.06858015,0.021825314,0.013958454,0.0,0.21131867,0.019678831,0.0,0.07175356,0.10255611,0.005182624,0.07035756,0.0,0.007482767,0.0,0.0,0.0,0.14418459,0.0,0.0071783066,0.0,0.0,0.0,0.0,0.053452432,0.07860011,0.0,0.0,0.0,0.0660094,0.0,0.0,0.10178852,0.04054761,0.0,0.0,0.055066288,0.030902207,0.0,0.10835743,0.042173862,0.0,0.024083793,0.03087306,0.0,0.014336348,0.0,0.017924845,0.010994673,0.0,0.0,0.109237134,0.0,0.05878693,0.031802714,0.0,0.0,0.024399698,0.097542584,0.060147524,0.0028216243,0.0,0.0,0.00033003092,0.029037595,0.0,0.0015173554,0.0,0.06950253,0.23715878,0.0,0.049589336,0.5640919,0.65146023,0.2609949,0.45792103,0.4384572,0.3595335,0.34051907,1.0,0.4082362,0.42082053,0.46931314,0.39901537,0.063069284,0.08304739,0.082773685,0.10192299,0.05925405,0.044790745,0.18405843,0.0,0.04843515,0.032939076,0.105897844,0.0263232,0.17364275,0.04051596,0.0505656,0.05883187,0.0014920831,0.049806654,0.29482275,0.14593905,0.046816707,0.06846303,0.16874135,0.06294936,0.08518171,0.064365864,0.0,0.010043383,0.0,0.0,0.022509873
MAN_09_678b1,0.13686055,0.16844654,0.23316205,0.118934035,0.15683824,0.13801277,0.13542384,0.1603753,0.13745272,0.19447184,0.1076504,0.16068655,0.1352045,0.1602205,0.15481925,0.04509753,0.037829876,0.092576325,0.16924882,0.11243749,0.12116116,0.02229929,0.02209413,0.09874421,0.048560858,0.03895396,0.19943655,0.055095494,0.11674577,0.1958983,0.20266414,0.07711619,0.040581048,0.18034434,0.1703422,0.12696564,0.19719976,0.14213014,0.26891476,0.12571251,0.1849128,0.0003556013,0.34043396,0.32413638,0.12655234,0.24327886,0.13596517,0.12820023,0.1326868,0.11091763,0.13834667,0.22082806,0.20033908,0.14759713,0.18236005,0.23306477,0.28621155,0.22491848,0.109656036,0.1681822,0.079303086,0.13780957,0.1807741,0.048814595,0.026577115,0.10160494,0.18597478,0.073134124,0.11933541,0.042943478,0.2272808,0.18597478,0.15574747,0.5221393,0.71000266,0.43768287,0.5891408,0.6473322,0.45233744,0.45744842,0.4082362,1.0,0.5957942,0.43467486,0.50803596,0.073984325,0.068014085,0.19079757,0.16713595,0.10344744,0.11985707,0.119527996,0.13508904,0.27303886,0.2993917,0.15941805,0.07526678,0.1640324,0.14807856,0.3665741,0.20026606,0.06066954,0.07125735,0.29880524,0.21226078,0.025880873,0.08105832,0.24153286,0.207955,0.12878084,0.09077901,0.24955428,0.065537214,0.13255179,0.028331935,0.096738756
MAN_10_b0685,0.16949713,0.22351211,0.26679927,0.1168614,0.1644795,0.19091815,0.27568632,0.17136443,0.09369105,0.25734127,0.18566298,0.14152968,0.17918003,0.13237429,0.21212703,0.07569313,0.18021786,0.14056951,0.49672174,0.1757527,0.344338,0.15461648,0.056490064,0.142546,0.13850361,0.11424941,0.18645823,0.1395148,0.19082606,0.27499598,0.16573572,0.023349404,0.04896301,0.18164182,0.2169857,0.08688724,0.1917032,0.19898629,0.11421442,0.013284445,0.17098397,0.13216782,0.05549097,0.13031304,0.20883948,0.17209649,0.16988754,0.15363836,0.38351107,0.10908741,0.1982202,0.17010468,0.14832354,0.08558744,0.16226292,0.19546765,0.49953473,0.23672158,0.080833256,0.089889586,0.10721469,0.15371597,0.29727614,0.09345758,0.0676533,0.22932196,0.23374999,0.09881377,0.19109589,0.11398846,0.51126266,0.23374999,0.2639079,0.50327545,0.58559096,0.48591828,0.5560958,0.53288573,0.4762262,0.47381288,0.42082053,0.5957942,1.0,0.5941104,0.50008714,0.21127939,0.19927043,0.17062932,0.12617576,0.21024644,0.116283596,0.032497466,0.11172664,0.31447244,0.118001044,0.12831056,0.074344754,0.16283423,0.07694888,0.19420153,0.25004733,0.2270348,0.23070204,0.37859553,0.43554872,0.024740875,0.13472122,0.62997085,0.27037805,0.15225148,0.23166007,0.33073664,0.20963478,0.14044464,0.15589243,0.25547892
MAN_11_d7e72,0.11669338,0.10584241,0.14657867,0.09832591,0.19522226,0.05475086,0.17277735,0.11009234,0.051508546,0.11100799,0.1790334,0.048699856,0.08392382,0.022556007,0.06009245,0.039744496,0.10814059,0.07617551,0.3442605,0.089268565,0.11146456,0.10374701,0.038579643,0.07457304,0.029481947,0.07439673,0.13016272,0.077611685,0.14846557,0.1278339,0.19336933,0.0,0.06425947,0.26575857,0.16649938,0.02039051,0.0016571283,0.10785717,0.086988926,0.03074491,0.114405096,0.06275797,0.049656093,0.08201915,0.12876356,0.116778314,0.15558386,0.08388579,0.12114048,0.13566494,0.13667107,0.056610584,0.1509037,0.059595704,0.13029253,0.14173228,0.18092883,0.12536561,0.08964908,0.073678076,0.058101296,0.063179135,0.11076188,0.064174116,0.046705782,0.064460635,0.09959376,0.0,0.17512512,0.10549188,0.30005205,0.09959376,0.15324843,0.43770963,0.46046817,0.338423,0.39529806,0.42677718,0.3250606,0.42565966,0.46931314,0.43467486,0.5941104,1.0,0.33368254,0.06666839,0.1056667,0.16109633,0.015825093,0.10982996,0.05626279,0.1408171,0.017516077,0.13161391,0.056102574,0.053710938,0.1324017,0.10160172,0.08302045,0.115774035,0.14698732,0.048291326,0.09335613,0.24273413,0.28091848,0.0,0.07548791,0.33819056,0.050079346,0.07764298,0.14428872,0.15785289,0.06626248,0.083863854,0.079722226,0.078237355
MAN_12_da3b4,0.06829107,0.31827122,0.18976003,0.06625354,0.23757952,0.10397214,0.19206297,0.25787133,0.091066,0.25686252,0.03295833,0.10120535,0.1259839,0.061882913,0.19173884,0.069227874,0.094944715,0.28126705,0.18583083,0.30116564,0.18750799,0.08182621,0.24885178,0.21332765,0.17670321,0.057717383,0.20007628,0.14682734,0.27999127,0.27145636,0.43012404,0.014827788,0.09679586,0.34687614,0.3469603,0.040789485,0.31959748,0.46254325,0.25968152,0.084855795,0.51001227,0.2180903,0.16850948,0.12195724,0.17857784,0.14408839,0.06700599,0.21943462,0.08859193,0.2029013,0.14951777,0.062681735,0.21897542,0.0,0.14566922,0.31019753,0.21068811,0.20992887,0.0855605,0.12868935,0.18339682,0.24634159,0.26289272,0.25349665,0.23636687,0.10105175,0.21397871,0.19967765,0.10523689,0.32875365,0.34137297,0.21397871,0.31051075,0.41839075,0.7064026,0.30056506,0.7803149,0.6254124,0.57558805,0.53085583,0.39901537,0.50803596,0.50008714,0.33368254,1.0,0.29456758,0.1898582,0.19839501,0.3256914,0.15540826,0.33621228,0.2769013,0.15323037,0.3212018,0.19290936,0.26714987,0.29296124,0.49267727,0.13934952,0.15116918,0.3267908,0.016995728,0.31065637,0.30091858,0.22126198,0.038151562,0.05249405,0.25822842,0.17678708,0.28370893,0.071171105,0.18065691,0.11373043,0.13700998,0.1961829,0.22185004
SMA_01_0592f,0.07078594,0.2189995,0.21801126,0.11671269,0.099643946,0.0761528,0.14444375,0.14573753,0.087239444,0.18201637,0.0066561103,0.074358344,0.10140765,0.019616127,0.13300443,0.28490222,0.25308174,0.44287783,0.26002085,0.4630707,0.5348536,0.26781005,0.438169,0.4463092,0.3651045,0.2901777,0.3277198,0.36290085,0.3653195,0.42425507,0.3294462,0.10273188,0.04441774,0.23486757,0.27292067,0.16957784,0.22090721,0.39839792,0.10594463,0.123113394,0.38588542,0.30466354,0.10498917,0.27016664,0.18948281,0.167288,0.21385586,0.18704963,0.22651881,0.3846432,0.15028262,0.047462523,0.15172988,0.095090866,0.02233702,0.30246502,0.2983958,0.30289984,0.33231777,0.06651682,0.29800057,0.2248236,0.30479342,0.282524,0.27219307,0.09145254,0.23946106,0.25401205,0.20134497,0.19180506,0.27818596,0.23946106,0.361731,0.15965575,0.20760727,0.21136832,0.1975432,0.16077447,0.16849947,0.33649075,0.063069284,0.073984325,0.21127939,0.06666839,0.29456758,1.0,0.5690177,0.58537745,0.5552967,0.6106837,0.525752,0.40669996,0.51638544,0.63088167,0.53194976,0.51246303,0.51515526,0.5311381,0.41560912,0.16906023,0.3457818,0.12738019,0.34280992,0.21046853,0.15058422,0.19390345,0.106621325,0.2581582,0.11424106,0.14423025,0.15128928,0.25491476,0.20321923,0.07800001,0.2518158,0.3688804
SMA_02_1b70d,0.046504736,0.21171606,0.17831379,0.09073466,0.097290635,0.12850058,0.18821979,0.09150016,0.005286634,0.2028727,0.12665689,0.016599953,0.07286078,0.040723503,0.17818332,0.14651263,0.14436024,0.22081584,0.16708672,0.24871194,0.29038608,0.13892901,0.28904104,0.2681393,0.30305505,0.27316868,0.18847144,0.19012886,0.32095504,0.45969617,0.23318774,0.04233241,0.043302834,0.14457458,0.20241642,0.11752123,0.23981076,0.33159196,0.08063966,0.15021122,0.3201838,0.3324167,0.1445067,0.3479061,0.3281073,0.111466765,0.24840707,0.22658181,0.26904702,0.3614229,0.10152328,0.06744528,0.32797468,0.12052035,0.032014012,0.2288183,0.30139357,0.24456108,0.30255538,0.0,0.1607464,0.14336628,0.22042549,0.14632487,0.2544675,0.103259265,0.13449413,0.23305374,0.18332064,0.09691191,0.23183554,0.13449413,0.27100044,0.1370197,0.14484072,0.24109393,0.17904037,0.19999635,0.11146182,0.17091405,0.08304739,0.068014085,0.19927043,0.1056667,0.1898582,0.5690177,1.0,0.57515323,0.47680598,0.70812964,0.4864031,0.43409598,0.50544155,0.5764321,0.6186656,0.4866768,0.47893864,0.47556448,0.52746415,0.1962716,0.19494575,0.14170939,0.3187003,0.14535451,0.18327183,0.2583539,0.19889486,0.23135453,0.17559522,0.2624488,0.34645933,0.2571138,0.33991253,0.07521474,0.23878872,0.3980977
SMA_03_20b1e,0.11139566,0.22196186,0.18334854,0.18692625,0.10961032,0.10720301,0.1889106,0.06405097,0.042446673,0.20230192,0.06114173,0.051858604,0.106619716,0.07458353,0.08317351,0.1653533,0.12270379,0.20851028,0.15072882,0.19453299,0.22375333,0.16532385,0.23145664,0.24182451,0.1815629,0.17824715,0.18226552,0.16087413,0.3188039,0.4950794,0.18788803,0.09119499,0.10451257,0.19800377,0.18607831,0.1572876,0.1125949,0.34990793,0.077872574,0.09833467,0.32445747,0.20116669,0.19153666,0.32594073,0.12689006,0.1309303,0.17982996,0.12447053,0.19628102,0.2913633,0.062152326,0.08875811,0.2165258,0.125305,0.0,0.29217637,0.23669982,0.21351916,0.2965033,0.09435606,0.20639634,0.18453783,0.22179592,0.122244716,0.18846226,0.0664686,0.1757958,0.15717387,0.19943768,0.14122164,0.26842403,0.1757958,0.33634228,0.20377451,0.19639617,0.20707649,0.14445615,0.09086609,0.06254482,0.20910162,0.082773685,0.19079757,0.17062932,0.16109633,0.19839501,0.58537745,0.57515323,1.0,0.4226727,0.650087,0.5392247,0.4413591,0.49980545,0.6016129,0.61666685,0.59090734,0.47421265,0.4374547,0.5452688,0.16194558,0.06867224,0.16050065,0.24701762,0.13593173,0.12848836,0.1453836,0.15336502,0.13923419,0.08630687,0.06613809,0.17887175,0.1687187,0.12660617,0.04525715,0.24511129,0.26163805
SMA_04_28b4e,0.0055728555,0.22485268,0.12932473,0.007667482,0.06671947,0.0810737,0.101923466,0.09794927,0.067064404,0.19422626,0.0,0.16344166,0.0,0.050591946,0.07749128,0.23332238,0.14145237,0.30980706,0.09894574,0.35410482,0.21762735,0.09553635,0.3697474,0.3634205,0.17905247,0.19366646,0.34452236,0.2153126,0.27259207,0.40063024,0.3714552,0.12539423,0.08136433,0.19647276,0.2634884,0.20810604,0.36167789,0.32655406,0.34762704,0.10438794,0.35815918,0.15831119,0.24128741,0.31458902,0.107919455,0.075176954,0.12599742,0.120185554,0.09980321,0.29194534,0.12115669,0.11832863,0.18998498,0.024735212,0.0,0.24197316,0.1749121,0.20052606,0.24662447,0.13742948,0.25142837,0.26737916,0.3458171,0.31923085,0.25159085,0.08126575,0.27085137,0.3738094,0.20498848,0.24094439,0.26351047,0.27085137,0.3599521,0.11756879,0.27372766,0.20658636,0.27849132,0.2121833,0.2499901,0.36775035,0.10192299,0.16713595,0.12617576,0.015825093,0.3256914,0.5552967,0.47680598,0.4226727,1.0,0.50263655,0.44109356,0.3040738,0.5128144,0.50161356,0.5750931,0.42754024,0.36712736,0.48569566,0.3989907,0.30565876,0.30755293,0.14625633,0.2536443,0.3010134,0.12809801,0.39271653,0.22051203,0.18308997,0.21337318,0.25332665,0.24091053,0.26742756,0.16095126,0.18124533,0.21539283,0.3027315
SMA_05_29f8e,0.16388482,0.2521525,0.19196248,0.16092312,0.02806902,0.15372026,0.20973885,0.05280906,0.07037854,0.23427296,0.15184939,0.0828526,0.07626444,0.11167276,0.16998982,0.1572172,0.12534988,0.2177679,0.16548324,0.19859463,0.23903084,0.23083669,0.23224849,0.2412833,0.21202064,0.21239811,0.16184306,0.15623271,0.29831833,0.5373707,0.16486454,0.11203408,0.04458016,0.12186247,0.18281138,0.20293665,0.22674155,0.41500902,0.14111966,0.23490906,0.37213433,0.31156158,0.23015225,0.40647614,0.25283337,0.11919677,0.2651825,0.1536982,0.22527838,0.29285848,0.07395667,0.12990093,0.22442448,0.20693225,0.014449537,0.30932933,0.28802907,0.26341796,0.38321018,0.06988388,0.14346325,0.18485564,0.25862455,0.12146032,0.18288344,0.10414022,0.21156466,0.15125537,0.27221084,0.103563845,0.22594517,0.21156466,0.31980896,0.20090222,0.13734895,0.42020345,0.17390704,0.104738,0.09321815,0.18047339,0.05925405,0.10344744,0.21024644,0.10982996,0.15540826,0.6106837,0.70812964,0.650087,0.50263655,1.0,0.6195779,0.43447173,0.6484598,0.6795388,0.70070434,0.6114156,0.4050172,0.4995278,0.6022776,0.22697687,0.11754805,0.2036779,0.2949425,0.10855466,0.22596645,0.17941612,0.22838259,0.1829561,0.11325914,0.08861691,0.33267617,0.22497958,0.17602825,0.05713296,0.24491572,0.3113116
SMA_06_2df5b,0.07871026,0.26876473,0.11656731,0.17937362,0.032227397,0.08324677,0.15331012,0.039241195,0.1157521,0.19185531,0.0,0.07963252,0.0033278465,0.0,0.09498882,0.0,0.01903963,0.17841387,0.091600895,0.26019037,0.10353559,0.097934246,0.21657038,0.13544542,0.12659931,0.12668157,0.072885096,0.060777366,0.3366871,0.47900027,0.22198439,0.122888505,0.16130215,0.17239022,0.30773944,0.2046541,0.22543162,0.6626646,0.2121923,0.26907563,0.43233776,0.33544368,0.30953956,0.30864805,0.15329552,0.13075566,0.15123624,0.12599492,0.12504959,0.31379235,0.09700239,0.0,0.14588928,0.06893599,0.0,0.3955946,0.20222986,0.25626165,0.35222137,0.084349334,0.18065375,0.14207274,0.2112186,0.1796962,0.2442007,0.049072146,0.15956551,0.15781385,0.1259203,0.2697271,0.20790404,0.15956551,0.2725672,0.15342313,0.15971929,0.3769762,0.17873108,0.08548349,0.1454668,0.20118284,0.044790745,0.11985707,0.116283596,0.05626279,0.33621228,0.525752,0.4864031,0.5392247,0.44109356,0.6195779,1.0,0.48861957,0.65932703,0.5541796,0.5912857,0.82555896,0.4139033,0.56139797,0.6196624,0.13401538,0.07501793,0.05331582,0.37807024,0.0706926,0.027164996,0.07703155,0.23027658,0.08171487,0.071738005,0.043542504,0.092214346,0.21707219,0.14192557,0.077928185,0.22012043,0.27342492
SMA_07_57127,0.018871427,0.19809896,0.082824826,0.13417715,0.055008054,0.052525103,0.13105851,0.10409939,0.09240651,0.09952819,0.04875654,0.0,0.042767048,0.0,0.037213027,0.021023452,0.026228726,0.15357184,0.012827277,0.17982793,0.038624167,0.00072842836,0.101254225,0.038713336,0.06848562,0.049853206,0.018652558,0.016113281,0.21890104,0.2800122,0.15359688,0.0,0.032494307,0.1259191,0.2816953,0.054799676,0.099767685,0.33556068,0.045913577,0.24805903,0.3227089,0.18703878,0.091236115,0.29150164,0.11888832,0.05751151,0.086131096,0.0767771,0.05893612,0.33088744,0.0051606297,0.0,0.2624588,0.0,0.05769086,0.2700951,0.09291613,0.1775552,0.25269914,0.07095897,0.17946398,0.09652883,0.12727964,0.11332375,0.1911521,0.013226509,0.0902341,0.15802467,0.06775808,0.1170181,0.15177786,0.0902341,0.23754859,0.30284995,0.19040525,0.19737077,0.19890994,0.18648446,0.22993326,0.23017853,0.18405843,0.119527996,0.032497466,0.1408171,0.2769013,0.40669996,0.43409598,0.4413591,0.3040738,0.43447173,0.48861957,1.0,0.42308688,0.38226455,0.46454406,0.4836458,0.38607782,0.44332218,0.5585362,0.10268235,0.03159696,0.0,0.21589011,0.042202115,0.0,0.043808877,0.028017163,0.0,0.0,0.10519922,0.07048309,0.07762998,0.023242474,0.08374119,0.1495676,0.17539096
SMA_08_6d7ad,0.14881074,0.18711126,0.15214479,0.2039733,0.026611805,0.15398884,0.13423663,0.052117884,0.1942085,0.14917779,0.035799265,0.14070064,0.050984025,0.07514298,0.1154626,0.04223627,0.11784941,0.1516183,0.083111644,0.25909448,0.15964156,0.10190159,0.14256549,0.14435756,0.13654256,0.24605668,0.07608962,0.075956345,0.23517084,0.44614565,0.11877507,0.1707604,0.05929762,0.148417,0.28485662,0.34531254,0.23352951,0.42195582,0.21803963,0.26127553,0.30662417,0.24325478,0.33048403,0.44326532,0.09172273,0.09648943,0.25333917,0.046730638,0.15960205,0.36080092,0.023577273,0.036382675,0.18339145,0.12656528,0.0,0.38751805,0.25512856,0.30100906,0.39883542,0.085143805,0.267056,0.1503632,0.23804569,0.18985152,0.25994897,0.029555678,0.18183476,0.15899831,0.17231536,0.19115126,0.20428914,0.18183476,0.24425888,0.14633209,0.14368784,0.428541,0.13489658,0.087471485,0.08881104,0.21099204,0.0,0.13508904,0.11172664,0.017516077,0.15323037,0.51638544,0.50544155,0.49980545,0.5128144,0.6484598,0.65932703,0.42308688,1.0,0.5381709,0.6667358,0.6906186,0.33633316,0.58015525,0.5587183,0.32273567,0.09829843,0.16616517,0.21143693,0.08121848,0.12603825,0.19730532,0.28187436,0.085474074,0.18993759,0.0333457,0.19054306,0.29025233,0.18444276,0.08464295,0.17734385,0.19371599
SMA_09_87975,0.1376772,0.41353673,0.27553684,0.14924449,0.25824463,0.2454052,0.31059068,0.21815723,0.06588036,0.39005345,0.09938002,0.14216489,0.15276343,0.1905613,0.16387695,0.17945427,0.12601966,0.32498765,0.26990342,0.30315208,0.2969424,0.16360104,0.31474578,0.29515243,0.23336375,0.16781217,0.2447691,0.19724095,0.41926473,0.53492546,0.3060187,0.12230247,0.015993,0.290115,0.3071273,0.20744872,0.2972675,0.4161595,0.21172369,0.14188534,0.3964694,0.2428273,0.24677747,0.45893145,0.34594357,0.3793025,0.2997098,0.25274408,0.3105501,0.36908638,0.22894865,0.31350738,0.27820432,0.15870428,0.25711226,0.38671768,0.5019698,0.44908488,0.3381948,0.12925547,0.19883692,0.22652674,0.3297075,0.19931138,0.2282176,0.07069528,0.22200012,0.2632736,0.17585027,0.1244846,0.33948046,0.22200012,0.32998824,0.24793267,0.27587414,0.36497897,0.2706619,0.29623288,0.25708503,0.3282618,0.04843515,0.27303886,0.31447244,0.13161391,0.3212018,0.63088167,0.5764321,0.6016129,0.50161356,0.6795388,0.5541796,0.38226455,0.5381709,1.0,0.6735431,0.53918713,0.5788095,0.50923365,0.48489726,0.29162413,0.22678804,0.18241322,0.29112065,0.2315864,0.12821639,0.1460942,0.13993537,0.27679694,0.123194814,0.24143255,0.22668451,0.4046083,0.14925814,0.11729419,0.16630083,0.36019522
SMA_10_8b8dc,0.08808112,0.26033157,0.20166326,0.11998165,0.08015585,0.16647029,0.10678655,0.12592125,0.10553855,0.25921297,0.07618523,0.16998947,0.0770911,0.15802097,0.10194874,0.036983788,0.045592546,0.18020737,0.033011794,0.23993176,0.15976971,0.036715508,0.20279169,0.17934269,0.104058444,0.119987726,0.16411489,0.04654777,0.24111295,0.450976,0.2168526,0.021378398,0.054923356,0.13245201,0.18074,0.15691668,0.23082042,0.3403616,0.22799587,0.15800822,0.30801475,0.19906282,0.3742113,0.75363696,0.18540859,0.27879894,0.3494661,0.16609639,0.150208,0.41832572,0.09045446,0.20089155,0.3349799,0.16649437,0.043452024,0.44798678,0.29472065,0.40100533,0.36519766,0.14104688,0.2217381,0.2224192,0.2778501,0.19500417,0.21890783,0.0593068,0.2093935,0.21553874,0.18989444,0.12283403,0.22650576,0.2093935,0.31067282,0.17372322,0.22874951,0.28951442,0.15896761,0.18168384,0.13572419,0.24966753,0.032939076,0.2993917,0.118001044,0.056102574,0.19290936,0.53194976,0.6186656,0.61666685,0.5750931,0.70070434,0.5912857,0.46454406,0.6667358,0.6735431,1.0,0.5949914,0.46914256,0.516389,0.61544394,0.46858013,0.0962888,0.067204475,0.19760627,0.15719843,0.015273094,0.17933565,0.14310908,0.07720226,0.120172024,0.14946616,0.1683923,0.29220903,0.13053173,0.13495755,0.1464085,0.24684703
SMA_11_a504b,0.09643364,0.2667781,0.121855974,0.24555331,0.0170573,0.09521103,0.16415346,0.048303783,0.14580345,0.1860013,0.0072131157,0.08987832,0.030722082,0.010428548,0.09115034,0.0067828298,0.03377998,0.17362058,0.09107244,0.26184034,0.104551256,0.06650412,0.15042013,0.10874653,0.08655554,0.121450305,0.043854237,0.06726819,0.32455623,0.4666586,0.20910406,0.13680631,0.17961407,0.16324747,0.29567635,0.21189034,0.20654476,0.53971297,0.24271423,0.20436907,0.44404566,0.32045382,0.2831655,0.35093194,0.10386765,0.119916975,0.14601111,0.12146914,0.12949598,0.32829356,0.03715962,0.02166289,0.17726338,0.08060229,0.0,0.38405025,0.21320903,0.23671007,0.39841127,0.14377058,0.253474,0.17335057,0.23396891,0.16966403,0.2828359,0.07023358,0.19894761,0.1743052,0.15292782,0.2043317,0.24650276,0.19894761,0.28506345,0.23888582,0.20505881,0.33681965,0.16328949,0.092387795,0.09783256,0.17423153,0.105897844,0.15941805,0.12831056,0.053710938,0.26714987,0.51246303,0.4866768,0.59090734,0.42754024,0.6114156,0.82555896,0.4836458,0.6906186,0.53918713,0.5949914,1.0,0.40072423,0.66323406,0.52999526,0.17208278,0.058238804,0.08147663,0.2882027,0.061971486,0.083021164,0.07397485,0.2260167,0.086884916,0.03592652,0.0,0.06959134,0.203251,0.09347838,0.03696984,0.1617583,0.2127744
SMA_12_c6e00,0.18247569,0.36799794,0.14160353,0.058868468,0.58526856,0.26266795,0.13213563,0.23567891,0.008368313,0.2410658,0.012919784,0.0009880066,0.09500933,0.02704078,0.06773794,0.19104338,0.086972475,0.31673044,0.21799105,0.3288039,0.18730837,0.09983754,0.34107995,0.279032,0.2729383,0.15083069,0.21330649,0.2090398,0.4077692,0.31006485,0.373011,0.13608932,0.0,0.56222117,0.2524144,0.12621307,0.13842922,0.29465795,0.11521429,0.065903544,0.26873553,0.13200718,0.06423563,0.26936352,0.27497262,0.36513418,0.19188458,0.25572276,0.12052852,0.36493164,0.29798234,0.09647632,0.2783656,0.0029007196,0.16866916,0.22545427,0.1980052,0.29726863,0.18380344,0.09737277,0.2571637,0.18813276,0.17922783,0.23225296,0.33097082,0.06879735,0.12998301,0.31098986,0.14848536,0.12870234,0.22879136,0.12998301,0.25405192,0.11335516,0.14847827,0.06945908,0.11478001,0.29137433,0.16617525,0.22919261,0.0263232,0.07526678,0.074344754,0.1324017,0.29296124,0.51515526,0.47893864,0.47421265,0.36712736,0.4050172,0.4139033,0.38607782,0.33633316,0.5788095,0.46914256,0.40072423,1.0,0.42977464,0.34767485,0.12582159,0.19959259,0.014849186,0.16699535,0.19063568,0.0,0.04213828,0.057484627,0.08201879,0.0,0.33250034,0.056412935,0.1351592,0.08228618,0.056416273,0.06708372,0.25703824
SMA_13_c9088,0.062063873,0.25192094,0.11151618,0.21124554,0.09825033,0.1020723,0.14474761,0.112427354,0.13455087,0.11719155,0.0,0.057147622,0.0,0.0,0.21680391,0.035942793,0.15560877,0.2758183,0.14678025,0.3793074,0.18435317,0.07353896,0.24802923,0.22885841,0.24835122,0.18567312,0.13224626,0.13883168,0.31857777,0.4275384,0.324732,0.09020579,0.21999294,0.2537644,0.33725977,0.15836084,0.32197988,0.4781199,0.30338407,0.15978229,0.6662597,0.461946,0.23742378,0.3143885,0.13711774,0.07813114,0.12622523,0.10527122,0.079463065,0.35296464,0.039638758,0.0,0.19233084,0.0053599477,0.0,0.35089087,0.17600471,0.18077165,0.30868298,0.14818239,0.29706693,0.17812783,0.26719266,0.2713433,0.30352402,0.08405352,0.19210541,0.2153883,0.13839066,0.23114467,0.2686211,0.19210541,0.27929497,0.22544336,0.40396965,0.23886633,0.52477986,0.21109569,0.23256165,0.27498692,0.17364275,0.1640324,0.16283423,0.10160172,0.49267727,0.5311381,0.47556448,0.4374547,0.48569566,0.4995278,0.56139797,0.44332218,0.58015525,0.50923365,0.516389,0.66323406,0.42977464,1.0,0.41720426,0.178181,0.14883596,0.04555434,0.15175849,0.10222924,0.10785848,0.044612944,0.11492944,0.08199078,0.0,0.07304978,0.06150341,0.12643272,0.06982964,0.09458524,0.10665661,0.1376077
SMA_14_cdb07,0.09331989,0.17160541,0.10796821,0.13203514,0.0,0.09952456,0.13381445,0.005727589,0.06369734,0.12180668,0.0,0.0,0.008321464,0.016612113,0.10398984,0.047667265,0.09999794,0.13014942,0.028559804,0.15681934,0.117094874,0.10139334,0.17164195,0.13227022,0.17605603,0.20952523,0.09131366,0.081843495,0.2618097,0.5391883,0.21697724,0.11154121,0.20019805,0.11143088,0.16026694,0.17145562,0.18606073,0.5256551,0.17729914,0.3125648,0.3718046,0.36168367,0.3142687,0.33048046,0.19626415,0.040814877,0.10934031,0.05269903,0.09401828,0.28844166,0.01791042,0.0,0.23008746,0.07995701,0.0,0.1824134,0.1523779,0.11857432,0.27942073,0.00418067,0.06712741,0.07863468,0.11830109,0.0728519,0.10568464,0.018499732,0.05197978,0.116265774,0.06720108,0.040106833,0.08603644,0.05197978,0.14674634,0.16988897,0.10803139,0.3657037,0.14582276,0.13624036,0.05064255,0.063272834,0.04051596,0.14807856,0.07694888,0.08302045,0.13934952,0.41560912,0.52746415,0.5452688,0.3989907,0.6022776,0.6196624,0.5585362,0.5587183,0.48489726,0.61544394,0.52999526,0.34767485,0.41720426,1.0,0.10885352,0.038452923,0.11119604,0.1727069,0.052288294,0.07748115,0.12419152,0.2929747,0.07681435,0.07542443,0.08838904,0.16748834,0.16401058,0.14799494,0.084487975,0.19467402,0.1829012
TRA_01_10265,0.012791574,0.0,0.10371107,0.079132676,0.057770908,0.087286234,0.0,0.07495141,0.12971288,0.050435185,0.06497806,0.2207666,0.06624389,0.08204293,0.0066775084,0.04581487,0.09688133,0.13055283,0.12555748,0.1692667,0.16240221,0.0925467,0.061138332,0.08060849,0.02981484,0.1487087,0.24620223,0.07497454,0.12158233,0.09494144,0.151187,0.042792916,0.0,0.1657669,0.06870103,0.11841416,0.2144242,0.05065322,0.23866099,0.0926978,0.07057774,0.027576208,0.29901338,0.6553924,0.115748405,0.29375064,0.32584476,0.19195682,0.20732868,0.23846716,0.100017965,0.24714005,0.21305794,0.20701045,0.19540715,0.44353712,0.3157711,0.3539722,0.26709604,0.23794127,0.16337776,0.17758071,0.20035875,0.083372176,0.1714657,0.027306318,0.1842727,0.12966317,0.2083965,0.12724876,0.20456505,0.1842727,0.14662951,0.16646922,0.32328892,0.22960037,0.19403088,0.21549833,0.14036262,0.28559828,0.0505656,0.3665741,0.19420153,0.115774035,0.15116918,0.16906023,0.1962716,0.16194558,0.30565876,0.22697687,0.13401538,0.10268235,0.32273567,0.29162413,0.46858013,0.17208278,0.12582159,0.178181,0.10885352,1.0,0.3556955,0.22237879,0.16317225,0.32802474,0.35134643,0.2629177,0.23613822,0.2521972,0.32340658,0.24665844,0.3125481,0.45979762,0.25939077,0.36606193,0.1034075,0.20284688
TRA_02_12fb4,0.05517739,0.052024126,0.15906072,0.008111,0.19325334,0.067647934,0.088037014,0.23798662,0.061189532,0.09950918,0.07018888,0.14226699,0.13924468,0.06743729,0.17913318,0.39142412,0.35482895,0.46260947,0.2774371,0.43436944,0.42849553,0.32194114,0.43280542,0.488891,0.34370232,0.32114416,0.35784996,0.47349036,0.31531572,0.14474124,0.38370705,0.087708175,0.006267488,0.3086698,0.19720125,0.0721665,0.19788563,0.17046255,0.17776036,0.046091557,0.20040315,0.12754923,0.105902255,0.14777094,0.27619386,0.19252062,0.20274085,0.30064577,0.2824155,0.2638048,0.19209683,0.19847113,0.2549656,0.10820073,0.1589489,0.25156486,0.3620813,0.28944182,0.115695,0.049628854,0.27181536,0.24141395,0.2921648,0.23138613,0.20369327,0.107186854,0.24655068,0.31996834,0.2591949,0.19025528,0.22504705,0.24655068,0.23030436,0.09902501,0.3144533,0.13152683,0.27642965,0.3584988,0.17919892,0.4593408,0.05883187,0.20026606,0.25004733,0.14698732,0.3267908,0.3457818,0.19494575,0.06867224,0.30755293,0.11754805,0.07501793,0.03159696,0.09829843,0.22678804,0.0962888,0.058238804,0.19959259,0.14883596,0.038452923,0.3556955,1.0,0.31781507,0.42032158,0.397717,0.47851557,0.531518,0.29170823,0.4573077,0.44266027,0.50673515,0.36736917,0.49425614,0.49384534,0.381697,0.348302,0.47874063
TRA_03_21d93,0.1543864,0.0154669285,0.12001872,0.07181448,0.0788911,0.10848403,0.17883056,0.034092844,0.007280767,0.07545304,0.1233961,0.059096098,0.1304394,0.07084912,0.11969966,0.1855402,0.2871263,0.12341082,0.26056778,0.10206765,0.21693057,0.2425909,0.12973708,0.17471778,0.15586251,0.252105,0.1561507,0.19815284,0.21421713,0.29447353,0.12149894,0.14155412,0.10679519,0.18094623,0.11085975,0.16810161,0.11286539,0.14512229,0.087923706,0.19983703,0.11439043,0.14842749,0.13236004,0.05514294,0.078053,0.0377869,0.18107545,0.06851572,0.23019123,0.0678345,0.08775425,0.106001735,0.042310536,0.086482644,0.029693007,0.13010192,0.2991451,0.17336142,0.1456039,0.0,0.040064692,0.11322403,0.11812931,0.0,0.014217794,0.07298905,0.09653449,0.0,0.20792699,0.0,0.08441967,0.09653449,0.0998556,0.084873796,0.099912345,0.22356355,0.063979626,0.06460643,0.0,0.046481013,0.0014920831,0.06066954,0.2270348,0.048291326,0.016995728,0.12738019,0.14170939,0.16050065,0.14625633,0.2036779,0.05331582,0.0,0.16616517,0.18241322,0.067204475,0.08147663,0.014849186,0.04555434,0.11119604,0.22237879,0.31781507,1.0,0.33136523,0.23277992,0.5093191,0.29816407,0.48754168,0.5072549,0.43591118,0.29280102,0.553504,0.45031184,0.53006476,0.3397355,0.36279678,0.42935354
TRA_04_2ad9e,0.11622685,0.2780553,0.19354701,0.07817674,0.11734992,0.13215238,0.20119822,0.12138438,0.0062657,0.27093697,0.11553919,0.042453527,0.20644468,0.049586892,0.16237694,0.12934572,0.17050242,0.27108544,0.12790304,0.26783872,0.24876308,0.17133367,0.23494953,0.18231869,0.2488153,0.16645432,0.1036033,0.2201721,0.21286398,0.24132007,0.13657278,0.0733155,0.041560173,0.13870019,0.22652757,0.08580804,0.15108758,0.362967,0.056209028,0.08958042,0.22094113,0.16951632,0.048805714,0.09587163,0.1893735,0.22449398,0.17892838,0.27293742,0.29838085,0.25019693,0.2498638,0.11346716,0.15943688,0.07306236,0.12600476,0.38144374,0.38645363,0.339934,0.20049143,0.022619247,0.14580327,0.2754959,0.3298694,0.19310576,0.17966688,0.079253316,0.18190384,0.14063132,0.12926203,0.30299884,0.203228,0.18190384,0.33999097,0.10262674,0.20075327,0.16164112,0.14580828,0.1677621,0.20141983,0.31375092,0.049806654,0.07125735,0.23070204,0.09335613,0.31065637,0.34280992,0.3187003,0.24701762,0.2536443,0.2949425,0.37807024,0.21589011,0.21143693,0.29112065,0.19760627,0.2882027,0.16699535,0.15175849,0.1727069,0.16317225,0.42032158,0.33136523,1.0,0.3336588,0.34339327,0.31471872,0.32454967,0.4758178,0.47167146,0.38073158,0.35030746,0.49917173,0.5635333,0.36756033,0.8060047,0.70941573
TRA_05_4f9a6,0.080733,0.21513426,0.20534563,0.0,0.2619171,0.16568005,0.103622794,0.20519632,0.0,0.21618378,0.14773178,0.14811671,0.21578771,0.1332717,0.0067983866,0.15234983,0.19424939,0.19702333,0.23993278,0.15535581,0.2968204,0.09855592,0.16227555,0.20319188,0.073106706,0.10954392,0.25694287,0.1336006,0.18113923,0.19682091,0.32315856,0.098754525,0.004439175,0.3478282,0.22975361,0.07877123,0.15138572,0.17143422,0.15769911,0.06818241,0.14931118,0.0,0.1076051,0.19511473,0.23214948,0.19690394,0.20637488,0.18461382,0.34270525,0.19355154,0.26111126,0.27032667,0.19952208,0.112944245,0.13202232,0.18452227,0.36270368,0.27843654,0.06161177,0.12702382,0.12286514,0.18070292,0.22004783,0.109811306,0.08722353,0.08166319,0.1579839,0.17451775,0.112736404,0.061828434,0.35286295,0.1579839,0.1980074,0.18383217,0.4510271,0.14304167,0.27491105,0.38380378,0.30317914,0.41191834,0.29482275,0.29880524,0.37859553,0.24273413,0.30091858,0.21046853,0.14535451,0.13593173,0.3010134,0.10855466,0.0706926,0.042202115,0.08121848,0.2315864,0.15719843,0.061971486,0.19063568,0.10222924,0.052288294,0.32802474,0.397717,0.23277992,0.3336588,1.0,0.32141316,0.34341097,0.31150585,0.51723,0.3814745,0.4737501,0.26169842,0.4199636,0.29238462,0.3169819,0.2303611,0.3789084
TRA_06_50971,0.1333226,0.0,0.13062239,0.077091336,0.040995777,0.07601106,0.14130557,0.03735608,0.0037319064,0.06498712,0.14093208,0.08592701,0.14585853,0.063198686,0.19319177,0.2203595,0.37432444,0.22879022,0.33810008,0.13433897,0.32680428,0.35692018,0.16601884,0.25250423,0.30464435,0.39404327,0.22074372,0.33302218,0.18500412,0.21146727,0.1760363,0.14563262,0.13118023,0.1773417,0.1535182,0.10930377,0.21157897,0.16525531,0.14842308,0.16874373,0.20405579,0.17677462,0.17302322,0.07135838,0.16822958,0.108727574,0.1572997,0.15062231,0.33118182,0.113954306,0.09020811,0.08946478,0.054126263,0.15317416,0.11619991,0.18497491,0.3583814,0.15787208,0.117521584,0.0,0.048612833,0.15800011,0.16188467,0.0,0.036762834,0.13553143,0.15007448,0.0,0.25960726,0.06341016,0.19695848,0.15007448,0.13661575,0.2037875,0.28880554,0.2832477,0.31836176,0.1976409,0.0725615,0.15481222,0.14593905,0.21226078,0.43554872,0.28091848,0.22126198,0.15058422,0.18327183,0.12848836,0.12809801,0.22596645,0.027164996,0.0,0.12603825,0.12821639,0.015273094,0.083021164,0.0,0.10785848,0.07748115,0.35134643,0.47851557,0.5093191,0.34339327,0.32141316,1.0,0.3292508,0.5621669,0.61460567,0.54959387,0.27670676,0.5944413,0.46724784,0.52560216,0.35570806,0.3699239,0.4444089
TRA_07_669a5,0.0,0.0,0.05354935,0.0,0.0,0.0,0.03618902,0.0,0.015919805,0.046370804,0.0,0.07666069,0.06125796,0.0040542483,0.008821189,0.2517867,0.22272855,0.20079082,0.05119902,0.18778443,0.20006067,0.12179834,0.2744589,0.29948843,0.13220644,0.2695524,0.21431834,0.23221546,0.1014753,0.11348534,0.12595594,0.04151696,0.0,0.07878417,0.057199538,0.06514603,0.08879578,0.042714834,0.12055099,0.061247587,0.06327158,0.0,0.008554697,0.14294791,0.06002891,0.0,0.11614317,0.06354886,0.22400576,0.19871795,0.052883446,0.12298584,0.20425177,0.08628869,0.0,0.10412896,0.16272718,0.13974762,0.14423203,0.08117354,0.13081896,0.071552396,0.16984987,0.092077255,0.02961272,0.084688365,0.124031425,0.30097193,0.13884842,0.1173107,0.12062329,0.124031425,0.11658633,0.0,0.09309596,0.05954933,0.050049424,0.08677298,0.0,0.32672155,0.046816707,0.025880873,0.024740875,0.0,0.038151562,0.19390345,0.2583539,0.1453836,0.39271653,0.17941612,0.07703155,0.043808877,0.19730532,0.1460942,0.17933565,0.07397485,0.04213828,0.044612944,0.12419152,0.2629177,0.531518,0.29816407,0.31471872,0.34341097,0.3292508,1.0,0.39530897,0.31136084,0.466847,0.44418228,0.42673618,0.33762455,0.42334473,0.34798098,0.3221373,0.46000957
TRA_08_6d02c,0.12793708,0.039228857,0.038776815,0.07686353,0.004243493,0.071132004,0.099517226,0.0,0.0,0.10469484,0.06627393,0.017481983,0.031216264,0.08393502,0.12786788,0.12813157,0.25285488,0.17377007,0.17144167,0.10693759,0.15234804,0.28217578,0.2083106,0.1906861,0.19518846,0.41268212,0.06830078,0.1744219,0.12388229,0.1963799,0.123518825,0.11173087,0.14144349,0.13183415,0.06782031,0.1573149,0.09709132,0.2652189,0.07092303,0.23420942,0.13392669,0.18265998,0.15934265,0.10876018,0.111210525,0.06253773,0.15577745,0.029806972,0.17328703,0.14017272,0.0478158,0.07709569,0.053406894,0.06725693,0.0,0.1766274,0.2282592,0.14471072,0.24630225,0.0,0.03207308,0.084849834,0.04320538,0.0,0.015170932,0.11244333,0.030218601,0.011615753,0.15724874,0.06342864,0.042666078,0.030218601,0.0559507,0.065047085,0.15551972,0.20943546,0.09279686,0.07315993,0.0,0.03893113,0.06846303,0.08105832,0.13472122,0.07548791,0.05249405,0.106621325,0.19889486,0.15336502,0.22051203,0.22838259,0.23027658,0.028017163,0.28187436,0.13993537,0.14310908,0.2260167,0.057484627,0.11492944,0.2929747,0.23613822,0.29170823,0.48754168,0.32454967,0.31150585,0.5621669,0.39530897,1.0,0.38128173,0.39709556,0.2949403,0.5394039,0.3413558,0.56024367,0.36023462,0.36648387,0.49320614
TRA_09_74397,0.12999725,0.19366372,0.24036705,0.115777194,0.15979218,0.16934466,0.28825402,0.18049711,0.020314932,0.23984241,0.17217499,0.1032604,0.22733808,0.12792838,0.24086398,0.16040254,0.3361107,0.20461464,0.40963888,0.1907289,0.41488373,0.14124876,0.1503995,0.23555529,0.24356788,0.21281272,0.21411401,0.29282665,0.25032377,0.28703022,0.21553397,0.070879936,0.04566735,0.22116202,0.1690175,0.06255424,0.12327254,0.19118613,0.09585345,0.03391081,0.16110122,0.15037036,0.048370898,0.046141684,0.24727112,0.17566305,0.16971976,0.2194581,0.49674165,0.18410492,0.20787251,0.1754697,0.14059722,0.043833673,0.20448852,0.19943565,0.55643255,0.24097645,0.06395835,0.0,0.07452983,0.22408867,0.27949595,0.065534115,0.089482546,0.19549227,0.20533246,0.10360706,0.15182614,0.07603502,0.38647854,0.20533246,0.26205444,0.32004327,0.3051048,0.25526762,0.27027893,0.3084861,0.16399562,0.29357845,0.16874135,0.24153286,0.62997085,0.33819056,0.25822842,0.2581582,0.23135453,0.13923419,0.18308997,0.1829561,0.08171487,0.0,0.085474074,0.27679694,0.07720226,0.086884916,0.08201879,0.08199078,0.07681435,0.2521972,0.4573077,0.5072549,0.4758178,0.51723,0.61460567,0.31136084,0.38128173,1.0,0.54788685,0.37527096,0.40386713,0.5569388,0.5082335,0.3510641,0.4310043,0.51490027
TRA_10_785d6,0.12704062,0.078186095,0.17576188,0.059720933,0.09762508,0.15779454,0.13268858,0.10700172,0.07145494,0.16043586,0.08490294,0.1160934,0.19685674,0.13443673,0.18938512,0.14465916,0.2418415,0.099061966,0.12581939,0.16052914,0.2142613,0.10045636,0.118490815,0.11724478,0.16830945,0.19291836,0.13632041,0.14806563,0.13375825,0.16173238,0.11919898,0.13797104,0.0,0.13725567,0.15481609,0.13249505,0.18509924,0.12864423,0.081459105,0.13313586,0.065464914,0.055502772,0.15671384,0.12983847,0.12520313,0.09927243,0.118291795,0.121029854,0.28980863,0.22080123,0.1180473,0.12640822,0.1335321,0.058715582,0.06888652,0.2007795,0.3347848,0.19092196,0.069324374,0.0,0.09512144,0.13800365,0.1987583,0.06387234,0.052177846,0.08502406,0.11888087,0.09259546,0.11679554,0.068344295,0.17036784,0.11888087,0.12913245,0.11519593,0.22932851,0.20794451,0.15952182,0.20394218,0.14071256,0.16957438,0.06294936,0.207955,0.27037805,0.050079346,0.17678708,0.11424106,0.17559522,0.08630687,0.21337318,0.11325914,0.071738005,0.0,0.18993759,0.123194814,0.120172024,0.03592652,0.0,0.0,0.07542443,0.32340658,0.44266027,0.43591118,0.47167146,0.3814745,0.54959387,0.466847,0.39709556,0.54788685,1.0,0.4671619,0.4601246,0.5405834,0.6089656,0.46546125,0.45369864,0.52683777
TRA_11_7d8bf,0.12745506,0.22391981,0.12753189,0.0,0.3715632,0.21292496,0.22755688,0.21141905,0.0,0.27058363,0.21038866,0.008846223,0.21750998,0.12158871,0.13721532,0.2998035,0.28739583,0.28012085,0.21238649,0.21754801,0.26354623,0.10991645,0.2953542,0.27878302,0.22957999,0.22524488,0.3229457,0.20703554,0.18891633,0.09023595,0.28913045,0.059130788,0.0,0.37140572,0.14016086,0.09814632,0.12591249,0.11698365,0.11584067,0.08434057,0.13827085,0.025187135,0.04126513,0.12400985,0.3537947,0.11207652,0.178051,0.2465846,0.21928823,0.27483058,0.16788816,0.1648472,0.34268945,0.031523705,0.13760275,0.11603445,0.26380587,0.21320724,0.035976827,0.00095009804,0.15284926,0.15619165,0.12557268,0.07102394,0.1287651,0.07758874,0.09463155,0.2916664,0.14150453,0.105228364,0.18778092,0.09463155,0.12397444,0.097771645,0.22540092,0.039187074,0.22530544,0.41783214,0.1560688,0.19616699,0.08518171,0.12878084,0.15225148,0.07764298,0.28370893,0.14423025,0.2624488,0.06613809,0.25332665,0.08861691,0.043542504,0.10519922,0.0333457,0.24143255,0.14946616,0.0,0.33250034,0.07304978,0.08838904,0.24665844,0.50673515,0.29280102,0.38073158,0.4737501,0.27670676,0.44418228,0.2949403,0.37527096,0.4671619,1.0,0.37773776,0.38969338,0.42105722,0.43390292,0.2998333,0.45144272
TRA_12_9234f,0.15352523,0.03727126,0.09827429,0.052517354,0.08926433,0.13959813,0.15280569,0.044909358,0.008208692,0.13469094,0.15635991,0.06862903,0.08558953,0.11569238,0.14607686,0.23063713,0.26797628,0.1719681,0.22394061,0.16634071,0.22300172,0.31369185,0.20992583,0.22737539,0.20847368,0.35167718,0.17257571,0.19879508,0.21842605,0.2063067,0.17541009,0.13571644,0.04577124,0.14401948,0.1003142,0.15696883,0.20777577,0.11660981,0.080097616,0.19406092,0.1250658,0.09853411,0.13501906,0.18311119,0.16202796,0.10101372,0.22502333,0.113749504,0.26335084,0.16676182,0.125911,0.1630398,0.12752742,0.17759258,0.06643605,0.18629599,0.30755872,0.20062882,0.24749047,0.049426556,0.111733496,0.10284126,0.08479333,0.0,0.054938197,0.14991331,0.067860246,0.05055839,0.31330216,0.023572862,0.0850265,0.067860246,0.09570712,0.061597824,0.15854836,0.21625054,0.13252592,0.13000834,0.01536715,0.11853051,0.064365864,0.09077901,0.23166007,0.14428872,0.071171105,0.15128928,0.34645933,0.17887175,0.24091053,0.33267617,0.092214346,0.07048309,0.19054306,0.22668451,0.1683923,0.06959134,0.056412935,0.06150341,0.16748834,0.3125481,0.36736917,0.553504,0.35030746,0.26169842,0.5944413,0.42673618,0.5394039,0.40386713,0.4601246,0.37773776,1.0,0.4657424,0.5459877,0.43142533,0.35204792,0.491212
TRA_13_99007,0.12009108,0.19318849,0.266491,0.22377133,0.19504446,0.217183,0.17179638,0.16505724,0.08650684,0.29200906,0.13668317,0.15151298,0.15972161,0.16719317,0.14409685,0.090207815,0.17765796,0.20946735,0.18457127,0.30100942,0.32247317,0.15424216,0.1777432,0.19906342,0.14212424,0.16212207,0.13678473,0.22783804,0.3486265,0.33983803,0.2926396,0.15625513,0.08473325,0.3237096,0.29994947,0.23233181,0.25950193,0.26738447,0.2723807,0.16500264,0.19879806,0.13764882,0.28633118,0.35602427,0.28837729,0.4419371,0.42202032,0.33592498,0.42743683,0.39663202,0.30841398,0.359841,0.25137293,0.20865512,0.30624294,0.5215683,0.69191086,0.5751898,0.27658153,0.016180396,0.18502992,0.21968997,0.29237264,0.09532702,0.17324996,0.036865413,0.17450386,0.07293773,0.120287,0.06568438,0.23746812,0.17450386,0.23698378,0.13988137,0.23473144,0.36689186,0.16081786,0.2146163,0.18759197,0.32153714,0.0,0.24955428,0.33073664,0.15785289,0.18065691,0.25491476,0.2571138,0.1687187,0.26742756,0.22497958,0.21707219,0.07762998,0.29025233,0.4046083,0.29220903,0.203251,0.1351592,0.12643272,0.16401058,0.45979762,0.49425614,0.45031184,0.49917173,0.4199636,0.46724784,0.33762455,0.3413558,0.5569388,0.5405834,0.38969338,0.4657424,1.0,0.5513075,0.47928715,0.43645084,0.5801667
TRA_14_9c743,0.14752889,0.06804514,0.13511008,0.07401246,0.12818646,0.13573402,0.083589315,0.09765965,0.020742,0.12659794,0.08060002,0.046201468,0.14458442,0.08945531,0.21375775,0.18954206,0.29743505,0.24905562,0.18355179,0.23848695,0.27005327,0.24626935,0.28543758,0.2582541,0.34599012,0.30909455,0.15143067,0.26392847,0.17952925,0.16627705,0.14602083,0.12217051,0.045051515,0.17362487,0.122738004,0.10095191,0.118217826,0.1861791,0.036084533,0.1322993,0.09737295,0.27694225,0.0824942,0.1485753,0.1924609,0.19101757,0.26742995,0.1834526,0.26250327,0.22840941,0.20955521,0.14081788,0.17560267,0.10324192,0.07541031,0.2610309,0.38661265,0.28928262,0.15453738,0.0,0.1091702,0.13940954,0.14140916,0.06654763,0.11253196,0.06597006,0.09461796,0.028039157,0.17043793,0.09992933,0.0808627,0.09461796,0.106413364,0.0,0.14937258,0.18287027,0.09927076,0.110834,0.05096805,0.14942837,0.010043383,0.065537214,0.20963478,0.06626248,0.11373043,0.20321923,0.33991253,0.12660617,0.16095126,0.17602825,0.14192557,0.023242474,0.18444276,0.14925814,0.13053173,0.09347838,0.08228618,0.06982964,0.14799494,0.25939077,0.49384534,0.53006476,0.5635333,0.29238462,0.52560216,0.42334473,0.56024367,0.5082335,0.6089656,0.42105722,0.5459877,0.5513075,1.0,0.41268617,0.56872106,0.6777889
TRA_15_a15d9,0.18117595,0.15635508,0.21319675,0.23608905,0.15417743,0.29474074,0.086413085,0.18310833,0.30882424,0.21539891,0.18830895,0.1818273,0.105559826,0.08845115,0.1999811,0.25102526,0.3373711,0.3569039,0.2253831,0.34758967,0.28557986,0.22243023,0.2731638,0.30200136,0.29699516,0.20435435,0.25859332,0.23939276,0.065194726,0.10862714,0.107480586,0.08917004,0.03155446,0.14315665,0.11397624,0.096141934,0.15621138,0.109654665,0.103321314,0.09344298,0.22241026,0.09327239,0.10911161,0.16656446,0.11574435,0.17226028,0.25078142,0.18990391,0.24904317,0.31268883,0.18193746,0.18127352,0.07184392,0.08301079,0.07473779,0.35091388,0.29091775,0.26772046,0.27286023,0.07313502,0.038763463,0.09321529,0.07791197,0.012886465,0.0,0.09750438,0.04412532,0.0,0.10490292,0.051083267,0.07492024,0.04412532,0.068079114,0.05531019,0.1738652,0.063429356,0.16178161,0.05975485,0.123762965,0.13626689,0.0,0.13255179,0.14044464,0.083863854,0.13700998,0.07800001,0.07521474,0.04525715,0.18124533,0.05713296,0.077928185,0.08374119,0.08464295,0.11729419,0.13495755,0.03696984,0.056416273,0.09458524,0.084487975,0.36606193,0.381697,0.3397355,0.36756033,0.3169819,0.35570806,0.34798098,0.36023462,0.3510641,0.46546125,0.43390292,0.43142533,0.47928715,0.41268617,1.0,0.37804377,0.43487823
TRA_16_aad47,0.12030405,0.19841301,0.1168856,0.08103371,0.064252496,0.08841205,0.18347907,0.066479504,0.028112829,0.23270392,0.08505249,0.0,0.15314037,0.032387316,0.19954026,0.11941069,0.20928049,0.23826069,0.068647146,0.2324444,0.20102352,0.19599223,0.23088312,0.20437133,0.27796638,0.1968748,0.08387041,0.2422089,0.13807225,0.23743087,0.081146,0.0739913,0.080323994,0.0963667,0.11108565,0.05772543,0.08284044,0.24973935,0.0,0.04655236,0.20411754,0.18568385,0.052596092,0.032568157,0.15401769,0.15778798,0.18249017,0.22308373,0.2454921,0.23997879,0.18466294,0.046788752,0.17827106,0.053753197,0.04007113,0.28457052,0.30712724,0.26481628,0.15302181,0.0,0.10106981,0.20162809,0.23459941,0.15021813,0.111365914,0.0649814,0.11063737,0.04324627,0.08727515,0.1931135,0.084919095,0.11063737,0.2253533,0.08243394,0.1573292,0.12462884,0.13882333,0.097668886,0.11258358,0.19692361,0.0,0.028331935,0.15589243,0.079722226,0.1961829,0.2518158,0.23878872,0.24511129,0.21539283,0.24491572,0.22012043,0.1495676,0.17734385,0.16630083,0.1464085,0.1617583,0.06708372,0.10665661,0.19467402,0.1034075,0.348302,0.36279678,0.8060047,0.2303611,0.3699239,0.3221373,0.36648387,0.4310043,0.45369864,0.2998333,0.35204792,0.43645084,0.56872106,0.37804377,1.0,0.61624616
TRA_17_b751a,0.124550164,0.26410508,0.27075064,0.07927853,0.1821016,0.1455468,0.18894678,0.17980838,0.0,0.29224694,0.18891597,0.061086774,0.1712467,0.116069615,0.15236521,0.15441477,0.21512556,0.32662612,0.19429636,0.30033594,0.31568658,0.20413226,0.37404668,0.27055156,0.2585413,0.2315824,0.141918,0.26827896,0.26741362,0.21829039,0.22309351,0.065457225,0.0391047,0.17386723,0.279454,0.09349567,0.15480167,0.27062207,0.04167366,0.096465826,0.16496348,0.13613391,0.043323934,0.17822486,0.26442796,0.3420502,0.3026328,0.3364697,0.40976226,0.34783912,0.32950026,0.17503476,0.21375597,0.105944514,0.1884731,0.3985256,0.4828747,0.46705943,0.3011462,0.0,0.18897861,0.25447452,0.29267722,0.15489149,0.185287,0.16416591,0.21730459,0.19263506,0.17370605,0.17490113,0.24244559,0.21730459,0.33125257,0.0568285,0.17361808,0.13532805,0.11573565,0.19606423,0.18987083,0.3133468,0.022509873,0.096738756,0.25547892,0.078237355,0.22185004,0.3688804,0.3980977,0.26163805,0.3027315,0.3113116,0.27342492,0.17539096,0.19371599,0.36019522,0.24684703,0.2127744,0.25703824,0.1376077,0.1829012,0.20284688,0.47874063,0.42935354,0.70941573,0.3789084,0.4444089,0.46000957,0.49320614,0.51490027,0.52683777,0.45144272,0.491212,0.5801667,0.6777889,0.43487823,0.61624616,1.0
