,AGR_01_06825,AGR_02_225ce,AGR_03_3834d,AGR_04_4248c,AGR_05_7d386,AGR_06_86d5e,AGR_07_8b7c5,AGR_08_8dbee,AGR_09_8dd61,AGR_10_9781f,AGR_11_a8ba8,AGR_12_c170b,AGR_13_d7fa3,AGR_14_f501a,AGR_15_fe6d3,DIS_01_0c5e4,DIS_02_24fa8,DIS_03_28e55,DIS_04_3296a,DIS_05_4c0e5,DIS_06_605ba,DIS_07_67eb1,DIS_08_71203,DIS_09_891e7,DIS_10_9a1d5,DIS_11_b2825,DIS_12_daad3,DIS_13_f7310,ENE_01_0ce22,ENE_02_24d51,ENE_03_31059,ENE_04_3143a,ENE_05_47c10,ENE_06_68cc5,ENE_07_6b773,ENE_08_76dd7,ENE_09_82f47,ENE_10_a6418,ENE_11_b6eb2,ENE_12_bf662,ENE_13_d269b,ENE_14_dc481,ENE_15_f6fae,ENV_01_0cfd4,ENV_02_0f9b0,ENV_03_2f819,ENV_04_46549,ENV_05_4e2b7,ENV_06_5bd1c,ENV_07_6070a,ENV_08_6c0c3,ENV_09_80007,ENV_10_8f360,ENV_11_97928,ENV_12_d933a,ENV_13_e223a,ENV_14_e4670,ENV_15_f1429,ENV_16_f8183,HEA_01_07f11,HEA_02_0a422,HEA_03_12168,HEA_04_19bb1,HEA_05_65dc0,HEA_06_6bf25,HEA_07_7822c,HEA_08_7c732,HEA_09_8b6f3,HEA_10_95108,HEA_11_a46bf,HEA_12_cb742,HEA_13_e6d1e,HEA_14_eb0b8,MAN_01_00138,MAN_02_0bce5,MAN_03_368c1,MAN_04_38948,MAN_05_5144b,MAN_06_5a689,MAN_07_5faab,MAN_08_678a7,MAN_09_678b1,MAN_10_b0685,MAN_11_d7e72,MAN_12_da3b4,SMA_01_0592f,SMA_02_1b70d,SMA_03_20b1e,SMA_04_28b4e,SMA_05_29f8e,SMA_06_2df5b,SMA_07_57127,SMA_08_6d7ad,SMA_09_87975,SMA_10_8b8dc,SMA_11_a504b,SMA_12_c6e00,SMA_13_c9088,SMA_14_cdb07,TRA_01_10265,TRA_02_12fb4,TRA_03_21d93,TRA_04_2ad9e,TRA_05_4f9a6,TRA_06_50971,TRA_07_669a5,TRA_08_6d02c,TRA_09_74397,TRA_10_785d6,TRA_11_7d8bf,TRA_12_9234f,TRA_13_99007,TRA_14_9c743,TRA_15_a15d9,TRA_16_aad47,TRA_17_b751a
AGR_01_06825,1.0,0.5643419027328491,0.3718106746673584,0.4137895703315735,0.6034713983535767,0.6433018445968628,0.4411467909812927,0.3542044162750244,0.42167866230010986,0.4411125183105469,0.40307414531707764,0.2799490690231323,0.3174207806587219,0.5042621493339539,0.502956748008728,0.22752922773361206,0.16932392120361328,0.20421141386032104,0.24287819862365723,0.06284177303314209,0.17838823795318604,0.20825612545013428,0.13171499967575073,0.20337527990341187,0.3075156807899475,0.17508423328399658,0.14769798517227173,0.1783750057220459,0.05449944734573364,0.16280603408813477,0.06502366065979004,0.3453894257545471,0.06366944313049316,0.1360759735107422,0.14669311046600342,0.19554346799850464,0.09355521202087402,0.14522027969360352,0.06800341606140137,0.2751859426498413,0.19958722591400146,0.1493869423866272,0.12196105718612671,0.09751975536346436,0.19202101230621338,0.25857001543045044,0.12354612350463867,0.10352480411529541,0.15692317485809326,0.07201796770095825,0.329830527305603,0.24671614170074463,0.06472820043563843,0.21777385473251343,0.054400742053985596,0.14744651317596436,0.21451336145401,0.13309109210968018,0.16933679580688477,0.06525003910064697,0.003624856472015381,0.06171107292175293,0.13074123859405518,0.031331658363342285,0.0036348700523376465,0.1478424072265625,0.1470203399658203,0.0,0.2771017551422119,0.0041710734367370605,0.10774052143096924,0.1470203399658203,0.10350114107131958,0.09655314683914185,0.16459059715270996,0.20579016208648682,0.12271291017532349,0.08365780115127563,0.030395686626434326,0.011514663696289062,0.0,0.13686054944992065,0.16949713230133057,0.11669337749481201,0.0682910680770874,0.07078593969345093,0.04650473594665527,0.11139565706253052,0.005572855472564697,0.16388481855392456,0.07871025800704956,0.018871426582336426,0.1488107442855835,0.13767719268798828,0.08808112144470215,0.09643363952636719,0.18247568607330322,0.06206387281417847,0.09331989288330078,0.012791574001312256,0.055177390575408936,0.15438640117645264,0.11622685194015503,0.08073300123214722,0.1333225965499878,0.0,0.12793707847595215,0.12999725341796875,0.12704062461853027,0.12745505571365356,0.1535252332687378,0.12009108066558838,0.14752888679504395,0.18117594718933105,0.12030404806137085,0.12455016374588013
AGR_02_225ce,0.5643419027328491,1.0,0.47584962844848633,0.39189308881759644,0.5733020305633545,0.6370108723640442,0.5078166723251343,0.5078295469284058,0.2827775478363037,0.8208082914352417,0.3705059289932251,0.287833571434021,0.27603769302368164,0.5157675743103027,0.43793785572052,0.10166370868682861,0.028990328311920166,0.29102766513824463,0.1708073616027832,0.1589568853378296,0.1599290370941162,0.028168439865112305,0.2327568531036377,0.1745089888572693,0.19530248641967773,0.0007457137107849121,0.05119907855987549,0.09739691019058228,0.1667342185974121,0.3130054473876953,0.1716926097869873,0.1089634895324707,0.08443719148635864,0.1679757833480835,0.29168999195098877,0.08616083860397339,0.1434040069580078,0.3370678424835205,0.08697742223739624,0.12864887714385986,0.34594154357910156,0.10102689266204834,0.051979005336761475,0.13806474208831787,0.2684272527694702,0.3789801001548767,0.16413795948028564,0.2569831609725952,0.220711350440979,0.20067495107650757,0.41282594203948975,0.37716490030288696,0.17766427993774414,0.10425150394439697,0.2319730520248413,0.2862666845321655,0.3181157112121582,0.3236647844314575,0.09351915121078491,0.08186829090118408,0.10461753606796265,0.20594388246536255,0.25308144092559814,0.16576015949249268,0.11667072772979736,0.10351735353469849,0.16626667976379395,0.15644049644470215,0.08696728944778442,0.13985991477966309,0.2676057815551758,0.16626667976379395,0.28116095066070557,0.16150373220443726,0.22352677583694458,0.08351176977157593,0.18493366241455078,0.17080926895141602,0.27850794792175293,0.21754109859466553,0.057795703411102295,0.16844654083251953,0.22351211309432983,0.10584241151809692,0.3182712197303772,0.21899950504302979,0.21171605587005615,0.2219618558883667,0.22485268115997314,0.2521525025367737,0.2687647342681885,0.19809895753860474,0.1871112585067749,0.4135367274284363,0.26033157110214233,0.2667781114578247,0.367997944355011,0.2519209384918213,0.1716054081916809,0.0,0.052024126052856445,0.015466928482055664,0.2780553102493286,0.21513426303863525,0.0,0.0,0.039228856563568115,0.19366371631622314,0.07818609476089478,0.2239198088645935,0.03727126121520996,0.19318848848342896,0.06804513931274414,0.156355082988739,0.19841301441192627,0.26410508155822754
AGR_03_3834d,0.3718106746673584,0.47584962844848633,1.0,0.46656882762908936,0.38507604598999023,0.4423654079437256,0.5190861821174622,0.6573978662490845,0.3802945613861084,0.5055238008499146,0.548924446105957,0.5281261205673218,0.5035244226455688,0.37861669063568115,0.45834076404571533,0.1789211630821228,0.17612773180007935,0.2183058261871338,0.14961743354797363,0.1652269959449768,0.2842866778373718,0.09939628839492798,0.12360191345214844,0.218250572681427,0.19151651859283447,0.12975382804870605,0.039893269538879395,0.21630996465682983,0.1535242199897766,0.16335105895996094,0.12569797039031982,0.045724451541900635,0.032631874084472656,0.062169790267944336,0.24050158262252808,0.07477247714996338,0.09179377555847168,0.17008984088897705,0.11420702934265137,0.1096007227897644,0.14771223068237305,0.06450670957565308,0.05472254753112793,0.19196158647537231,0.2615131735801697,0.2888011336326599,0.25396841764450073,0.3334146738052368,0.444999635219574,0.2097015380859375,0.236738383769989,0.3861734867095947,0.17545175552368164,0.35533392429351807,0.16447597742080688,0.29149842262268066,0.4000645875930786,0.33688706159591675,0.1655389666557312,0.0880657434463501,0.15899401903152466,0.16910666227340698,0.14888697862625122,0.022705018520355225,0.07436633110046387,0.07391786575317383,0.21584868431091309,0.05425542593002319,0.12451237440109253,0.0,0.18757933378219604,0.21584868431091309,0.21237826347351074,0.16363197565078735,0.19250106811523438,0.16521894931793213,0.13115811347961426,0.19234061241149902,0.18980002403259277,0.2629256248474121,0.06858015060424805,0.2331620454788208,0.26679927110671997,0.14657866954803467,0.1897600293159485,0.2180112600326538,0.17831379175186157,0.18334853649139404,0.12932473421096802,0.19196248054504395,0.11656731367111206,0.08282482624053955,0.15214478969573975,0.27553683519363403,0.20166325569152832,0.1218559741973877,0.1416035294532776,0.11151617765426636,0.10796821117401123,0.1037110686302185,0.15906071662902832,0.12001872062683105,0.19354701042175293,0.20534563064575195,0.13062238693237305,0.053549349308013916,0.03877681493759155,0.24036705493927002,0.175761878490448,0.12753188610076904,0.09827429056167603,0.26649099588394165,0.13511008024215698,0.2131967544555664,0.11688560247421265,0.27075064182281494
AGR_04_4248c,0.4137895703315735,0.39189308881759644,0.46656882762908936,1.0,0.27958452701568604,0.4852263927459717,0.45002901554107666,0.41249239444732666,0.6018379926681519,0.39337974786758423,0.37175452709198,0.2951880693435669,0.24631768465042114,0.33859068155288696,0.5119811296463013,0.08403819799423218,0.12456464767456055,0.1757780909538269,0.13116222620010376,0.23573541641235352,0.16806256771087646,0.10905224084854126,0.07354104518890381,0.12183237075805664,0.17932552099227905,0.10482895374298096,0.003556966781616211,0.1446223258972168,0.12299293279647827,0.14492571353912354,0.016719400882720947,0.14620333909988403,0.16734760999679565,0.032461464405059814,0.17540502548217773,0.22106879949569702,0.05320197343826294,0.22168201208114624,0.049606919288635254,0.2413947582244873,0.26528263092041016,0.22064781188964844,0.07230591773986816,0.13810038566589355,0.17509675025939941,0.20285773277282715,0.15700197219848633,0.15567374229431152,0.21293222904205322,0.27677541971206665,0.11875385046005249,0.1808738112449646,0.06521213054656982,0.21931946277618408,0.14387726783752441,0.318225622177124,0.27325475215911865,0.2287154197692871,0.34809428453445435,0.011065661907196045,0.03682506084442139,0.0,0.03083503246307373,0.0,0.023145973682403564,0.0,0.10074925422668457,0.0,0.05551111698150635,0.014262914657592773,0.0680723786354065,0.10074925422668457,0.07397830486297607,0.09560847282409668,0.08663386106491089,0.2317577600479126,0.061431825160980225,0.0,0.0,0.033559560775756836,0.021825313568115234,0.1189340353012085,0.11686140298843384,0.09832590818405151,0.06625354290008545,0.11671268939971924,0.09073466062545776,0.1869262456893921,0.007667481899261475,0.16092312335968018,0.1793736219406128,0.13417714834213257,0.20397329330444336,0.149244487285614,0.11998164653778076,0.24555331468582153,0.058868467807769775,0.21124553680419922,0.13203513622283936,0.07913267612457275,0.008111000061035156,0.07181447744369507,0.07817673683166504,0.0,0.07709133625030518,0.0,0.07686352729797363,0.11577719449996948,0.05972093343734741,0.0,0.0525173544883728,0.223771333694458,0.07401245832443237,0.2360890507698059,0.08103370666503906,0.07927852869033813
AGR_05_7d386,0.6034713983535767,0.5733020305633545,0.38507604598999023,0.27958452701568604,1.0,0.5441644787788391,0.3942835330963135,0.5053235292434692,0.24548310041427612,0.4245723485946655,0.32253050804138184,0.21219080686569214,0.34753066301345825,0.31084251403808594,0.3318636417388916,0.21056246757507324,0.11882668733596802,0.2212030291557312,0.22003859281539917,0.21041923761367798,0.17456984519958496,0.06526941061019897,0.19365018606185913,0.19176757335662842,0.2400650978088379,0.09674316644668579,0.16533100605010986,0.15666329860687256,0.3260749578475952,0.1289128065109253,0.31955981254577637,0.2259870171546936,0.01682901382446289,0.586227297782898,0.2490837574005127,0.10961997509002686,0.1082078218460083,0.11359816789627075,0.13699793815612793,0.11320751905441284,0.15269196033477783,0.0,0.04532957077026367,0.10225361585617065,0.33144789934158325,0.3682938814163208,0.1339343786239624,0.2874094843864441,0.19799727201461792,0.18154644966125488,0.43708670139312744,0.2889291048049927,0.22935962677001953,0.0916329026222229,0.2479575276374817,0.16070556640625,0.25690340995788574,0.23120808601379395,0.03615772724151611,0.09159404039382935,0.1623455286026001,0.1585037112236023,0.14704126119613647,0.13728177547454834,0.1835557222366333,0.10871350765228271,0.13072240352630615,0.18508172035217285,0.13032245635986328,0.023733437061309814,0.1795176863670349,0.13072240352630615,0.15643781423568726,0.10430938005447388,0.19759517908096313,0.03641730546951294,0.1395188570022583,0.3203272819519043,0.1978381872177124,0.1809195876121521,0.013958454132080078,0.15683823823928833,0.16447949409484863,0.19522225856781006,0.23757952451705933,0.09964394569396973,0.09729063510894775,0.10961031913757324,0.06671947240829468,0.028069019317626953,0.032227396965026855,0.05500805377960205,0.026611804962158203,0.2582446336746216,0.08015584945678711,0.017057299613952637,0.5852685570716858,0.09825032949447632,0.0,0.05777090787887573,0.19325333833694458,0.0788910984992981,0.11734992265701294,0.2619171142578125,0.040995776653289795,0.0,0.00424349308013916,0.15979218482971191,0.09762507677078247,0.371563196182251,0.08926433324813843,0.19504445791244507,0.12818646430969238,0.15417742729187012,0.06425249576568604,0.18210160732269287
AGR_06_86d5e,0.6433018445968628,0.6370108723640442,0.4423654079437256,0.4852263927459717,0.5441644787788391,1.0,0.44601374864578247,0.48840194940567017,0.4388415217399597,0.6331788301467896,0.4652215242385864,0.29391413927078247,0.34553778171539307,0.6405858993530273,0.5557590126991272,0.19235354661941528,0.16989076137542725,0.2421349287033081,0.1949934959411621,0.10862147808074951,0.19853413105010986,0.11182928085327148,0.13816452026367188,0.19827646017074585,0.31049901247024536,0.15045565366744995,0.12150156497955322,0.14389503002166748,0.08957672119140625,0.18486547470092773,0.05274432897567749,0.2141200304031372,0.013078093528747559,0.13239502906799316,0.18029189109802246,0.16979873180389404,0.20052474737167358,0.14931106567382812,0.06324446201324463,0.19973623752593994,0.1985471248626709,0.12433427572250366,0.07789576053619385,0.19539719820022583,0.334405779838562,0.30781805515289307,0.16742002964019775,0.20240557193756104,0.2054750919342041,0.18855929374694824,0.33914053440093994,0.4364302158355713,0.1317979097366333,0.2380528450012207,0.13477778434753418,0.21563369035720825,0.2634577751159668,0.21562457084655762,0.12096434831619263,0.021445512771606445,0.06050431728363037,0.09628689289093018,0.10357445478439331,0.0,0.07085096836090088,0.050436198711395264,0.04158008098602295,0.04475528001785278,0.1453467607498169,0.0,0.06083798408508301,0.04158008098602295,0.08028817176818848,0.10167431831359863,0.12019598484039307,0.18312740325927734,0.11318141222000122,0.11080741882324219,0.09574329853057861,0.040390193462371826,0.0,0.13801276683807373,0.19091814756393433,0.05475085973739624,0.10397213697433472,0.07615280151367188,0.1285005807876587,0.10720300674438477,0.08107370138168335,0.15372025966644287,0.08324676752090454,0.052525103092193604,0.15398883819580078,0.2454051971435547,0.16647028923034668,0.09521102905273438,0.2626679539680481,0.10207229852676392,0.09952455759048462,0.08728623390197754,0.06764793395996094,0.10848402976989746,0.13215237855911255,0.16568005084991455,0.076011061668396,0.0,0.07113200426101685,0.16934466361999512,0.1577945351600647,0.21292495727539062,0.13959813117980957,0.21718299388885498,0.13573402166366577,0.2947407364845276,0.08841204643249512,0.1455467939376831
AGR_07_8b7c5,0.4411467909812927,0.5078166723251343,0.5190861821174622,0.45002901554107666,0.3942835330963135,0.44601374864578247,1.0,0.4690898060798645,0.2893534302711487,0.5569489598274231,0.5426700711250305,0.2663344740867615,0.4243863821029663,0.36801743507385254,0.5431233644485474,0.14078569412231445,0.18199527263641357,0.18326306343078613,0.2117302417755127,0.11621034145355225,0.23578596115112305,0.1242300271987915,0.11663258075714111,0.14672023057937622,0.18964403867721558,0.19986248016357422,0.053695082664489746,0.1751667857170105,0.2248067855834961,0.2080344557762146,0.09152835607528687,0.14234739542007446,0.08500856161117554,0.10546654462814331,0.21176820993423462,0.11924856901168823,0.09920376539230347,0.2086278200149536,0.03570908308029175,0.19690120220184326,0.22659838199615479,0.13531816005706787,0.03996121883392334,0.019864320755004883,0.362449586391449,0.08127611875534058,0.1349177360534668,0.26909732818603516,0.35961848497390747,0.17026352882385254,0.17656785249710083,0.16133689880371094,0.21122968196868896,0.19025981426239014,0.1479424238204956,0.1258636713027954,0.2859361171722412,0.19193929433822632,0.07321804761886597,0.0,0.06566512584686279,0.09561401605606079,0.15840286016464233,0.009729146957397461,0.06855088472366333,0.034150898456573486,0.10094332695007324,0.04569011926651001,0.09854620695114136,0.06854677200317383,0.1816927194595337,0.10094332695007324,0.1904735565185547,0.28979384899139404,0.18123191595077515,0.1955556869506836,0.19448083639144897,0.20644068717956543,0.10431629419326782,0.11258375644683838,0.21131867170333862,0.13542383909225464,0.2756863236427307,0.17277735471725464,0.19206297397613525,0.14444375038146973,0.18821978569030762,0.1889106035232544,0.10192346572875977,0.2097388505935669,0.1533101201057434,0.13105851411819458,0.1342366337776184,0.3105906844139099,0.10678654909133911,0.16415345668792725,0.13213562965393066,0.14474761486053467,0.13381445407867432,0.0,0.08803701400756836,0.1788305640220642,0.20119822025299072,0.10362279415130615,0.1413055658340454,0.03618901968002319,0.09951722621917725,0.2882540225982666,0.13268858194351196,0.22755688428878784,0.15280568599700928,0.17179638147354126,0.08358931541442871,0.08641308546066284,0.18347907066345215,0.18894678354263306
AGR_08_8dbee,0.3542044162750244,0.5078295469284058,0.6573978662490845,0.41249239444732666,0.5053235292434692,0.48840194940567017,0.4690898060798645,1.0,0.42914432287216187,0.49231964349746704,0.4751678705215454,0.5668132901191711,0.5229097604751587,0.4786456823348999,0.4868372678756714,0.10262942314147949,0.11222636699676514,0.2193107008934021,0.1311137080192566,0.20084106922149658,0.1771939992904663,0.055316150188446045,0.1510753631591797,0.17947852611541748,0.1280348300933838,0.03473633527755737,0.02493959665298462,0.14391225576400757,0.1991620659828186,0.07400870323181152,0.23157644271850586,0.014881491661071777,0.0042612552642822266,0.16954690217971802,0.24408340454101562,0.0,0.10908901691436768,0.12086904048919678,0.06813222169876099,0.07468199729919434,0.12644678354263306,0.030141472816467285,0.03989595174789429,0.15524929761886597,0.3012629747390747,0.28421831130981445,0.13751256465911865,0.30596232414245605,0.2218707799911499,0.20196151733398438,0.20707809925079346,0.334595263004303,0.20256459712982178,0.16367113590240479,0.15890532732009888,0.2335805892944336,0.2478671669960022,0.23665690422058105,0.021990418434143066,0.19884788990020752,0.27054762840270996,0.28027915954589844,0.20170152187347412,0.17055624723434448,0.21079730987548828,0.10641664266586304,0.20102083683013916,0.21986711025238037,0.18274807929992676,0.086875319480896,0.19547933340072632,0.20102083683013916,0.22298097610473633,0.08832132816314697,0.18425053358078003,0.02921241521835327,0.1153152585029602,0.29293882846832275,0.19931375980377197,0.2529603838920593,0.019678831100463867,0.16037529706954956,0.171364426612854,0.11009234189987183,0.2578713297843933,0.14573752880096436,0.0915001630783081,0.06405097246170044,0.09794926643371582,0.052809059619903564,0.03924119472503662,0.10409939289093018,0.052117884159088135,0.21815723180770874,0.12592124938964844,0.04830378293991089,0.23567891120910645,0.11242735385894775,0.005727589130401611,0.0749514102935791,0.23798662424087524,0.034092843532562256,0.1213843822479248,0.2051963210105896,0.03735607862472534,0.0,0.0,0.18049710988998413,0.10700172185897827,0.21141904592514038,0.04490935802459717,0.1650572419166565,0.0976596474647522,0.18310832977294922,0.06647950410842896,0.1798083782196045
AGR_09_8dd61,0.42167866230010986,0.2827775478363037,0.3802945613861084,0.6018379926681519,0.24548310041427612,0.4388415217399597,0.2893534302711487,0.42914432287216187,1.0,0.266255259513855,0.3355211019515991,0.40537285804748535,0.285159707069397,0.3311777114868164,0.4283660054206848,0.13169938325881958,0.12522506713867188,0.20435118675231934,0.10887503623962402,0.34152650833129883,0.18024671077728271,0.12884962558746338,0.11834460496902466,0.19922655820846558,0.1299816370010376,0.0655745267868042,0.13244646787643433,0.14413350820541382,0.06537622213363647,0.08018845319747925,0.0,0.1429075002670288,0.03221708536148071,0.0,0.11191779375076294,0.20233440399169922,0.09294301271438599,0.10407859086990356,0.12654554843902588,0.18508124351501465,0.1409822702407837,0.1429513692855835,0.09844642877578735,0.11882287263870239,0.02595829963684082,0.08395075798034668,0.08385682106018066,0.0635254979133606,0.09216880798339844,0.2868817448616028,0.0325084924697876,0.14709991216659546,0.004186511039733887,0.1546061635017395,0.01425015926361084,0.19393455982208252,0.07959949970245361,0.07799118757247925,0.33022236824035645,0.0639810562133789,0.03308820724487305,0.0,0.03688347339630127,0.028270423412322998,0.0,0.0,0.09024167060852051,0.0,0.08248239755630493,0.03286665678024292,0.0,0.09024167060852051,0.01637977361679077,0.06783163547515869,0.08061796426773071,0.23609650135040283,0.0877218246459961,0.009976029396057129,0.11056572198867798,0.14674049615859985,0.0,0.13745272159576416,0.09369105100631714,0.051508545875549316,0.09106600284576416,0.08723944425582886,0.0052866339683532715,0.042446672916412354,0.06706440448760986,0.07037854194641113,0.11575210094451904,0.0924065113067627,0.19420850276947021,0.06588035821914673,0.10553854703903198,0.14580345153808594,0.008368313312530518,0.13455086946487427,0.06369733810424805,0.12971287965774536,0.06118953227996826,0.00728076696395874,0.006265699863433838,0.0,0.0037319064140319824,0.015919804573059082,0.0,0.020314931869506836,0.07145494222640991,0.0,0.008208692073822021,0.08650684356689453,0.02074199914932251,0.30882424116134644,0.028112828731536865,0.0
AGR_10_9781f,0.4411125183105469,0.8208082914352417,0.5055238008499146,0.39337974786758423,0.4245723485946655,0.6331788301467896,0.5569489598274231,0.49231964349746704,0.266255259513855,1.0,0.44507741928100586,0.31967002153396606,0.3044307231903076,0.586707592010498,0.4323822259902954,0.15431952476501465,0.11318618059158325,0.29729968309402466,0.16704881191253662,0.1745537519454956,0.2264084815979004,0.08179521560668945,0.26526087522506714,0.232979416847229,0.1837422251701355,0.0664447546005249,0.08097296953201294,0.14286041259765625,0.14190727472305298,0.25989407300949097,0.11857885122299194,0.06766855716705322,0.025121212005615234,0.12664008140563965,0.26045775413513184,0.12480062246322632,0.15262120962142944,0.2512556314468384,0.047008395195007324,0.12308597564697266,0.22095566987991333,0.06255227327346802,0.0617142915725708,0.19300752878189087,0.3480878472328186,0.3628407120704651,0.2918758988380432,0.36658763885498047,0.30746734142303467,0.25499284267425537,0.3445110321044922,0.4910355806350708,0.23224914073944092,0.21378177404403687,0.2706601619720459,0.3149040937423706,0.38942819833755493,0.39319896697998047,0.12993252277374268,0.05412185192108154,0.09723591804504395,0.20645767450332642,0.21622610092163086,0.10002875328063965,0.10168814659118652,0.06618738174438477,0.12470018863677979,0.11727476119995117,0.09363019466400146,0.114266037940979,0.2053089737892151,0.12470018863677979,0.24812161922454834,0.14705854654312134,0.1885586977005005,0.1280834674835205,0.14433342218399048,0.17179512977600098,0.21934008598327637,0.19435453414916992,0.07175356149673462,0.1944718360900879,0.25734126567840576,0.11100798845291138,0.2568625211715698,0.18201637268066406,0.20287269353866577,0.20230191946029663,0.19422626495361328,0.23427295684814453,0.1918553113937378,0.09952819347381592,0.14917778968811035,0.3900534510612488,0.2592129707336426,0.18600130081176758,0.24106580018997192,0.11719155311584473,0.12180668115615845,0.05043518543243408,0.09950917959213257,0.07545304298400879,0.2709369659423828,0.21618378162384033,0.06498712301254272,0.04637080430984497,0.10469484329223633,0.23984241485595703,0.16043585538864136,0.2705836296081543,0.13469094038009644,0.29200905561447144,0.12659794092178345,0.215398907661438,0.23270392417907715,0.29224693775177
AGR_11_a8ba8,0.40307414531707764,0.3705059289932251,0.548924446105957,0.37175452709198,0.32253050804138184,0.4652215242385864,0.5426700711250305,0.4751678705215454,0.3355211019515991,0.44507741928100586,1.0,0.339866042137146,0.45836007595062256,0.37845754623413086,0.49314290285110474,0.19290953874588013,0.2071373462677002,0.19352376461029053,0.14319723844528198,0.05209618806838989,0.25626564025878906,0.13288140296936035,0.10249924659729004,0.15195465087890625,0.15392112731933594,0.13783806562423706,0.09325700998306274,0.14102083444595337,0.05011916160583496,0.0760577917098999,0.03262627124786377,0.027642428874969482,0.04835653305053711,0.003000974655151367,0.14175939559936523,0.06822878122329712,0.02962517738342285,0.05142408609390259,0.0,0.1516789197921753,0.07268404960632324,0.053209543228149414,0.02795398235321045,0.1238510012626648,0.4046388864517212,0.1188538670539856,0.3633460998535156,0.34868931770324707,0.38263964653015137,0.18124401569366455,0.19172543287277222,0.22608262300491333,0.19972532987594604,0.4075971841812134,0.1002039909362793,0.16985619068145752,0.24730384349822998,0.19501173496246338,0.12983858585357666,0.0,0.07543665170669556,0.10407543182373047,0.08961266279220581,0.0,0.021339595317840576,0.08076280355453491,0.10491800308227539,0.02008950710296631,0.15740466117858887,0.0,0.05827873945236206,0.10491800308227539,0.12187469005584717,0.12232780456542969,0.09010940790176392,0.11505013704299927,0.08269953727722168,0.18543630838394165,0.029047071933746338,0.03256511688232422,0.10255610942840576,0.10765039920806885,0.18566298484802246,0.17903339862823486,0.03295832872390747,0.0066561102867126465,0.1266568899154663,0.0611417293548584,0.0,0.1518493890762329,0.0,0.048756539821624756,0.035799264907836914,0.0993800163269043,0.07618522644042969,0.007213115692138672,0.012919783592224121,0.0,0.0,0.06497806310653687,0.07018887996673584,0.12339609861373901,0.11553919315338135,0.14773178100585938,0.1409320831298828,0.0,0.06627392768859863,0.17217499017715454,0.08490294218063354,0.2103886604309082,0.15635991096496582,0.1366831660270691,0.08060002326965332,0.1883089542388916,0.085052490234375,0.18891596794128418
AGR_12_c170b,0.2799490690231323,0.287833571434021,0.5281261205673218,0.2951880693435669,0.21219080686569214,0.29391413927078247,0.2663344740867615,0.5668132901191711,0.40537285804748535,0.31967002153396606,0.339866042137146,1.0,0.3254702091217041,0.3699917793273926,0.3050921559333801,0.07843923568725586,0.06462401151657104,0.1311255693435669,0.09268593788146973,0.08684718608856201,0.12069827318191528,0.08184289932250977,0.06863749027252197,0.13424456119537354,0.030171513557434082,0.011509120464324951,0.06870591640472412,0.07973074913024902,0.06106889247894287,0.08114969730377197,0.07292366027832031,0.08132731914520264,0.041640520095825195,0.05227261781692505,0.14595568180084229,0.008863270282745361,0.17820745706558228,0.10919779539108276,0.1676507592201233,0.04894459247589111,0.0846443772315979,0.02303338050842285,0.13552528619766235,0.23604965209960938,0.06567567586898804,0.2106037139892578,0.13630014657974243,0.1394616961479187,0.2970132827758789,0.049977779388427734,0.10233622789382935,0.29555779695510864,0.03550159931182861,0.27814823389053345,0.05238461494445801,0.242806077003479,0.1754971146583557,0.18971037864685059,0.07433128356933594,0.23249763250350952,0.1344892978668213,0.21532440185546875,0.21456748247146606,0.11508190631866455,0.13182932138442993,0.0764685869216919,0.2885708808898926,0.09561657905578613,0.2605241537094116,0.12686610221862793,0.16054296493530273,0.2885708808898926,0.1795961856842041,0.0,0.13034021854400635,0.10675179958343506,0.03254854679107666,0.060853779315948486,0.08683997392654419,0.21949273347854614,0.005182623863220215,0.16068655252456665,0.14152967929840088,0.04869985580444336,0.10120534896850586,0.07435834407806396,0.016599953174591064,0.051858603954315186,0.16344165802001953,0.08285260200500488,0.07963252067565918,0.0,0.14070063829421997,0.14216488599777222,0.1699894666671753,0.08987832069396973,0.000988006591796875,0.05714762210845947,0.0,0.2207666039466858,0.14226698875427246,0.05909609794616699,0.04245352745056152,0.14811670780181885,0.08592700958251953,0.07666069269180298,0.017481982707977295,0.10326039791107178,0.11609339714050293,0.0088462233543396,0.06862902641296387,0.1515129804611206,0.046201467514038086,0.18182730674743652,0.0,0.06108677387237549
AGR_13_d7fa3,0.3174207806587219,0.27603769302368164,0.5035244226455688,0.24631768465042114,0.34753066301345825,0.34553778171539307,0.4243863821029663,0.5229097604751587,0.285159707069397,0.3044307231903076,0.45836007595062256,0.3254702091217041,1.0,0.33561062812805176,0.4229356050491333,0.09467083215713501,0.0672522783279419,0.08844178915023804,0.07107502222061157,0.04332786798477173,0.19464778900146484,0.007947802543640137,0.038592398166656494,0.09354543685913086,0.10807526111602783,0.07239538431167603,0.05445975065231323,0.09101718664169312,0.15875941514968872,0.08604007959365845,0.07407194375991821,0.09985244274139404,0.0,0.10841399431228638,0.13452643156051636,0.0519406795501709,0.04994690418243408,0.060706496238708496,0.05279439687728882,0.10501366853713989,0.06736063957214355,0.06518924236297607,0.07751882076263428,0.0764586329460144,0.18543696403503418,0.12298375368118286,0.14090383052825928,0.20073556900024414,0.23426401615142822,0.11498802900314331,0.10297757387161255,0.2593512535095215,0.09975111484527588,0.26087456941604614,0.06830000877380371,0.07382053136825562,0.18359440565109253,0.1571662425994873,0.05698370933532715,0.05246537923812866,0.14952301979064941,0.1323224902153015,0.1273636817932129,0.0,0.10710430145263672,0.10138410329818726,0.15996980667114258,0.06056201457977295,0.11572122573852539,0.0,0.12955880165100098,0.15996980667114258,0.11119818687438965,0.14292198419570923,0.17282360792160034,0.1098928451538086,0.08490884304046631,0.19935202598571777,0.07292252779006958,0.1198282241821289,0.0703575611114502,0.1352044939994812,0.17918002605438232,0.0839238166809082,0.12598389387130737,0.10140764713287354,0.07286077737808228,0.10661971569061279,0.0,0.07626444101333618,0.0033278465270996094,0.04276704788208008,0.05098402500152588,0.15276342630386353,0.07709109783172607,0.030722081661224365,0.09500932693481445,0.0,0.00832146406173706,0.06624388694763184,0.1392446756362915,0.1304394006729126,0.20644468069076538,0.21578770875930786,0.1458585262298584,0.06125795841217041,0.03121626377105713,0.22733807563781738,0.19685673713684082,0.21750998497009277,0.08558952808380127,0.15972161293029785,0.14458441734313965,0.1055598258972168,0.1531403660774231,0.1712467074394226
AGR_14_f501a,0.5042621493339539,0.5157675743103027,0.37861669063568115,0.33859068155288696,0.31084251403808594,0.6405858993530273,0.36801743507385254,0.4786456823348999,0.3311777114868164,0.586707592010498,0.37845754623413086,0.3699917793273926,0.33561062812805176,1.0,0.47278428077697754,0.06916248798370361,0.0712936520576477,0.1112220287322998,0.10173249244689941,0.0,0.04992806911468506,0.09627640247344971,0.07775115966796875,0.12189638614654541,0.08186650276184082,0.026108503341674805,0.06642574071884155,0.030546128749847412,0.055674195289611816,0.07769280672073364,0.031089842319488525,0.07455313205718994,0.011668384075164795,0.0,0.08788186311721802,0.08855307102203369,0.15580904483795166,0.06501805782318115,0.004597365856170654,0.14722859859466553,0.0609775185585022,0.030475199222564697,0.09873002767562866,0.23704075813293457,0.2072763442993164,0.3137175440788269,0.12659025192260742,0.14875447750091553,0.12330073118209839,0.02893751859664917,0.22268915176391602,0.5523755550384521,0.09631150960922241,0.2843501567840576,0.20218461751937866,0.16640686988830566,0.23998767137527466,0.19485586881637573,0.04636174440383911,0.0,0.02937406301498413,0.09730201959609985,0.10273110866546631,0.01911717653274536,0.02755838632583618,0.07249826192855835,0.0657147765159607,0.06549125909805298,0.18837666511535645,0.0,0.02328181266784668,0.0657147765159607,0.04469674825668335,0.0,0.09786182641983032,0.09522032737731934,0.05176365375518799,0.07877117395401001,0.016845405101776123,0.043085694313049316,0.0,0.16022050380706787,0.13237428665161133,0.022556006908416748,0.06188291311264038,0.019616127014160156,0.04072350263595581,0.07458353042602539,0.05059194564819336,0.11167275905609131,0.0,0.0,0.07514297962188721,0.19056129455566406,0.1580209732055664,0.010428547859191895,0.02704077959060669,0.0,0.016612112522125244,0.08204293251037598,0.06743729114532471,0.07084912061691284,0.04958689212799072,0.1332716941833496,0.06319868564605713,0.004054248332977295,0.08393502235412598,0.12792837619781494,0.1344367265701294,0.12158870697021484,0.1156923770904541,0.16719317436218262,0.08945530652999878,0.08845114707946777,0.03238731622695923,0.11606961488723755
AGR_15_fe6d3,0.502956748008728,0.43793785572052,0.45834076404571533,0.5119811296463013,0.3318636417388916,0.5557590126991272,0.5431233644485474,0.4868372678756714,0.4283660054206848,0.4323822259902954,0.49314290285110474,0.3050921559333801,0.4229356050491333,0.47278428077697754,1.0,0.1808127760887146,0.22196096181869507,0.2421838641166687,0.10552191734313965,0.11362016201019287,0.21717578172683716,0.11290615797042847,0.17532503604888916,0.2593221068382263,0.43631696701049805,0.1618720293045044,0.03130155801773071,0.19840818643569946,0.0979149341583252,0.17602932453155518,0.06866973638534546,0.14317774772644043,0.10027897357940674,0.019445955753326416,0.12003523111343384,0.15477150678634644,0.16980069875717163,0.1815474033355713,0.053999125957489014,0.22380375862121582,0.30973517894744873,0.38014012575149536,0.10072284936904907,0.06787043809890747,0.2926342487335205,0.11503809690475464,0.09826314449310303,0.16810405254364014,0.22927987575531006,0.11485540866851807,0.15070438385009766,0.19009971618652344,0.09517180919647217,0.2157365083694458,0.015258431434631348,0.11988896131515503,0.23170095682144165,0.10077059268951416,0.05015909671783447,0.0,0.03066861629486084,0.1108817458152771,0.14868104457855225,0.06724196672439575,0.05243319272994995,0.08480751514434814,0.12785464525222778,0.06347388029098511,0.14341431856155396,0.0,0.0,0.12785464525222778,0.10228133201599121,0.1409892439842224,0.2126396894454956,0.17886292934417725,0.2836916446685791,0.1708509922027588,0.023347079753875732,0.05283480882644653,0.007482767105102539,0.15481925010681152,0.21212702989578247,0.06009244918823242,0.19173884391784668,0.13300442695617676,0.17818331718444824,0.08317351341247559,0.07749128341674805,0.16998982429504395,0.09498882293701172,0.037213027477264404,0.11546260118484497,0.1638769507408142,0.10194873809814453,0.09115034341812134,0.06773793697357178,0.2168039083480835,0.10398983955383301,0.006677508354187012,0.17913317680358887,0.11969965696334839,0.16237694025039673,0.006798386573791504,0.1931917667388916,0.008821189403533936,0.12786787748336792,0.24086397886276245,0.18938511610031128,0.13721531629562378,0.14607685804367065,0.14409685134887695,0.21375775337219238,0.19998109340667725,0.19954025745391846,0.15236520767211914
DIS_01_0c5e4,0.22752922773361206,0.10166370868682861,0.1789211630821228,0.08403819799423218,0.21056246757507324,0.19235354661941528,0.14078569412231445,0.10262942314147949,0.13169938325881958,0.15431952476501465,0.19290953874588013,0.07843923568725586,0.09467083215713501,0.06916248798370361,0.1808127760887146,1.0,0.5824247002601624,0.6401522159576416,0.48000872135162354,0.3842223882675171,0.560973048210144,0.5625588893890381,0.561812162399292,0.687868595123291,0.5896252393722534,0.5412534475326538,0.6219766139984131,0.658483624458313,0.1158338189125061,0.13833510875701904,0.22620487213134766,0.3262961506843567,0.04838740825653076,0.19166934490203857,0.11272352933883667,0.2098391056060791,0.11499255895614624,0.09284740686416626,0.09640604257583618,0.11753600835800171,0.20734262466430664,0.089039146900177,0.06458371877670288,0.0,0.23151040077209473,0.04096716642379761,0.12231624126434326,0.17757725715637207,0.14714962244033813,0.13258838653564453,0.19824665784835815,0.1860368251800537,0.09398281574249268,0.18193280696868896,0.03199535608291626,0.06764841079711914,0.16925722360610962,0.06253451108932495,0.14221423864364624,0.00981217622756958,0.014320611953735352,0.07051080465316772,0.09765231609344482,0.031625211238861084,0.0,0.03176617622375488,0.1262606382369995,0.13846933841705322,0.2648758888244629,0.07753455638885498,0.0666346549987793,0.1262606382369995,0.1342828869819641,0.04377323389053345,0.06884753704071045,0.04671680927276611,0.11388897895812988,0.04110872745513916,0.0,0.10615438222885132,0.0,0.045097529888153076,0.07569313049316406,0.03974449634552002,0.06922787427902222,0.2849022150039673,0.14651262760162354,0.16535329818725586,0.2333223819732666,0.15721720457077026,0.0,0.021023452281951904,0.042236268520355225,0.1794542670249939,0.03698378801345825,0.006782829761505127,0.19104337692260742,0.035942792892456055,0.04766726493835449,0.0458148717880249,0.39142411947250366,0.18554019927978516,0.12934571504592896,0.1523498296737671,0.22035950422286987,0.2517867088317871,0.12813156843185425,0.16040253639221191,0.144659161567688,0.2998034954071045,0.23063713312149048,0.09020781517028809,0.18954205513000488,0.2510252594947815,0.1194106936454773,0.15441477298736572
DIS_02_24fa8,0.16932392120361328,0.028990328311920166,0.17612773180007935,0.12456464767456055,0.11882668733596802,0.16989076137542725,0.18199527263641357,0.11222636699676514,0.12522506713867188,0.11318618059158325,0.2071373462677002,0.06462401151657104,0.0672522783279419,0.0712936520576477,0.22196096181869507,0.5824247002601624,1.0,0.5827243328094482,0.5069987773895264,0.367978036403656,0.5809609889984131,0.5486971735954285,0.48042750358581543,0.5976802110671997,0.6478676199913025,0.595112144947052,0.4713348150253296,0.6433255672454834,0.12208575010299683,0.19026219844818115,0.16154682636260986,0.25831496715545654,0.09269869327545166,0.1661795973777771,0.1819537878036499,0.16350716352462769,0.15461182594299316,0.13663899898529053,0.04926955699920654,0.1812593936920166,0.26812857389450073,0.17361098527908325,0.06534022092819214,0.056346774101257324,0.22321677207946777,0.05255711078643799,0.16769194602966309,0.14628267288208008,0.2856566905975342,0.18764221668243408,0.1722395420074463,0.10536056756973267,0.08553236722946167,0.17514067888259888,0.06003379821777344,0.1751062273979187,0.2999032735824585,0.08128690719604492,0.165632426738739,0.0822148323059082,0.08461564779281616,0.10595822334289551,0.14844274520874023,0.11708462238311768,0.024654269218444824,0.07044464349746704,0.15134894847869873,0.03956061601638794,0.26297998428344727,0.1607966423034668,0.11513328552246094,0.15134894847869873,0.13888978958129883,0.0,0.11726373434066772,0.1004299521446228,0.19083350896835327,0.0483243465423584,0.0,0.07588082551956177,0.0,0.03782987594604492,0.18021786212921143,0.10814058780670166,0.09494471549987793,0.253081738948822,0.1443602442741394,0.12270379066467285,0.1414523720741272,0.12534987926483154,0.019039630889892578,0.026228725910186768,0.11784940958023071,0.1260196566581726,0.045592546463012695,0.03377997875213623,0.08697247505187988,0.15560877323150635,0.09999793767929077,0.09688133001327515,0.35482895374298096,0.2871263027191162,0.1705024242401123,0.19424939155578613,0.3743244409561157,0.22272855043411255,0.2528548836708069,0.3361107110977173,0.24184149503707886,0.2873958349227905,0.2679762840270996,0.17765796184539795,0.29743504524230957,0.3373711109161377,0.20928049087524414,0.21512556076049805
DIS_03_28e55,0.20421141386032104,0.29102766513824463,0.2183058261871338,0.1757780909538269,0.2212030291557312,0.2421349287033081,0.18326306343078613,0.2193107008934021,0.20435118675231934,0.29729968309402466,0.19352376461029053,0.1311255693435669,0.08844178915023804,0.1112220287322998,0.2421838641166687,0.6401522159576416,0.5827243328094482,1.0,0.46734392642974854,0.5614792108535767,0.5813484191894531,0.5863704681396484,0.8342647552490234,0.8181068301200867,0.6270908713340759,0.4895740747451782,0.5896628499031067,0.7196570634841919,0.1895984411239624,0.20330530405044556,0.2968839406967163,0.23979967832565308,0.057529449462890625,0.21659404039382935,0.24259424209594727,0.2136749029159546,0.13359427452087402,0.2491587996482849,0.11615645885467529,0.13818025588989258,0.4155696630477905,0.22689294815063477,0.049021780490875244,0.12693214416503906,0.2558096647262573,0.18619412183761597,0.2605997920036316,0.3532145619392395,0.21490615606307983,0.3256072402000427,0.27150917053222656,0.1801518201828003,0.10175848007202148,0.1612134575843811,0.16800111532211304,0.3120935559272766,0.25755953788757324,0.30794429779052734,0.23357832431793213,0.06695663928985596,0.08536261320114136,0.18632805347442627,0.23780536651611328,0.2609798312187195,0.11328089237213135,0.0,0.20765113830566406,0.1681128740310669,0.2726789712905884,0.25650715827941895,0.16558921337127686,0.20765113830566406,0.23495811223983765,0.0556635856628418,0.22371959686279297,0.08121979236602783,0.25380539894104004,0.11733043193817139,0.1273132562637329,0.2639247179031372,0.0,0.09257632493972778,0.1405695080757141,0.0761755108833313,0.28126704692840576,0.4428778290748596,0.22081583738327026,0.20851027965545654,0.30980706214904785,0.2177678942680359,0.17841386795043945,0.15357184410095215,0.15161830186843872,0.32498764991760254,0.18020737171173096,0.1736205816268921,0.31673043966293335,0.2758182883262634,0.13014942407608032,0.13055282831192017,0.4626094698905945,0.12341082096099854,0.2710854411125183,0.19702333211898804,0.22879022359848022,0.20079082250595093,0.17377007007598877,0.20461463928222656,0.09906196594238281,0.280120849609375,0.17196810245513916,0.209467351436615,0.2490556240081787,0.35690391063690186,0.2382606863975525,0.32662612199783325
DIS_04_3296a,0.24287819862365723,0.1708073616027832,0.14961743354797363,0.13116222620010376,0.22003859281539917,0.1949934959411621,0.2117302417755127,0.1311137080192566,0.10887503623962402,0.16704881191253662,0.14319723844528198,0.09268593788146973,0.07107502222061157,0.10173249244689941,0.10552191734313965,0.48000872135162354,0.5069987773895264,0.46734392642974854,1.0,0.3680400848388672,0.5581866502761841,0.6510494947433472,0.33186906576156616,0.4176682233810425,0.3947187662124634,0.47367268800735474,0.4278067350387573,0.47515785694122314,0.17285585403442383,0.1277335286140442,0.20048344135284424,0.13157200813293457,0.10944002866744995,0.21648097038269043,0.15666568279266357,0.09901833534240723,0.09691262245178223,0.13923931121826172,0.0757671594619751,0.02909928560256958,0.19655483961105347,0.12169963121414185,0.03319740295410156,0.04524993896484375,0.20856088399887085,0.16607153415679932,0.1110871434211731,0.12162065505981445,0.30239415168762207,0.10783237218856812,0.22597754001617432,0.14857590198516846,0.010760307312011719,0.07427793741226196,0.184761643409729,0.1655305027961731,0.34626948833465576,0.14075243473052979,0.1388188600540161,0.15371733903884888,0.09498965740203857,0.10948324203491211,0.186356782913208,0.10570907592773438,0.06716275215148926,0.2015448808670044,0.18751060962677002,0.12846320867538452,0.38708579540252686,0.2511376738548279,0.4967135190963745,0.18751060962677002,0.21104609966278076,0.2039858102798462,0.21189093589782715,0.18747514486312866,0.23208606243133545,0.1390395164489746,0.13596689701080322,0.2199932336807251,0.14418458938598633,0.1692488193511963,0.4967217445373535,0.3442605137825012,0.18583083152770996,0.2600208520889282,0.16708672046661377,0.15072882175445557,0.0989457368850708,0.1654832363128662,0.09160089492797852,0.012827277183532715,0.08311164379119873,0.26990342140197754,0.033011794090270996,0.0910724401473999,0.21799105405807495,0.14678025245666504,0.02855980396270752,0.12555748224258423,0.27743709087371826,0.2605677843093872,0.1279030442237854,0.23993277549743652,0.3381000757217407,0.05119901895523071,0.1714416742324829,0.4096388816833496,0.1258193850517273,0.21238648891448975,0.22394061088562012,0.1845712661743164,0.18355178833007812,0.22538310289382935,0.06864714622497559,0.19429636001586914
DIS_05_4c0e5,0.06284177303314209,0.1589568853378296,0.1652269959449768,0.23573541641235352,0.21041923761367798,0.10862147808074951,0.11621034145355225,0.20084106922149658,0.34152650833129883,0.1745537519454956,0.05209618806838989,0.08684718608856201,0.04332786798477173,0.0,0.11362016201019287,0.3842223882675171,0.367978036403656,0.5614792108535767,0.3680400848388672,1.0,0.5178213119506836,0.4086192846298218,0.5066928267478943,0.5172684788703918,0.4029887914657593,0.34152281284332275,0.3412824273109436,0.4792063236236572,0.38575536012649536,0.29586637020111084,0.42013639211654663,0.16409188508987427,0.20735198259353638,0.36672937870025635,0.31411415338516235,0.26719820499420166,0.2576184868812561,0.3656572103500366,0.2096644639968872,0.09615999460220337,0.35804831981658936,0.26972895860671997,0.17068982124328613,0.1485503911972046,0.1767207384109497,0.20405399799346924,0.19424718618392944,0.3506659269332886,0.18332183361053467,0.5724169015884399,0.2821519374847412,0.055351853370666504,0.23359787464141846,0.05105370283126831,0.11807066202163696,0.3117608428001404,0.25865113735198975,0.2748901844024658,0.40021538734436035,0.09625846147537231,0.3297249674797058,0.2652982473373413,0.34920501708984375,0.38211768865585327,0.23324894905090332,0.06590867042541504,0.22603756189346313,0.23758113384246826,0.174474835395813,0.30266863107681274,0.20571255683898926,0.22603756189346313,0.2986050248146057,0.013398528099060059,0.18898892402648926,0.14930719137191772,0.19195008277893066,0.17493414878845215,0.20511096715927124,0.3426622152328491,0.0,0.11243748664855957,0.1757526993751526,0.08926856517791748,0.3011656403541565,0.46307069063186646,0.2487119436264038,0.19453299045562744,0.35410481691360474,0.19859462976455688,0.26019036769866943,0.17982792854309082,0.2590944766998291,0.30315208435058594,0.23993176221847534,0.2618403434753418,0.3288038969039917,0.3793073892593384,0.15681934356689453,0.1692667007446289,0.43436944484710693,0.10206764936447144,0.267838716506958,0.1553558111190796,0.13433897495269775,0.18778443336486816,0.10693758726119995,0.19072890281677246,0.16052913665771484,0.21754801273345947,0.16634070873260498,0.3010094165802002,0.23848694562911987,0.3475896716117859,0.2324444055557251,0.30033594369888306
DIS_06_605ba,0.17838823795318604,0.1599290370941162,0.2842866778373718,0.16806256771087646,0.17456984519958496,0.19853413105010986,0.23578596115112305,0.1771939992904663,0.18024671077728271,0.2264084815979004,0.25626564025878906,0.12069827318191528,0.19464778900146484,0.04992806911468506,0.21717578172683716,0.560973048210144,0.5809609889984131,0.5813484191894531,0.5581866502761841,0.5178213119506836,1.0,0.5206757187843323,0.463686466217041,0.5706087350845337,0.5227779746055603,0.5078417062759399,0.48574066162109375,0.5665330290794373,0.2248021364212036,0.24786245822906494,0.21348190307617188,0.19021475315093994,0.06050586700439453,0.20415717363357544,0.15944397449493408,0.19762814044952393,0.18023109436035156,0.20744341611862183,0.08242630958557129,0.10878801345825195,0.2742995023727417,0.12971937656402588,0.06333273649215698,0.10098385810852051,0.35456371307373047,0.1501835584640503,0.22903752326965332,0.295921266078949,0.5048383474349976,0.32971101999282837,0.24918675422668457,0.14332729578018188,0.1112602949142456,0.22179526090621948,0.07314819097518921,0.2377157211303711,0.4603121876716614,0.20966565608978271,0.23136556148529053,0.03725433349609375,0.12159061431884766,0.13224577903747559,0.2294079065322876,0.10318100452423096,0.09992444515228271,0.12361019849777222,0.2039642333984375,0.11707049608230591,0.23769867420196533,0.14366614818572998,0.2887641191482544,0.2039642333984375,0.25405776500701904,0.09203481674194336,0.16249769926071167,0.1397407054901123,0.20528805255889893,0.1217837929725647,0.10869640111923218,0.20846843719482422,0.007178306579589844,0.12116116285324097,0.34433799982070923,0.11146456003189087,0.1875079870223999,0.5348535776138306,0.2903860807418823,0.22375333309173584,0.21762734651565552,0.2390308380126953,0.10353559255599976,0.03862416744232178,0.1596415638923645,0.29694241285324097,0.1597697138786316,0.10455125570297241,0.18730837106704712,0.18435317277908325,0.11709487438201904,0.1624022126197815,0.42849552631378174,0.2169305682182312,0.2487630844116211,0.29682040214538574,0.3268042802810669,0.2000606656074524,0.15234804153442383,0.41488373279571533,0.21426129341125488,0.2635462284088135,0.22300171852111816,0.3224731683731079,0.27005326747894287,0.2855798602104187,0.20102351903915405,0.31568658351898193
DIS_07_67eb1,0.20825612545013428,0.028168439865112305,0.09939628839492798,0.10905224084854126,0.06526941061019897,0.11182928085327148,0.1242300271987915,0.055316150188446045,0.12884962558746338,0.08179521560668945,0.13288140296936035,0.08184289932250977,0.007947802543640137,0.09627640247344971,0.11290615797042847,0.5625588893890381,0.5486971735954285,0.5863704681396484,0.6510494947433472,0.4086192846298218,0.5206757187843323,1.0,0.4907423257827759,0.5626978874206543,0.505063533782959,0.6423085331916809,0.4366610050201416,0.5919582843780518,0.1569911241531372,0.13780224323272705,0.16201645135879517,0.2143259048461914,0.12708914279937744,0.08816242218017578,0.10630613565444946,0.12934839725494385,0.11126863956451416,0.16087913513183594,0.030713319778442383,0.11697614192962646,0.1760791540145874,0.14080506563186646,0.06688696146011353,0.04958939552307129,0.17931151390075684,0.12446784973144531,0.1353895664215088,0.18540847301483154,0.17185211181640625,0.12480044364929199,0.16110992431640625,0.10074228048324585,0.01833862066268921,0.16771602630615234,0.05920255184173584,0.1939380168914795,0.18266081809997559,0.12545233964920044,0.2192053198814392,0.06620723009109497,0.01610708236694336,0.12267518043518066,0.12551343441009521,0.13314545154571533,0.03380483388900757,0.04549574851989746,0.1182318925857544,0.0,0.37329328060150146,0.24525666236877441,0.12513184547424316,0.1182318925857544,0.15580666065216064,0.0028936266899108887,0.07292211055755615,0.11292612552642822,0.09417533874511719,0.0,0.0,0.10452872514724731,0.0,0.02229928970336914,0.15461647510528564,0.10374701023101807,0.08182621002197266,0.26781004667282104,0.13892900943756104,0.16532385349273682,0.09553635120391846,0.2308366894721985,0.09793424606323242,0.0007284283638000488,0.1019015908241272,0.16360104084014893,0.03671550750732422,0.06650412082672119,0.0998375415802002,0.07353895902633667,0.10139334201812744,0.09254670143127441,0.3219411373138428,0.24259090423583984,0.1713336706161499,0.09855592250823975,0.35692018270492554,0.12179833650588989,0.28217577934265137,0.14124876260757446,0.1004563570022583,0.10991644859313965,0.3136918544769287,0.1542421579360962,0.2462693452835083,0.22243022918701172,0.19599223136901855,0.20413225889205933
DIS_08_71203,0.13171499967575073,0.2327568531036377,0.12360191345214844,0.07354104518890381,0.19365018606185913,0.13816452026367188,0.11663258075714111,0.1510753631591797,0.11834460496902466,0.26526087522506714,0.10249924659729004,0.06863749027252197,0.038592398166656494,0.07775115966796875,0.17532503604888916,0.561812162399292,0.48042750358581543,0.8342647552490234,0.33186906576156616,0.5066928267478943,0.463686466217041,0.4907423257827759,1.0,0.8336696028709412,0.5321912169456482,0.45643478631973267,0.5849796533584595,0.6565525531768799,0.1917250156402588,0.16583967208862305,0.33350735902786255,0.15249931812286377,0.07295101881027222,0.21455401182174683,0.18191909790039062,0.1507079005241394,0.07249200344085693,0.21414262056350708,0.10814911127090454,0.07641398906707764,0.31314796209335327,0.21104925870895386,0.030661046504974365,0.08676159381866455,0.21442508697509766,0.10340088605880737,0.24062871932983398,0.2633715867996216,0.10521507263183594,0.27749359607696533,0.2210901379585266,0.1414516568183899,0.12160968780517578,0.06989836692810059,0.10764217376708984,0.22451388835906982,0.16906476020812988,0.2475864291191101,0.2690318822860718,0.03035825490951538,0.08812999725341797,0.11699652671813965,0.160988450050354,0.2852383255958557,0.10818207263946533,0.0,0.1300506591796875,0.17216455936431885,0.1891491413116455,0.20108723640441895,0.0910334587097168,0.1300506591796875,0.17096692323684692,0.0,0.16274654865264893,0.01626962423324585,0.18804782629013062,0.08844470977783203,0.05500197410583496,0.20648932456970215,0.0,0.022094130516052246,0.05649006366729736,0.03857964277267456,0.24885177612304688,0.438169002532959,0.28904104232788086,0.23145663738250732,0.3697474002838135,0.2322484850883484,0.21657037734985352,0.10125422477722168,0.14256548881530762,0.31474578380584717,0.20279169082641602,0.15042012929916382,0.3410799503326416,0.24802923202514648,0.17164194583892822,0.0611383318901062,0.4328054189682007,0.12973707914352417,0.23494952917099,0.1622755527496338,0.16601884365081787,0.2744588851928711,0.20831060409545898,0.15039950609207153,0.11849081516265869,0.2953541874885559,0.2099258303642273,0.17774319648742676,0.28543758392333984,0.2731637954711914,0.23088312149047852,0.3740466833114624
DIS_09_891e7,0.20337527990341187,0.1745089888572693,0.218250572681427,0.12183237075805664,0.19176757335662842,0.19827646017074585,0.14672023057937622,0.17947852611541748,0.19922655820846558,0.232979416847229,0.15195465087890625,0.13424456119537354,0.09354543685913086,0.12189638614654541,0.2593221068382263,0.687868595123291,0.5976802110671997,0.8181068301200867,0.4176682233810425,0.5172684788703918,0.5706087350845337,0.5626978874206543,0.8336696028709412,1.0,0.63528972864151,0.5460683107376099,0.6170005798339844,0.8205966949462891,0.18417870998382568,0.22205930948257446,0.32635825872421265,0.24392908811569214,0.0818028450012207,0.19115066528320312,0.17358434200286865,0.23545056581497192,0.13392984867095947,0.19637233018875122,0.1559019684791565,0.14401710033416748,0.321915864944458,0.23006945848464966,0.08012545108795166,0.08661818504333496,0.24686402082443237,0.11156529188156128,0.23851299285888672,0.2746407985687256,0.2013261318206787,0.27168506383895874,0.20948290824890137,0.2196274995803833,0.14346134662628174,0.17574840784072876,0.08419036865234375,0.2076643705368042,0.25482964515686035,0.2288968563079834,0.23939311504364014,0.07782554626464844,0.10873407125473022,0.1655145287513733,0.1870441436767578,0.24764394760131836,0.07725954055786133,0.050261855125427246,0.22426003217697144,0.1420586109161377,0.2689228057861328,0.16968035697937012,0.09561806917190552,0.22426003217697144,0.1948462724685669,0.02967923879623413,0.20031118392944336,0.0838589072227478,0.2272047996520996,0.11227607727050781,0.03667747974395752,0.23006844520568848,0.0,0.0987442135810852,0.14254599809646606,0.07457304000854492,0.21332764625549316,0.4463092088699341,0.2681393027305603,0.24182450771331787,0.3634204864501953,0.24128329753875732,0.13544541597366333,0.03871333599090576,0.1443575620651245,0.2951524257659912,0.17934268712997437,0.10874652862548828,0.27903199195861816,0.22885841131210327,0.1322702169418335,0.08060848712921143,0.48889100551605225,0.17471778392791748,0.18231868743896484,0.203191876411438,0.25250422954559326,0.2994884252548218,0.19068610668182373,0.23555529117584229,0.11724478006362915,0.27878302335739136,0.22737538814544678,0.19906342029571533,0.25825411081314087,0.30200135707855225,0.20437133312225342,0.27055156230926514
DIS_10_9a1d5,0.3075156807899475,0.19530248641967773,0.19151651859283447,0.17932552099227905,0.2400650978088379,0.31049901247024536,0.18964403867721558,0.1280348300933838,0.1299816370010376,0.1837422251701355,0.15392112731933594,0.030171513557434082,0.10807526111602783,0.08186650276184082,0.43631696701049805,0.5896252393722534,0.6478676199913025,0.6270908713340759,0.3947187662124634,0.4029887914657593,0.5227779746055603,0.505063533782959,0.5321912169456482,0.63528972864151,1.0,0.6013773083686829,0.4425721764564514,0.6384179592132568,0.12711113691329956,0.2306010127067566,0.14223843812942505,0.31288981437683105,0.06733429431915283,0.1454542875289917,0.10660356283187866,0.13017195463180542,0.18398398160934448,0.2013779878616333,0.012471199035644531,0.12684965133666992,0.36370599269866943,0.35695743560791016,0.03756427764892578,0.01652216911315918,0.3247954845428467,0.17050236463546753,0.14615106582641602,0.23468399047851562,0.21811765432357788,0.2025768756866455,0.3543239235877991,0.09998613595962524,0.11292392015457153,0.1852402687072754,0.03971022367477417,0.15479505062103271,0.2735123634338379,0.11948436498641968,0.13958823680877686,0.0,0.008600473403930664,0.14610159397125244,0.1337430477142334,0.14202666282653809,0.016061246395111084,0.015495777130126953,0.07529568672180176,0.015914201736450195,0.15880554914474487,0.11135399341583252,0.015176773071289062,0.07529568672180176,0.13466334342956543,0.01745915412902832,0.14394718408584595,0.07335060834884644,0.26175498962402344,0.11287546157836914,0.0,0.007957279682159424,0.0,0.04856085777282715,0.13850361108779907,0.029481947422027588,0.17670321464538574,0.3651044964790344,0.3030550479888916,0.1815629005432129,0.179052472114563,0.2120206356048584,0.12659931182861328,0.06848561763763428,0.13654255867004395,0.23336374759674072,0.10405844449996948,0.08655554056167603,0.2729383111000061,0.24835121631622314,0.17605602741241455,0.029814839363098145,0.3437023162841797,0.15586251020431519,0.24881529808044434,0.07310670614242554,0.3046443462371826,0.13220643997192383,0.1951884627342224,0.24356788396835327,0.16830945014953613,0.22957998514175415,0.20847368240356445,0.1421242356300354,0.3459901213645935,0.2969951629638672,0.27796638011932373,0.2585412859916687
DIS_11_b2825,0.17508423328399658,0.0007457137107849121,0.12975382804870605,0.10482895374298096,0.09674316644668579,0.15045565366744995,0.19986248016357422,0.03473633527755737,0.0655745267868042,0.0664447546005249,0.13783806562423706,0.011509120464324951,0.07239538431167603,0.026108503341674805,0.1618720293045044,0.5412534475326538,0.595112144947052,0.4895740747451782,0.47367268800735474,0.34152281284332275,0.5078417062759399,0.6423085331916809,0.45643478631973267,0.5460683107376099,0.6013773083686829,1.0,0.41486287117004395,0.5894991755485535,0.05548137426376343,0.0804823637008667,0.12371861934661865,0.16793560981750488,0.060537517070770264,0.08105349540710449,0.01791936159133911,0.13237249851226807,0.060744285583496094,0.15859848260879517,0.028476417064666748,0.10892575979232788,0.14548182487487793,0.11351823806762695,0.002933323383331299,0.09858644008636475,0.22536903619766235,0.01722860336303711,0.13654446601867676,0.10976392030715942,0.17218101024627686,0.1796361207962036,0.10841989517211914,0.07393759489059448,0.09941411018371582,0.14372414350509644,0.0,0.16688323020935059,0.20218884944915771,0.05889362096786499,0.25955021381378174,0.016544759273529053,0.041850149631500244,0.05817168951034546,0.037888526916503906,0.029958367347717285,0.0,0.0011150240898132324,0.021946191787719727,0.01818019151687622,0.21237093210220337,0.13941890001296997,0.052765488624572754,0.021946191787719727,0.052380263805389404,0.10708820819854736,0.08787411451339722,0.0894891619682312,0.13138389587402344,0.03626495599746704,0.0,0.04332917928695679,0.05345243215560913,0.038953959941864014,0.11424940824508667,0.07439672946929932,0.05771738290786743,0.29017770290374756,0.273168683052063,0.17824715375900269,0.1936664581298828,0.21239811182022095,0.12668156623840332,0.04985320568084717,0.2460566759109497,0.16781216859817505,0.11998772621154785,0.12145030498504639,0.1508306860923767,0.18567311763763428,0.2095252275466919,0.14870870113372803,0.321144163608551,0.2521049976348877,0.16645431518554688,0.10954391956329346,0.3940432667732239,0.26955240964889526,0.41268211603164673,0.21281272172927856,0.19291836023330688,0.22524487972259521,0.35167717933654785,0.16212207078933716,0.30909454822540283,0.20435434579849243,0.19687479734420776,0.2315824031829834
DIS_12_daad3,0.14769798517227173,0.05119907855987549,0.039893269538879395,0.003556966781616211,0.16533100605010986,0.12150156497955322,0.053695082664489746,0.02493959665298462,0.13244646787643433,0.08097296953201294,0.09325700998306274,0.06870591640472412,0.05445975065231323,0.06642574071884155,0.03130155801773071,0.6219766139984131,0.4713348150253296,0.5896628499031067,0.4278067350387573,0.3412824273109436,0.48574066162109375,0.4366610050201416,0.5849796533584595,0.6170005798339844,0.4425721764564514,0.41486287117004395,1.0,0.5148921012878418,0.12172830104827881,0.08301526308059692,0.23392188549041748,0.2169802188873291,0.048529207706451416,0.2059251070022583,0.09469497203826904,0.1011660099029541,0.11291342973709106,0.059417009353637695,0.20586776733398438,0.08170449733734131,0.21679085493087769,0.02780967950820923,0.11974769830703735,0.0881502628326416,0.19430184364318848,0.006618022918701172,0.10903245210647583,0.17153549194335938,0.07478612661361694,0.14170140027999878,0.12700891494750977,0.1542084813117981,0.05886870622634888,0.09847962856292725,0.07893753051757812,0.06680023670196533,0.12211716175079346,0.06032294034957886,0.17925816774368286,0.0029954910278320312,0.0,0.0,0.053609251976013184,0.023021936416625977,0.0,0.0,0.0419577956199646,0.06404620409011841,0.16065436601638794,0.06326007843017578,0.10319972038269043,0.0419577956199646,0.04462838172912598,0.1093752384185791,0.23186665773391724,0.08306163549423218,0.28735339641571045,0.19533038139343262,0.06934881210327148,0.13362383842468262,0.07860010862350464,0.19943654537200928,0.18645823001861572,0.13016271591186523,0.20007628202438354,0.3277198076248169,0.18847143650054932,0.1822655200958252,0.3445223569869995,0.16184306144714355,0.07288509607315063,0.01865255832672119,0.07608962059020996,0.24476909637451172,0.16411489248275757,0.0438542366027832,0.2133064866065979,0.1322462558746338,0.09131366014480591,0.2462022304534912,0.35784995555877686,0.1561506986618042,0.1036033034324646,0.25694286823272705,0.22074371576309204,0.21431833505630493,0.06830078363418579,0.2141140103340149,0.13632041215896606,0.3229457139968872,0.1725757122039795,0.13678473234176636,0.1514306664466858,0.2585933208465576,0.08387041091918945,0.14191800355911255
DIS_13_f7310,0.1783750057220459,0.09739691019058228,0.21630996465682983,0.1446223258972168,0.15666329860687256,0.14389503002166748,0.1751667857170105,0.14391225576400757,0.14413350820541382,0.14286041259765625,0.14102083444595337,0.07973074913024902,0.09101718664169312,0.030546128749847412,0.19840818643569946,0.658483624458313,0.6433255672454834,0.7196570634841919,0.47515785694122314,0.4792063236236572,0.5665330290794373,0.5919582843780518,0.6565525531768799,0.8205966949462891,0.6384179592132568,0.5894991755485535,0.5148921012878418,1.0,0.17256277799606323,0.18065130710601807,0.2921234369277954,0.2835405468940735,0.08988136053085327,0.15176302194595337,0.1887683868408203,0.17881375551223755,0.1121673583984375,0.18687176704406738,0.12716925144195557,0.14826339483261108,0.2838249206542969,0.17362171411514282,0.047016024589538574,0.009423553943634033,0.2757890820503235,0.15520352125167847,0.19647490978240967,0.3019906282424927,0.2660328149795532,0.2764700651168823,0.2285502552986145,0.1576215624809265,0.1785111427307129,0.21158146858215332,0.1867198944091797,0.21985888481140137,0.2957271337509155,0.21603071689605713,0.21305108070373535,0.10697376728057861,0.12286186218261719,0.20301085710525513,0.22117865085601807,0.22665029764175415,0.07648628950119019,0.03949570655822754,0.25776320695877075,0.09916585683822632,0.27209556102752686,0.21623766422271729,0.14627206325531006,0.25776320695877075,0.2316678762435913,0.049008965492248535,0.12623810768127441,0.081126868724823,0.15724939107894897,0.07369732856750488,0.0,0.19826000928878784,0.0,0.05509549379348755,0.13951480388641357,0.07761168479919434,0.1468273401260376,0.36290085315704346,0.1901288628578186,0.1608741283416748,0.21531260013580322,0.15623271465301514,0.060777366161346436,0.01611328125,0.07595634460449219,0.197240948677063,0.046547770500183105,0.06726819276809692,0.2090398073196411,0.13883167505264282,0.08184349536895752,0.07497453689575195,0.4734903573989868,0.1981528401374817,0.22017210721969604,0.13360059261322021,0.33302217721939087,0.23221546411514282,0.17442190647125244,0.29282665252685547,0.14806562662124634,0.20703554153442383,0.19879508018493652,0.22783803939819336,0.26392847299575806,0.23939275741577148,0.24220889806747437,0.26827895641326904
ENE_01_0ce22,0.05449944734573364,0.1667342185974121,0.1535242199897766,0.12299293279647827,0.3260749578475952,0.08957672119140625,0.2248067855834961,0.1991620659828186,0.06537622213363647,0.14190727472305298,0.05011916160583496,0.06106889247894287,0.15875941514968872,0.055674195289611816,0.0979149341583252,0.1158338189125061,0.12208575010299683,0.1895984411239624,0.17285585403442383,0.38575536012649536,0.2248021364212036,0.1569911241531372,0.1917250156402588,0.18417870998382568,0.12711113691329956,0.05548137426376343,0.12172830104827881,0.17256277799606323,1.0,0.5381081700325012,0.5973984003067017,0.35194605588912964,0.3124418258666992,0.6153199076652527,0.5298529267311096,0.29170769453048706,0.45953452587127686,0.5239158868789673,0.3684614896774292,0.35310328006744385,0.48222821950912476,0.39996010065078735,0.491089403629303,0.17090630531311035,0.3027533292770386,0.24532639980316162,0.1782904863357544,0.3727881908416748,0.2505289316177368,0.3308502435684204,0.18360364437103271,0.12467771768569946,0.20608454942703247,0.09493017196655273,0.2069230079650879,0.1847270131111145,0.33467304706573486,0.29017019271850586,0.22875463962554932,0.03093564510345459,0.25910747051239014,0.21503877639770508,0.23933708667755127,0.19343119859695435,0.34859514236450195,0.060716331005096436,0.15995585918426514,0.23752140998840332,0.14568859338760376,0.07733696699142456,0.2678537368774414,0.15995585918426514,0.2660676836967468,0.023343563079833984,0.15231263637542725,0.33812689781188965,0.1751713752746582,0.27265268564224243,0.217462420463562,0.2617032527923584,0.0,0.11674576997756958,0.19082605838775635,0.1484655737876892,0.2799912691116333,0.36531949043273926,0.3209550380706787,0.31880390644073486,0.27259206771850586,0.2983183264732361,0.3366870880126953,0.21890103816986084,0.23517084121704102,0.4192647337913513,0.24111294746398926,0.32455623149871826,0.40776920318603516,0.31857776641845703,0.26180970668792725,0.12158232927322388,0.31531572341918945,0.21421712636947632,0.2128639817237854,0.18113923072814941,0.1850041151046753,0.1014752984046936,0.12388229370117188,0.2503237724304199,0.13375824689865112,0.18891632556915283,0.21842604875564575,0.3486264944076538,0.17952924966812134,0.06519472599029541,0.13807225227355957,0.2674136161804199
ENE_02_24d51,0.16280603408813477,0.3130054473876953,0.16335105895996094,0.14492571353912354,0.1289128065109253,0.18486547470092773,0.2080344557762146,0.07400870323181152,0.08018845319747925,0.25989407300949097,0.0760577917098999,0.08114969730377197,0.08604007959365845,0.07769280672073364,0.17602932453155518,0.13833510875701904,0.19026219844818115,0.20330530405044556,0.1277335286140442,0.29586637020111084,0.24786245822906494,0.13780224323272705,0.16583967208862305,0.22205930948257446,0.2306010127067566,0.0804823637008667,0.08301526308059692,0.18065130710601807,0.5381081700325012,1.0,0.4712454080581665,0.3507014513015747,0.3809586763381958,0.38548922538757324,0.4335364103317261,0.38208508491516113,0.4832785725593567,0.6861891746520996,0.35164129734039307,0.4038699269294739,0.5974735021591187,0.5146447420120239,0.5133156180381775,0.2196105718612671,0.18566101789474487,0.22779887914657593,0.17162829637527466,0.20878273248672485,0.22179818153381348,0.29219144582748413,0.18575161695480347,0.11988896131515503,0.22631990909576416,0.1603749394416809,0.04032832384109497,0.23231005668640137,0.3451460599899292,0.2185390591621399,0.2688581943511963,0.0,0.15227127075195312,0.2814149260520935,0.33716535568237305,0.173392653465271,0.18209999799728394,0.12438327074050903,0.2722911834716797,0.13044863939285278,0.19081616401672363,0.0781562328338623,0.23178499937057495,0.2722911834716797,0.35436123609542847,0.14417612552642822,0.2049034833908081,0.41536271572113037,0.23045200109481812,0.19195318222045898,0.21667444705963135,0.2106570601463318,0.0,0.19589829444885254,0.27499598264694214,0.12783390283584595,0.27145636081695557,0.4242550730705261,0.4596961736679077,0.4950793981552124,0.40063023567199707,0.5373706817626953,0.4790002703666687,0.28001219034194946,0.4461456537246704,0.5349254608154297,0.45097601413726807,0.4666585922241211,0.3100648522377014,0.4275383949279785,0.5391883254051208,0.09494143724441528,0.1447412371635437,0.2944735288619995,0.24132007360458374,0.1968209147453308,0.21146726608276367,0.11348533630371094,0.1963798999786377,0.2870302200317383,0.16173237562179565,0.09023594856262207,0.20630669593811035,0.33983802795410156,0.16627705097198486,0.10862714052200317,0.2374308705329895,0.21829038858413696
ENE_03_31059,0.06502366065979004,0.1716926097869873,0.12569797039031982,0.016719400882720947,0.31955981254577637,0.05274432897567749,0.09152835607528687,0.23157644271850586,0.0,0.11857885122299194,0.03262627124786377,0.07292366027832031,0.07407194375991821,0.031089842319488525,0.06866973638534546,0.22620487213134766,0.16154682636260986,0.2968839406967163,0.20048344135284424,0.42013639211654663,0.21348190307617188,0.16201645135879517,0.33350735902786255,0.32635825872421265,0.14223843812942505,0.12371861934661865,0.23392188549041748,0.2921234369277954,0.5973984003067017,0.4712454080581665,1.0,0.2689265012741089,0.4044024348258972,0.5879732370376587,0.4843432903289795,0.18842697143554688,0.41905349493026733,0.4894382357597351,0.4802650213241577,0.2573072910308838,0.48440539836883545,0.33229923248291016,0.46823054552078247,0.1405048370361328,0.2419164776802063,0.2191268801689148,0.09611976146697998,0.3218013644218445,0.09329760074615479,0.28640443086624146,0.22710847854614258,0.0977698564529419,0.29426777362823486,0.02817511558532715,0.10649794340133667,0.15049487352371216,0.18667590618133545,0.2063232660293579,0.15009891986846924,0.04615342617034912,0.2594144344329834,0.3012316823005676,0.2658402919769287,0.2622905969619751,0.2569257616996765,0.09397989511489868,0.23080837726593018,0.2886333465576172,0.21198642253875732,0.15683472156524658,0.2646747827529907,0.23080837726593018,0.2912251353263855,0.061120808124542236,0.2990868091583252,0.16963446140289307,0.26880574226379395,0.4009232521057129,0.21568751335144043,0.3199695348739624,0.06600940227508545,0.20266413688659668,0.16573572158813477,0.1933693289756775,0.43012404441833496,0.3294461965560913,0.233187735080719,0.1878880262374878,0.37145519256591797,0.16486454010009766,0.2219843864440918,0.1535968780517578,0.11877506971359253,0.3060187101364136,0.216852605342865,0.20910406112670898,0.3730109930038452,0.3247320055961609,0.21697723865509033,0.151187002658844,0.38370704650878906,0.1214989423751831,0.13657277822494507,0.3231585621833801,0.1760362982749939,0.12595593929290771,0.12351882457733154,0.21553397178649902,0.11919897794723511,0.28913044929504395,0.17541009187698364,0.2926396131515503,0.1460208296775818,0.10748058557510376,0.0811460018157959,0.22309350967407227
ENE_04_3143a,0.3453894257545471,0.1089634895324707,0.045724451541900635,0.14620333909988403,0.2259870171546936,0.2141200304031372,0.14234739542007446,0.014881491661071777,0.1429075002670288,0.06766855716705322,0.027642428874969482,0.08132731914520264,0.09985244274139404,0.07455313205718994,0.14317774772644043,0.3262961506843567,0.25831496715545654,0.23979967832565308,0.13157200813293457,0.16409188508987427,0.19021475315093994,0.2143259048461914,0.15249931812286377,0.24392908811569214,0.31288981437683105,0.16793560981750488,0.2169802188873291,0.2835405468940735,0.35194605588912964,0.3507014513015747,0.2689265012741089,1.0,0.20996814966201782,0.3433126211166382,0.4335038661956787,0.5057203769683838,0.3515714406967163,0.2972099184989929,0.2153548002243042,0.5113070011138916,0.35593414306640625,0.28071463108062744,0.41482555866241455,0.0,0.08461117744445801,0.1620449423789978,0.03852325677871704,0.10740888118743896,0.1269059181213379,0.13357728719711304,0.28654396533966064,0.09253549575805664,0.0,0.2050577998161316,0.02671027183532715,0.05671125650405884,0.15726327896118164,0.06994032859802246,0.18720293045043945,0.0007387399673461914,0.0,0.05876779556274414,0.08847928047180176,0.0,0.08692985773086548,0.0,0.16025888919830322,0.061313629150390625,0.23600447177886963,0.0,0.009270906448364258,0.16025888919830322,0.10869354009628296,0.0,0.038378000259399414,0.3423980474472046,0.09694784879684448,0.041840553283691406,0.0,0.0,0.0,0.07711619138717651,0.023349404335021973,0.0,0.01482778787612915,0.10273188352584839,0.04233241081237793,0.0911949872970581,0.12539422512054443,0.11203408241271973,0.12288850545883179,0.0,0.1707603931427002,0.12230247259140015,0.021378397941589355,0.13680630922317505,0.13608932495117188,0.09020578861236572,0.11154121160507202,0.0427929162979126,0.08770817518234253,0.1415541172027588,0.07331550121307373,0.09875452518463135,0.14563262462615967,0.04151695966720581,0.11173087358474731,0.07087993621826172,0.13797104358673096,0.05913078784942627,0.13571643829345703,0.15625512599945068,0.12217050790786743,0.08917003870010376,0.07399129867553711,0.06545722484588623
ENE_05_47c10,0.06366944313049316,0.08443719148635864,0.032631874084472656,0.16734760999679565,0.01682901382446289,0.013078093528747559,0.08500856161117554,0.0042612552642822266,0.03221708536148071,0.025121212005615234,0.04835653305053711,0.041640520095825195,0.0,0.011668384075164795,0.10027897357940674,0.04838740825653076,0.09269869327545166,0.057529449462890625,0.10944002866744995,0.20735198259353638,0.06050586700439453,0.12708914279937744,0.07295101881027222,0.0818028450012207,0.06733429431915283,0.060537517070770264,0.048529207706451416,0.08988136053085327,0.3124418258666992,0.3809586763381958,0.4044024348258972,0.20996814966201782,1.0,0.20862996578216553,0.3399343490600586,0.2070392370223999,0.2936094403266907,0.4838145971298218,0.32560956478118896,0.3324187994003296,0.4517775774002075,0.43023258447647095,0.451617956161499,0.011771023273468018,0.02538156509399414,0.07649874687194824,0.04657280445098877,0.04716825485229492,0.009213268756866455,0.02830272912979126,0.13264751434326172,0.002323925495147705,0.05222135782241821,0.005323171615600586,0.0,0.07741910219192505,0.07319116592407227,0.04754859209060669,0.16662657260894775,0.01642131805419922,0.05430340766906738,0.0034388303756713867,0.06726425886154175,0.040592849254608154,0.0,0.03559297323226929,0.08452373743057251,0.054067373275756836,0.03575855493545532,0.03637969493865967,0.06598865985870361,0.08452373743057251,0.03848588466644287,0.0,0.048924922943115234,0.08287578821182251,0.08940976858139038,0.0,0.0,0.03600341081619263,0.0,0.04058104753494263,0.04896301031112671,0.06425946950912476,0.09679585695266724,0.044417738914489746,0.043302834033966064,0.10451257228851318,0.08136433362960815,0.044580161571502686,0.16130214929580688,0.032494306564331055,0.05929762125015259,0.01599299907684326,0.05492335557937622,0.17961406707763672,0.0,0.21999293565750122,0.20019805431365967,0.0,0.0062674880027771,0.10679519176483154,0.04156017303466797,0.004439175128936768,0.13118022680282593,0.0,0.14144349098205566,0.04566735029220581,0.0,0.0,0.045771241188049316,0.08473324775695801,0.045051515102386475,0.031554460525512695,0.08032399415969849,0.03910470008850098
ENE_06_68cc5,0.1360759735107422,0.1679757833480835,0.062169790267944336,0.032461464405059814,0.586227297782898,0.13239502906799316,0.10546654462814331,0.16954690217971802,0.0,0.12664008140563965,0.003000974655151367,0.05227261781692505,0.10841399431228638,0.0,0.019445955753326416,0.19166934490203857,0.1661795973777771,0.21659404039382935,0.21648097038269043,0.36672937870025635,0.20415717363357544,0.08816242218017578,0.21455401182174683,0.19115066528320312,0.1454542875289917,0.08105349540710449,0.2059251070022583,0.15176302194595337,0.6153199076652527,0.38548922538757324,0.5879732370376587,0.3433126211166382,0.20862996578216553,1.0,0.4435262680053711,0.24585986137390137,0.32078081369400024,0.3866628408432007,0.37415850162506104,0.21612578630447388,0.36388498544692993,0.22518181800842285,0.34961676597595215,0.11858552694320679,0.2344878911972046,0.2701202630996704,0.16395258903503418,0.2770628333091736,0.16903579235076904,0.27598869800567627,0.2879710793495178,0.11534088850021362,0.26334553956985474,0.048194169998168945,0.2358790636062622,0.19366812705993652,0.24803227186203003,0.24780315160751343,0.11532163619995117,0.04386544227600098,0.25362080335617065,0.20558464527130127,0.2151739001274109,0.1862139105796814,0.31963276863098145,0.07017439603805542,0.15297508239746094,0.2192915678024292,0.16545426845550537,0.11344689130783081,0.2211918830871582,0.15297508239746094,0.19933509826660156,0.10366755723953247,0.28969913721084595,0.22107064723968506,0.22299957275390625,0.3766111731529236,0.24819928407669067,0.2782682776451111,0.10178852081298828,0.1803443431854248,0.1816418170928955,0.26575857400894165,0.3468761444091797,0.23486757278442383,0.1445745825767517,0.19800376892089844,0.19647276401519775,0.12186247110366821,0.17239022254943848,0.12591910362243652,0.14841699600219727,0.29011499881744385,0.13245201110839844,0.1632474660873413,0.5622211694717407,0.25376439094543457,0.11143088340759277,0.1657668948173523,0.3086698055267334,0.1809462308883667,0.1387001872062683,0.347828209400177,0.17734169960021973,0.07878416776657104,0.13183414936065674,0.22116202116012573,0.13725566864013672,0.3714057207107544,0.1440194845199585,0.3237096071243286,0.17362487316131592,0.14315664768218994,0.09636670351028442,0.17386722564697266
ENE_07_6b773,0.14669311046600342,0.29168999195098877,0.24050158262252808,0.17540502548217773,0.2490837574005127,0.18029189109802246,0.21176820993423462,0.24408340454101562,0.11191779375076294,0.26045775413513184,0.14175939559936523,0.14595568180084229,0.13452643156051636,0.08788186311721802,0.12003523111343384,0.11272352933883667,0.1819537878036499,0.24259424209594727,0.15666568279266357,0.31411415338516235,0.15944397449493408,0.10630613565444946,0.18191909790039062,0.17358434200286865,0.10660356283187866,0.01791936159133911,0.09469497203826904,0.1887683868408203,0.5298529267311096,0.4335364103317261,0.4843432903289795,0.4335038661956787,0.3399343490600586,0.4435262680053711,1.0,0.2707898020744324,0.4344342350959778,0.4990098476409912,0.35953688621520996,0.4247557520866394,0.496839702129364,0.31530559062957764,0.41698718070983887,0.11669212579727173,0.13911360502243042,0.24055755138397217,0.18097716569900513,0.21890270709991455,0.20863503217697144,0.3001502752304077,0.26685112714767456,0.06463623046875,0.1378423571586609,0.08568978309631348,0.1574299931526184,0.2551569938659668,0.25763124227523804,0.36477136611938477,0.17715203762054443,0.04171490669250488,0.3068940043449402,0.2159585952758789,0.28665292263031006,0.16535663604736328,0.2801923155784607,0.09170746803283691,0.2777561545372009,0.22031062841415405,0.17593073844909668,0.15651559829711914,0.29378950595855713,0.2777561545372009,0.34786784648895264,0.04829287528991699,0.2304915189743042,0.30283260345458984,0.26187050342559814,0.25325000286102295,0.3933525085449219,0.3760582208633423,0.04054760932922363,0.17034220695495605,0.21698570251464844,0.16649937629699707,0.34696030616760254,0.2729206681251526,0.20241641998291016,0.18607831001281738,0.26348841190338135,0.18281137943267822,0.3077394366264343,0.28169530630111694,0.2848566174507141,0.30712729692459106,0.18073999881744385,0.2956763505935669,0.25241440534591675,0.33725976943969727,0.1602669358253479,0.06870102882385254,0.19720125198364258,0.11085975170135498,0.22652757167816162,0.22975361347198486,0.1535181999206543,0.05719953775405884,0.06782031059265137,0.169017493724823,0.15481609106063843,0.14016085863113403,0.100314199924469,0.2999494671821594,0.12273800373077393,0.11397624015808105,0.11108565330505371,0.27945399284362793
ENE_08_76dd7,0.19554346799850464,0.08616083860397339,0.07477247714996338,0.22106879949569702,0.10961997509002686,0.16979873180389404,0.11924856901168823,0.0,0.20233440399169922,0.12480062246322632,0.06822878122329712,0.008863270282745361,0.0519406795501709,0.08855307102203369,0.15477150678634644,0.2098391056060791,0.16350716352462769,0.2136749029159546,0.09901833534240723,0.26719820499420166,0.19762814044952393,0.12934839725494385,0.1507079005241394,0.23545056581497192,0.13017195463180542,0.13237249851226807,0.1011660099029541,0.17881375551223755,0.29170769453048706,0.38208508491516113,0.18842697143554688,0.5057203769683838,0.2070392370223999,0.24585986137390137,0.2707898020744324,1.0,0.2646644115447998,0.30647826194763184,0.2669362425804138,0.5158293843269348,0.2695639133453369,0.25290447473526,0.3228270411491394,0.129491925239563,0.06853592395782471,0.15854805707931519,0.15249019861221313,0.12753498554229736,0.16742831468582153,0.2923940420150757,0.09961628913879395,0.1612710952758789,0.038039207458496094,0.22517496347427368,0.07080107927322388,0.12429296970367432,0.23480653762817383,0.13762766122817993,0.3889801502227783,0.0,0.05020409822463989,0.09606671333312988,0.1221017837524414,0.004815220832824707,0.05158650875091553,0.0,0.18006455898284912,0.047074973583221436,0.14139318466186523,0.017327308654785156,0.07198464870452881,0.18006455898284912,0.12433028221130371,0.0,0.07791900634765625,0.43181198835372925,0.10247933864593506,0.05328178405761719,0.07685738801956177,0.10955524444580078,0.0,0.12696564197540283,0.08688724040985107,0.02039051055908203,0.04078948497772217,0.16957783699035645,0.11752122640609741,0.15728759765625,0.20810604095458984,0.20293664932250977,0.20465409755706787,0.054799675941467285,0.34531253576278687,0.20744872093200684,0.15691667795181274,0.2118903398513794,0.12621307373046875,0.15836083889007568,0.17145562171936035,0.11841416358947754,0.07216650247573853,0.16810160875320435,0.08580803871154785,0.07877123355865479,0.10930377244949341,0.06514602899551392,0.15731489658355713,0.0625542402267456,0.13249504566192627,0.09814631938934326,0.1569688320159912,0.23233181238174438,0.1009519100189209,0.09614193439483643,0.05772542953491211,0.09349566698074341
ENE_09_82f47,0.09355521202087402,0.1434040069580078,0.09179377555847168,0.05320197343826294,0.1082078218460083,0.20052474737167358,0.09920376539230347,0.10908901691436768,0.09294301271438599,0.15262120962142944,0.02962517738342285,0.17820745706558228,0.04994690418243408,0.15580904483795166,0.16980069875717163,0.11499255895614624,0.15461182594299316,0.13359427452087402,0.09691262245178223,0.2576184868812561,0.18023109436035156,0.11126863956451416,0.07249200344085693,0.13392984867095947,0.18398398160934448,0.060744285583496094,0.11291342973709106,0.1121673583984375,0.45953452587127686,0.4832785725593567,0.41905349493026733,0.3515714406967163,0.2936094403266907,0.32078081369400024,0.4344342350959778,0.2646644115447998,1.0,0.4662541151046753,0.4389677047729492,0.4409947991371155,0.5077507495880127,0.3623420000076294,0.5454767346382141,0.2333013415336609,0.19384777545928955,0.2114483118057251,0.11899399757385254,0.22544586658477783,0.15145182609558105,0.11476641893386841,0.13233637809753418,0.1416371464729309,0.11791342496871948,0.16729450225830078,0.06185883283615112,0.17923516035079956,0.21730530261993408,0.1945866346359253,0.13929694890975952,0.028864383697509766,0.16188228130340576,0.2122310996055603,0.3032456636428833,0.23623228073120117,0.25474244356155396,0.10152977705001831,0.20874619483947754,0.15322387218475342,0.19178396463394165,0.15613043308258057,0.14082980155944824,0.20874619483947754,0.21934211254119873,0.051689207553863525,0.2187250852584839,0.25827640295028687,0.3002150058746338,0.226393461227417,0.2687453031539917,0.16505593061447144,0.0,0.1971997618675232,0.191703200340271,0.0016571283340454102,0.3195974826812744,0.22090721130371094,0.2398107647895813,0.11259490251541138,0.361677885055542,0.22674155235290527,0.2254316210746765,0.09976768493652344,0.23352950811386108,0.29726749658584595,0.2308204174041748,0.20654475688934326,0.13842922449111938,0.3219798803329468,0.18606072664260864,0.21442419290542603,0.1978856325149536,0.1128653883934021,0.15108758211135864,0.15138572454452515,0.21157896518707275,0.08879578113555908,0.09709131717681885,0.12327253818511963,0.18509924411773682,0.12591248750686646,0.2077757716178894,0.25950193405151367,0.1182178258895874,0.15621137619018555,0.0828404426574707,0.15480166673660278
ENE_10_a6418,0.14522027969360352,0.3370678424835205,0.17008984088897705,0.22168201208114624,0.11359816789627075,0.14931106567382812,0.2086278200149536,0.12086904048919678,0.10407859086990356,0.2512556314468384,0.05142408609390259,0.10919779539108276,0.060706496238708496,0.06501805782318115,0.1815474033355713,0.09284740686416626,0.13663899898529053,0.2491587996482849,0.13923931121826172,0.3656572103500366,0.20744341611862183,0.16087913513183594,0.21414262056350708,0.19637233018875122,0.2013779878616333,0.15859848260879517,0.059417009353637695,0.18687176704406738,0.5239158868789673,0.6861891746520996,0.4894382357597351,0.2972099184989929,0.4838145971298218,0.3866628408432007,0.4990098476409912,0.30647826194763184,0.4662541151046753,1.0,0.3018801212310791,0.43112921714782715,0.6793298721313477,0.5432142615318298,0.4595927596092224,0.1814557909965515,0.1971973180770874,0.2254508137702942,0.12391847372055054,0.2368321418762207,0.1771346926689148,0.29570138454437256,0.22041308879852295,0.04004746675491333,0.19223034381866455,0.09531623125076294,0.07924216985702515,0.3799523711204529,0.2646524906158447,0.2446662187576294,0.3028768301010132,0.022458434104919434,0.17382192611694336,0.18694430589675903,0.2790771722793579,0.20405662059783936,0.23508143424987793,0.10757601261138916,0.26270896196365356,0.16653698682785034,0.15671801567077637,0.2550959587097168,0.214682936668396,0.26270896196365356,0.3091856837272644,0.10191011428833008,0.24994027614593506,0.40122419595718384,0.24549120664596558,0.16148978471755981,0.22151178121566772,0.2188277244567871,0.05506628751754761,0.14213013648986816,0.19898629188537598,0.10785716772079468,0.462543249130249,0.39839792251586914,0.33159196376800537,0.34990793466567993,0.3265540599822998,0.4150090217590332,0.6626645922660828,0.33556067943573,0.42195582389831543,0.4161595106124878,0.3403615951538086,0.5397129654884338,0.29465794563293457,0.4781199097633362,0.5256550908088684,0.05065321922302246,0.17046254873275757,0.14512228965759277,0.36296701431274414,0.171434223651886,0.16525530815124512,0.042714834213256836,0.26521891355514526,0.19118613004684448,0.12864422798156738,0.11698365211486816,0.11660981178283691,0.26738446950912476,0.18617910146713257,0.10965466499328613,0.24973934888839722,0.2706220746040344
ENE_11_b6eb2,0.06800341606140137,0.08697742223739624,0.11420702934265137,0.049606919288635254,0.13699793815612793,0.06324446201324463,0.03570908308029175,0.06813222169876099,0.12654554843902588,0.047008395195007324,0.0,0.1676507592201233,0.05279439687728882,0.004597365856170654,0.053999125957489014,0.09640604257583618,0.04926955699920654,0.11615645885467529,0.0757671594619751,0.2096644639968872,0.08242630958557129,0.030713319778442383,0.10814911127090454,0.1559019684791565,0.012471199035644531,0.028476417064666748,0.20586776733398438,0.12716925144195557,0.3684614896774292,0.35164129734039307,0.4802650213241577,0.2153548002243042,0.32560956478118896,0.37415850162506104,0.35953688621520996,0.2669362425804138,0.4389677047729492,0.3018801212310791,1.0,0.27332115173339844,0.40021926164627075,0.22976720333099365,0.585149347782135,0.19171273708343506,0.06525963544845581,0.09221434593200684,0.05661815404891968,0.10618895292282104,0.037353694438934326,0.1173018217086792,0.004119813442230225,0.12243479490280151,0.09291714429855347,0.08026182651519775,0.03671497106552124,0.14446723461151123,0.10531502962112427,0.10285186767578125,0.10541856288909912,0.059809088706970215,0.2313992977142334,0.2387622594833374,0.2259795069694519,0.16005855798721313,0.18491429090499878,0.03472012281417847,0.24600422382354736,0.13991832733154297,0.16635096073150635,0.14063215255737305,0.17747259140014648,0.24600422382354736,0.19733989238739014,0.11366939544677734,0.2554240822792053,0.23858380317687988,0.2723897099494934,0.22893530130386353,0.14653795957565308,0.22282075881958008,0.030902206897735596,0.26891475915908813,0.11421442031860352,0.08698892593383789,0.2596815228462219,0.10594463348388672,0.08063966035842896,0.07787257432937622,0.34762704372406006,0.14111965894699097,0.21219229698181152,0.04591357707977295,0.2180396318435669,0.2117236852645874,0.2279958724975586,0.24271422624588013,0.1152142882347107,0.30338406562805176,0.1772991418838501,0.238660991191864,0.17776036262512207,0.08792370557785034,0.056209027767181396,0.1576991081237793,0.14842307567596436,0.12055099010467529,0.07092303037643433,0.09585344791412354,0.08145910501480103,0.11584067344665527,0.08009761571884155,0.2723807096481323,0.036084532737731934,0.10332131385803223,0.0,0.04167366027832031
ENE_12_bf662,0.2751859426498413,0.12864887714385986,0.1096007227897644,0.2413947582244873,0.11320751905441284,0.19973623752593994,0.19690120220184326,0.07468199729919434,0.18508124351501465,0.12308597564697266,0.1516789197921753,0.04894459247589111,0.10501366853713989,0.14722859859466553,0.22380375862121582,0.11753600835800171,0.1812593936920166,0.13818025588989258,0.02909928560256958,0.09615999460220337,0.10878801345825195,0.11697614192962646,0.07641398906707764,0.14401710033416748,0.12684965133666992,0.10892575979232788,0.08170449733734131,0.14826339483261108,0.35310328006744385,0.4038699269294739,0.2573072910308838,0.5113070011138916,0.3324187994003296,0.21612578630447388,0.4247557520866394,0.5158293843269348,0.4409947991371155,0.43112921714782715,0.27332115173339844,1.0,0.44090700149536133,0.40180182456970215,0.48807764053344727,0.18471038341522217,0.10889261960983276,0.10164958238601685,0.09451079368591309,0.1104733943939209,0.05512768030166626,0.18187928199768066,0.07907235622406006,0.09162205457687378,0.05304771661758423,0.23095321655273438,0.0644679069519043,0.11061722040176392,0.11602890491485596,0.11845624446868896,0.2856656312942505,0.0,0.024508535861968994,0.025961220264434814,0.06992596387863159,0.0,0.05261808633804321,0.02725309133529663,0.14017224311828613,0.005666792392730713,0.16919994354248047,0.0,0.0,0.14017224311828613,0.08537054061889648,4.64320182800293e-05,0.13859331607818604,0.42207807302474976,0.1316012144088745,0.09477877616882324,0.06903684139251709,0.056831538677215576,0.0,0.12571251392364502,0.013284444808959961,0.03074491024017334,0.08485579490661621,0.12311339378356934,0.15021121501922607,0.0983346700668335,0.10438793897628784,0.2349090576171875,0.2690756320953369,0.24805903434753418,0.2612755298614502,0.14188534021377563,0.15800821781158447,0.20436906814575195,0.06590354442596436,0.1597822904586792,0.31256479024887085,0.09269779920578003,0.046091556549072266,0.19983702898025513,0.08958041667938232,0.06818240880966187,0.16874372959136963,0.06124758720397949,0.23420941829681396,0.03391081094741821,0.1331358551979065,0.08434057235717773,0.19406092166900635,0.16500264406204224,0.1322993040084839,0.09344297647476196,0.04655236005783081,0.0964658260345459
ENE_13_d269b,0.19958722591400146,0.34594154357910156,0.14771223068237305,0.26528263092041016,0.15269196033477783,0.1985471248626709,0.22659838199615479,0.12644678354263306,0.1409822702407837,0.22095566987991333,0.07268404960632324,0.0846443772315979,0.06736063957214355,0.0609775185585022,0.30973517894744873,0.20734262466430664,0.26812857389450073,0.4155696630477905,0.19655483961105347,0.35804831981658936,0.2742995023727417,0.1760791540145874,0.31314796209335327,0.321915864944458,0.36370599269866943,0.14548182487487793,0.21679085493087769,0.2838249206542969,0.48222821950912476,0.5974735021591187,0.48440539836883545,0.35593414306640625,0.4517775774002075,0.36388498544692993,0.496839702129364,0.2695639133453369,0.5077507495880127,0.6793298721313477,0.40021926164627075,0.44090700149536133,1.0,0.5971770882606506,0.43080735206604004,0.15305495262145996,0.18229997158050537,0.13082361221313477,0.10025173425674438,0.22125059366226196,0.1347406506538391,0.24775314331054688,0.14496642351150513,0.05886518955230713,0.13102185726165771,0.09344351291656494,0.08774089813232422,0.3129624128341675,0.22536730766296387,0.17587578296661377,0.28655803203582764,0.08759045600891113,0.147993803024292,0.15006804466247559,0.22812998294830322,0.163429856300354,0.16340947151184082,0.0779644250869751,0.2056940793991089,0.09903478622436523,0.16553503274917603,0.1690272092819214,0.24040430784225464,0.2056940793991089,0.24100518226623535,0.1370633840560913,0.423964262008667,0.32519960403442383,0.5535702705383301,0.1964186429977417,0.22425997257232666,0.18555909395217896,0.10835742950439453,0.1849128007888794,0.17098397016525269,0.11440509557723999,0.5100122690200806,0.38588541746139526,0.32018381357192993,0.32445746660232544,0.3581591844558716,0.37213432788848877,0.43233776092529297,0.3227089047431946,0.306624174118042,0.3964694142341614,0.30801475048065186,0.44404566287994385,0.26873552799224854,0.6662597060203552,0.3718045949935913,0.07057774066925049,0.2004031538963318,0.11439043283462524,0.22094112634658813,0.14931118488311768,0.2040557861328125,0.06327158212661743,0.13392668962478638,0.16110122203826904,0.06546491384506226,0.13827085494995117,0.12506580352783203,0.1987980604171753,0.09737294912338257,0.22241026163101196,0.2041175365447998,0.1649634838104248
ENE_14_dc481,0.1493869423866272,0.10102689266204834,0.06450670957565308,0.22064781188964844,0.0,0.12433427572250366,0.13531816005706787,0.030141472816467285,0.1429513692855835,0.06255227327346802,0.053209543228149414,0.02303338050842285,0.06518924236297607,0.030475199222564697,0.38014012575149536,0.089039146900177,0.17361098527908325,0.22689294815063477,0.12169963121414185,0.26972895860671997,0.12971937656402588,0.14080506563186646,0.21104925870895386,0.23006945848464966,0.35695743560791016,0.11351823806762695,0.02780967950820923,0.17362171411514282,0.39996010065078735,0.5146447420120239,0.33229923248291016,0.28071463108062744,0.43023258447647095,0.22518181800842285,0.31530559062957764,0.25290447473526,0.3623420000076294,0.5432142615318298,0.22976720333099365,0.40180182456970215,0.5971770882606506,1.0,0.3917509913444519,0.11609816551208496,0.10920137166976929,0.044601619243621826,0.11243617534637451,0.10014569759368896,0.05105632543563843,0.23521101474761963,0.056407809257507324,0.0,0.05771589279174805,0.03776216506958008,0.0,0.11972123384475708,0.13384413719177246,0.09852445125579834,0.21082639694213867,0.0,0.06615573167800903,0.0931817889213562,0.09527915716171265,0.11927640438079834,0.11672240495681763,0.007401406764984131,0.06366640329360962,0.07984167337417603,0.09540683031082153,0.02528923749923706,0.06293374300003052,0.06366640329360962,0.11223161220550537,0.028422534465789795,0.20365262031555176,0.361930787563324,0.2699636220932007,0.07287406921386719,0.08016729354858398,0.061883628368377686,0.04217386245727539,0.00035560131072998047,0.13216781616210938,0.06275796890258789,0.21809029579162598,0.3046635389328003,0.33241671323776245,0.20116668939590454,0.15831118822097778,0.31156158447265625,0.3354436755180359,0.18703877925872803,0.24325478076934814,0.24282729625701904,0.19906282424926758,0.32045382261276245,0.1320071816444397,0.4619460105895996,0.3616836667060852,0.027576208114624023,0.12754923105239868,0.14842748641967773,0.16951632499694824,0.0,0.17677462100982666,0.0,0.18265998363494873,0.15037035942077637,0.05550277233123779,0.025187134742736816,0.09853410720825195,0.1376488208770752,0.27694225311279297,0.0932723879814148,0.18568384647369385,0.13613390922546387
ENE_15_f6fae,0.12196105718612671,0.051979005336761475,0.05472254753112793,0.07230591773986816,0.04532957077026367,0.07789576053619385,0.03996121883392334,0.03989595174789429,0.09844642877578735,0.0617142915725708,0.02795398235321045,0.13552528619766235,0.07751882076263428,0.09873002767562866,0.10072284936904907,0.06458371877670288,0.06534022092819214,0.049021780490875244,0.03319740295410156,0.17068982124328613,0.06333273649215698,0.06688696146011353,0.030661046504974365,0.08012545108795166,0.03756427764892578,0.002933323383331299,0.11974769830703735,0.047016024589538574,0.491089403629303,0.5133156180381775,0.46823054552078247,0.41482555866241455,0.451617956161499,0.34961676597595215,0.41698718070983887,0.3228270411491394,0.5454767346382141,0.4595927596092224,0.585149347782135,0.48807764053344727,0.43080735206604004,0.3917509913444519,1.0,0.3227657079696655,0.09626150131225586,0.20252323150634766,0.16977864503860474,0.1387178897857666,0.04808002710342407,0.15858471393585205,0.062465548515319824,0.12285733222961426,0.09533166885375977,0.13463175296783447,0.06285709142684937,0.17348718643188477,0.15112560987472534,0.1972246766090393,0.15013325214385986,0.053945183753967285,0.07820188999176025,0.18234670162200928,0.19063150882720947,0.10564255714416504,0.18914258480072021,0.03004533052444458,0.16249775886535645,0.08314919471740723,0.1643691062927246,0.03091740608215332,0.08104562759399414,0.16249775886535645,0.14666324853897095,0.024808764457702637,0.20965969562530518,0.3769797682762146,0.18744254112243652,0.16388148069381714,0.09978049993515015,0.11061859130859375,0.0,0.3404339551925659,0.055490970611572266,0.04965609312057495,0.16850948333740234,0.10498917102813721,0.14450669288635254,0.19153666496276855,0.24128741025924683,0.23015224933624268,0.3095395565032959,0.09123611450195312,0.3304840326309204,0.2467774748802185,0.37421131134033203,0.28316551446914673,0.0642356276512146,0.23742377758026123,0.31426870822906494,0.2990133762359619,0.10590225458145142,0.13236004114151,0.04880571365356445,0.10760509967803955,0.17302322387695312,0.008554697036743164,0.15934264659881592,0.04837089776992798,0.1567138433456421,0.041265130043029785,0.13501906394958496,0.2863311767578125,0.08249419927597046,0.10911160707473755,0.052596092224121094,0.04332393407821655
ENV_01_0cfd4,0.09751975536346436,0.13806474208831787,0.19196158647537231,0.13810038566589355,0.10225361585617065,0.19539719820022583,0.019864320755004883,0.15524929761886597,0.11882287263870239,0.19300752878189087,0.1238510012626648,0.23604965209960938,0.0764586329460144,0.23704075813293457,0.06787043809890747,0.0,0.056346774101257324,0.12693214416503906,0.04524993896484375,0.1485503911972046,0.10098385810852051,0.04958939552307129,0.08676159381866455,0.08661818504333496,0.01652216911315918,0.09858644008636475,0.0881502628326416,0.009423553943634033,0.17090630531311035,0.2196105718612671,0.1405048370361328,0.0,0.011771023273468018,0.11858552694320679,0.11669212579727173,0.129491925239563,0.2333013415336609,0.1814557909965515,0.19171273708343506,0.18471038341522217,0.15305495262145996,0.11609816551208496,0.3227657079696655,1.0,0.21869349479675293,0.4844139814376831,0.47358500957489014,0.25083982944488525,0.22374391555786133,0.352062463760376,0.17671287059783936,0.38972675800323486,0.3863283395767212,0.3643221855163574,0.22336065769195557,0.6005670428276062,0.4094465970993042,0.5144702792167664,0.37732505798339844,0.25840532779693604,0.22116297483444214,0.19105839729309082,0.2332565188407898,0.14205271005630493,0.1837342381477356,0.07452535629272461,0.20964312553405762,0.1528337597846985,0.23916739225387573,0.07827985286712646,0.20227688550949097,0.20964312553405762,0.20346271991729736,0.15058809518814087,0.26846224069595337,0.2598814368247986,0.1301189661026001,0.1802152395248413,0.12394368648529053,0.25641292333602905,0.02408379316329956,0.3241363763809204,0.13031303882598877,0.0820191502571106,0.12195724248886108,0.27016663551330566,0.34790611267089844,0.32594072818756104,0.3145890235900879,0.40647614002227783,0.3086480498313904,0.29150164127349854,0.44326531887054443,0.45893144607543945,0.7536369562149048,0.35093194246292114,0.26936352252960205,0.3143885135650635,0.3304804563522339,0.6553924083709717,0.1477709412574768,0.05514293909072876,0.09587162733078003,0.19511473178863525,0.07135838270187378,0.14294791221618652,0.10876017808914185,0.04614168405532837,0.1298384666442871,0.12400984764099121,0.18311119079589844,0.35602426528930664,0.1485753059387207,0.1665644645690918,0.032568156719207764,0.1782248616218567
ENV_02_0f9b0,0.19202101230621338,0.2684272527694702,0.2615131735801697,0.17509675025939941,0.33144789934158325,0.334405779838562,0.362449586391449,0.3012629747390747,0.02595829963684082,0.3480878472328186,0.4046388864517212,0.06567567586898804,0.18543696403503418,0.2072763442993164,0.2926342487335205,0.23151040077209473,0.22321677207946777,0.2558096647262573,0.20856088399887085,0.1767207384109497,0.35456371307373047,0.17931151390075684,0.21442508697509766,0.24686402082443237,0.3247954845428467,0.22536903619766235,0.19430184364318848,0.2757890820503235,0.3027533292770386,0.18566101789474487,0.2419164776802063,0.08461117744445801,0.02538156509399414,0.2344878911972046,0.13911360502243042,0.06853592395782471,0.19384777545928955,0.1971973180770874,0.06525963544845581,0.10889261960983276,0.18229997158050537,0.10920137166976929,0.09626150131225586,0.21869349479675293,1.0,0.27681082487106323,0.3419235348701477,0.5437577366828918,0.4815877079963684,0.31519949436187744,0.3237692713737488,0.28587865829467773,0.4452056884765625,0.4237833619117737,0.23952317237854004,0.2498091459274292,0.4736725687980652,0.3361130952835083,0.1411827802658081,0.009405255317687988,0.09512138366699219,0.1424970030784607,0.14345192909240723,0.060012102127075195,0.1439521312713623,0.020906567573547363,0.07731121778488159,0.1323000192642212,0.0967283844947815,0.006100773811340332,0.14563417434692383,0.07731121778488159,0.15147852897644043,0.13679522275924683,0.10071015357971191,0.17108416557312012,0.1892871856689453,0.3776203393936157,0.13124006986618042,0.053628385066986084,0.03087306022644043,0.12655234336853027,0.20883947610855103,0.12876355648040771,0.17857784032821655,0.18948280811309814,0.3281072974205017,0.12689006328582764,0.10791945457458496,0.25283336639404297,0.15329551696777344,0.11888831853866577,0.09172272682189941,0.3459435701370239,0.1854085922241211,0.10386765003204346,0.2749726176261902,0.13711774349212646,0.1962641477584839,0.11574840545654297,0.27619385719299316,0.07805299758911133,0.18937349319458008,0.23214948177337646,0.1682295799255371,0.060028910636901855,0.11121052503585815,0.2472711205482483,0.12520313262939453,0.3537946939468384,0.16202795505523682,0.2883772850036621,0.19246089458465576,0.11574435234069824,0.15401768684387207,0.26442795991897583
ENV_03_2f819,0.25857001543045044,0.3789801001548767,0.2888011336326599,0.20285773277282715,0.3682938814163208,0.30781805515289307,0.08127611875534058,0.28421831130981445,0.08395075798034668,0.3628407120704651,0.1188538670539856,0.2106037139892578,0.12298375368118286,0.3137175440788269,0.11503809690475464,0.04096716642379761,0.05255711078643799,0.18619412183761597,0.16607153415679932,0.20405399799346924,0.1501835584640503,0.12446784973144531,0.10340088605880737,0.11156529188156128,0.17050236463546753,0.01722860336303711,0.006618022918701172,0.15520352125167847,0.24532639980316162,0.22779887914657593,0.2191268801689148,0.1620449423789978,0.07649874687194824,0.2701202630996704,0.24055755138397217,0.15854805707931519,0.2114483118057251,0.2254508137702942,0.09221434593200684,0.10164958238601685,0.13082361221313477,0.044601619243621826,0.20252323150634766,0.4844139814376831,0.27681082487106323,1.0,0.40218985080718994,0.4364670515060425,0.3742682933807373,0.2691923975944519,0.6237075328826904,0.5419335961341858,0.26137399673461914,0.3743547201156616,0.5278235673904419,0.5342905521392822,0.5801348686218262,0.6249457001686096,0.23409247398376465,0.14015179872512817,0.1427643895149231,0.23944461345672607,0.27859795093536377,0.17819416522979736,0.16334140300750732,0.11229723691940308,0.23945164680480957,0.1042482852935791,0.18465852737426758,0.07107478380203247,0.19811004400253296,0.23945164680480957,0.24382376670837402,0.0,0.14617276191711426,0.1275181770324707,0.026556789875030518,0.15302443504333496,0.1600104570388794,0.25392401218414307,0.0,0.2432788610458374,0.17209649085998535,0.11677831411361694,0.14408838748931885,0.16728800535202026,0.11146676540374756,0.13093030452728271,0.07517695426940918,0.11919677257537842,0.13075566291809082,0.05751150846481323,0.09648942947387695,0.3793025016784668,0.2787989377975464,0.11991697549819946,0.36513417959213257,0.07813113927841187,0.040814876556396484,0.2937506437301636,0.1925206184387207,0.037786900997161865,0.22449398040771484,0.19690394401550293,0.10872757434844971,0.0,0.06253772974014282,0.1756630539894104,0.09927242994308472,0.1120765209197998,0.10101372003555298,0.44193708896636963,0.19101756811141968,0.17226028442382812,0.1577879786491394,0.3420501947402954
ENV_04_46549,0.12354612350463867,0.16413795948028564,0.25396841764450073,0.15700197219848633,0.1339343786239624,0.16742002964019775,0.1349177360534668,0.13751256465911865,0.08385682106018066,0.2918758988380432,0.3633460998535156,0.13630014657974243,0.14090383052825928,0.12659025192260742,0.09826314449310303,0.12231624126434326,0.16769194602966309,0.2605997920036316,0.1110871434211731,0.19424718618392944,0.22903752326965332,0.1353895664215088,0.24062871932983398,0.23851299285888672,0.14615106582641602,0.13654446601867676,0.10903245210647583,0.19647490978240967,0.1782904863357544,0.17162829637527466,0.09611976146697998,0.03852325677871704,0.04657280445098877,0.16395258903503418,0.18097716569900513,0.15249019861221313,0.11899399757385254,0.12391847372055054,0.05661815404891968,0.09451079368591309,0.10025173425674438,0.11243617534637451,0.16977864503860474,0.47358500957489014,0.3419235348701477,0.40218985080718994,1.0,0.3435758948326111,0.3878225088119507,0.34744274616241455,0.2753489017486572,0.3290243148803711,0.321521520614624,0.367228627204895,0.290340781211853,0.4828237295150757,0.5429636836051941,0.7965584397315979,0.3091272711753845,0.03908783197402954,0.15017318725585938,0.05369877815246582,0.14146411418914795,0.04513585567474365,0.11890822649002075,0.0,0.09843355417251587,0.0,0.11312341690063477,0.0,0.11670655012130737,0.09843355417251587,0.09840607643127441,0.07330906391143799,0.11574780941009521,0.21927207708358765,0.08945649862289429,0.16209381818771362,0.14068663120269775,0.1880536675453186,0.014336347579956055,0.13596516847610474,0.16988754272460938,0.15558385848999023,0.06700599193572998,0.21385586261749268,0.24840706586837769,0.17982995510101318,0.1259974241256714,0.2651824951171875,0.15123623609542847,0.08613109588623047,0.25333917140960693,0.2997097969055176,0.34946608543395996,0.1460111141204834,0.1918845772743225,0.12622523307800293,0.10934031009674072,0.32584476470947266,0.2027408480644226,0.18107545375823975,0.17892837524414062,0.2063748836517334,0.1572996973991394,0.11614316701889038,0.1557774543762207,0.16971975564956665,0.11829179525375366,0.17805099487304688,0.2250233292579651,0.4220203161239624,0.2674299478530884,0.25078141689300537,0.18249017000198364,0.30263280868530273
ENV_05_4e2b7,0.10352480411529541,0.2569831609725952,0.3334146738052368,0.15567374229431152,0.2874094843864441,0.20240557193756104,0.26909732818603516,0.30596232414245605,0.0635254979133606,0.36658763885498047,0.34868931770324707,0.1394616961479187,0.20073556900024414,0.14875447750091553,0.16810405254364014,0.17757725715637207,0.14628267288208008,0.3532145619392395,0.12162065505981445,0.3506659269332886,0.295921266078949,0.18540847301483154,0.2633715867996216,0.2746407985687256,0.23468399047851562,0.10976392030715942,0.17153549194335938,0.3019906282424927,0.3727881908416748,0.20878273248672485,0.3218013644218445,0.10740888118743896,0.04716825485229492,0.2770628333091736,0.21890270709991455,0.12753498554229736,0.22544586658477783,0.2368321418762207,0.10618895292282104,0.1104733943939209,0.22125059366226196,0.10014569759368896,0.1387178897857666,0.25083982944488525,0.5437577366828918,0.4364670515060425,0.3435758948326111,1.0,0.5095919370651245,0.3840503692626953,0.36945754289627075,0.3375973105430603,0.4182175397872925,0.44287216663360596,0.32720983028411865,0.3756577968597412,0.4210619330406189,0.44491058588027954,0.18908876180648804,0.033918559551239014,0.16013175249099731,0.24827075004577637,0.2327977418899536,0.1573309302330017,0.21660208702087402,0.06643432378768921,0.16975891590118408,0.08140099048614502,0.09985291957855225,0.09695303440093994,0.13531064987182617,0.16975891590118408,0.2813286781311035,0.07057011127471924,0.12381047010421753,0.06484055519104004,0.11480259895324707,0.2697455883026123,0.10901200771331787,0.12060546875,0.0,0.1282002329826355,0.15363836288452148,0.0838857889175415,0.21943461894989014,0.18704962730407715,0.22658181190490723,0.1244705319404602,0.12018555402755737,0.15369820594787598,0.12599492073059082,0.07677710056304932,0.046730637550354004,0.25274407863616943,0.16609638929367065,0.12146914005279541,0.2557227611541748,0.10527122020721436,0.05269902944564819,0.19195681810379028,0.30064576864242554,0.06851571798324585,0.2729374170303345,0.18461382389068604,0.15062230825424194,0.06354886293411255,0.029806971549987793,0.21945810317993164,0.12102985382080078,0.24658459424972534,0.11374950408935547,0.33592498302459717,0.18345260620117188,0.18990391492843628,0.2230837345123291,0.33646970987319946
ENV_06_5bd1c,0.15692317485809326,0.220711350440979,0.444999635219574,0.21293222904205322,0.19799727201461792,0.2054750919342041,0.35961848497390747,0.2218707799911499,0.09216880798339844,0.30746734142303467,0.38263964653015137,0.2970132827758789,0.23426401615142822,0.12330073118209839,0.22927987575531006,0.14714962244033813,0.2856566905975342,0.21490615606307983,0.30239415168762207,0.18332183361053467,0.5048383474349976,0.17185211181640625,0.10521507263183594,0.2013261318206787,0.21811765432357788,0.17218101024627686,0.07478612661361694,0.2660328149795532,0.2505289316177368,0.22179818153381348,0.09329760074615479,0.1269059181213379,0.009213268756866455,0.16903579235076904,0.20863503217697144,0.16742831468582153,0.15145182609558105,0.1771346926689148,0.037353694438934326,0.05512768030166626,0.1347406506538391,0.05105632543563843,0.04808002710342407,0.22374391555786133,0.4815877079963684,0.3742682933807373,0.3878225088119507,0.5095919370651245,1.0,0.28945696353912354,0.34598422050476074,0.29928314685821533,0.29689788818359375,0.5084630846977234,0.2756454348564148,0.36532390117645264,0.6906833052635193,0.4474032521247864,0.19211065769195557,0.04015207290649414,0.10082381963729858,0.17978709936141968,0.2622867822647095,0.06614410877227783,0.09488052129745483,0.15522462129592896,0.23892080783843994,0.12722152471542358,0.13664722442626953,0.07990813255310059,0.3555801510810852,0.23892080783843994,0.2900838255882263,0.14597082138061523,0.09734326601028442,0.21124833822250366,0.11003655195236206,0.16417008638381958,0.14749562740325928,0.20553255081176758,0.017924845218658447,0.1326867938041687,0.3835110664367676,0.1211404800415039,0.08859193325042725,0.22651880979537964,0.2690470218658447,0.19628101587295532,0.09980320930480957,0.22527837753295898,0.12504959106445312,0.058936119079589844,0.15960204601287842,0.31055009365081787,0.1502079963684082,0.12949597835540771,0.12052851915359497,0.07946306467056274,0.09401828050613403,0.2073286771774292,0.282415509223938,0.23019123077392578,0.29838085174560547,0.34270524978637695,0.3311818242073059,0.22400575876235962,0.173287034034729,0.4967416524887085,0.28980863094329834,0.21928822994232178,0.26335084438323975,0.42743682861328125,0.2625032663345337,0.24904316663742065,0.2454921007156372,0.40976226329803467
ENV_07_6070a,0.07201796770095825,0.20067495107650757,0.2097015380859375,0.27677541971206665,0.18154644966125488,0.18855929374694824,0.17026352882385254,0.20196151733398438,0.2868817448616028,0.25499284267425537,0.18124401569366455,0.049977779388427734,0.11498802900314331,0.02893751859664917,0.11485540866851807,0.13258838653564453,0.18764221668243408,0.3256072402000427,0.10783237218856812,0.5724169015884399,0.32971101999282837,0.12480044364929199,0.27749359607696533,0.27168506383895874,0.2025768756866455,0.1796361207962036,0.14170140027999878,0.2764700651168823,0.3308502435684204,0.29219144582748413,0.28640443086624146,0.13357728719711304,0.02830272912979126,0.27598869800567627,0.3001502752304077,0.2923940420150757,0.11476641893386841,0.29570138454437256,0.1173018217086792,0.18187928199768066,0.24775314331054688,0.23521101474761963,0.15858471393585205,0.352062463760376,0.31519949436187744,0.2691923975944519,0.34744274616241455,0.3840503692626953,0.28945696353912354,1.0,0.18271464109420776,0.1440192461013794,0.43649816513061523,0.18329709768295288,0.16322386264801025,0.4261728525161743,0.3489997386932373,0.4186744689941406,0.49393701553344727,0.09015297889709473,0.25871890783309937,0.1811031699180603,0.20765066146850586,0.16857445240020752,0.17738789319992065,0.0,0.1434723138809204,0.16471338272094727,0.10081619024276733,0.11551225185394287,0.17419731616973877,0.1434723138809204,0.263416051864624,0.10111677646636963,0.15709912776947021,0.18941926956176758,0.11042457818984985,0.23542678356170654,0.15275192260742188,0.2648928761482239,0.010994672775268555,0.11091762781143188,0.10908740758895874,0.1356649398803711,0.20290130376815796,0.38464319705963135,0.36142289638519287,0.29136329889297485,0.29194533824920654,0.2928584814071655,0.31379234790802,0.33088743686676025,0.36080092191696167,0.3690863847732544,0.4183257222175598,0.3282935619354248,0.3649316430091858,0.3529646396636963,0.28844165802001953,0.23846715688705444,0.2638047933578491,0.06783449649810791,0.2501969337463379,0.19355154037475586,0.11395430564880371,0.19871795177459717,0.14017271995544434,0.18410491943359375,0.2208012342453003,0.27483057975769043,0.16676181554794312,0.39663201570510864,0.22840940952301025,0.31268882751464844,0.23997879028320312,0.3478391170501709
ENV_08_6c0c3,0.329830527305603,0.41282594203948975,0.236738383769989,0.11875385046005249,0.43708670139312744,0.33914053440093994,0.17656785249710083,0.20707809925079346,0.0325084924697876,0.3445110321044922,0.19172543287277222,0.10233622789382935,0.10297757387161255,0.22268915176391602,0.15070438385009766,0.19824665784835815,0.1722395420074463,0.27150917053222656,0.22597754001617432,0.2821519374847412,0.24918675422668457,0.16110992431640625,0.2210901379585266,0.20948290824890137,0.3543239235877991,0.10841989517211914,0.12700891494750977,0.2285502552986145,0.18360364437103271,0.18575161695480347,0.22710847854614258,0.28654396533966064,0.13264751434326172,0.2879710793495178,0.26685112714767456,0.09961628913879395,0.13233637809753418,0.22041308879852295,0.004119813442230225,0.07907235622406006,0.14496642351150513,0.056407809257507324,0.062465548515319824,0.17671287059783936,0.3237692713737488,0.6237075328826904,0.2753489017486572,0.36945754289627075,0.34598422050476074,0.18271464109420776,1.0,0.2957528829574585,0.2409927248954773,0.28943932056427,0.3738889694213867,0.3498117923736572,0.4129410982131958,0.4246891736984253,0.13274860382080078,0.02944844961166382,0.07711392641067505,0.13753008842468262,0.25783175230026245,0.21038532257080078,0.11322593688964844,0.0812455415725708,0.15689367055892944,0.1660773754119873,0.11643964052200317,0.08111393451690674,0.1299821138381958,0.15689367055892944,0.23545706272125244,0.0,0.13384616374969482,0.07852375507354736,0.058432698249816895,0.13828611373901367,0.18077212572097778,0.21050530672073364,0.0,0.13834667205810547,0.19822019338607788,0.1366710662841797,0.14951777458190918,0.150282621383667,0.10152328014373779,0.062152326107025146,0.12115669250488281,0.07395666837692261,0.09700238704681396,0.005160629749298096,0.02357727289199829,0.2289486527442932,0.09045445919036865,0.037159621715545654,0.2979823350906372,0.03963875770568848,0.017910420894622803,0.1000179648399353,0.19209682941436768,0.0877542495727539,0.24986380338668823,0.2611112594604492,0.09020811319351196,0.05288344621658325,0.047815799713134766,0.20787250995635986,0.11804729700088501,0.16788816452026367,0.12591099739074707,0.3084139823913574,0.20955520868301392,0.18193745613098145,0.18466293811798096,0.3295002579689026
ENV_09_80007,0.24671614170074463,0.37716490030288696,0.3861734867095947,0.1808738112449646,0.2889291048049927,0.4364302158355713,0.16133689880371094,0.334595263004303,0.14709991216659546,0.4910355806350708,0.22608262300491333,0.29555779695510864,0.2593512535095215,0.5523755550384521,0.19009971618652344,0.1860368251800537,0.10536056756973267,0.1801518201828003,0.14857590198516846,0.055351853370666504,0.14332729578018188,0.10074228048324585,0.1414516568183899,0.2196274995803833,0.09998613595962524,0.07393759489059448,0.1542084813117981,0.1576215624809265,0.12467771768569946,0.11988896131515503,0.0977698564529419,0.09253549575805664,0.002323925495147705,0.11534088850021362,0.06463623046875,0.1612710952758789,0.1416371464729309,0.04004746675491333,0.12243479490280151,0.09162205457687378,0.05886518955230713,0.0,0.12285733222961426,0.38972675800323486,0.28587865829467773,0.5419335961341858,0.3290243148803711,0.3375973105430603,0.29928314685821533,0.1440192461013794,0.2957528829574585,1.0,0.21562379598617554,0.4274730682373047,0.41185635328292847,0.3939220905303955,0.5098717212677002,0.4087035655975342,0.21500861644744873,0.15913033485412598,0.07191187143325806,0.13474035263061523,0.09996455907821655,0.0,0.0,0.0,0.11261069774627686,0.06588929891586304,0.13440096378326416,0.0,0.09820681810379028,0.11261069774627686,0.08597397804260254,0.04501545429229736,0.12890267372131348,0.1570335030555725,0.07026106119155884,0.11839026212692261,0.04113119840621948,0.15624666213989258,0.0,0.22082805633544922,0.17010468244552612,0.0566105842590332,0.06268173456192017,0.047462522983551025,0.06744527816772461,0.08875811100006104,0.11832863092422485,0.12990093231201172,0.0,0.0,0.03638267517089844,0.3135073781013489,0.20089155435562134,0.021662890911102295,0.09647631645202637,0.0,0.0,0.2471400499343872,0.19847112894058228,0.10600173473358154,0.11346715688705444,0.2703266739845276,0.08946478366851807,0.12298583984375,0.07709568738937378,0.17546969652175903,0.12640821933746338,0.16484719514846802,0.16303980350494385,0.359840989112854,0.14081788063049316,0.18127351999282837,0.04678875207901001,0.175034761428833
ENV_10_8f360,0.06472820043563843,0.17766427993774414,0.17545175552368164,0.06521213054656982,0.22935962677001953,0.1317979097366333,0.21122968196868896,0.20256459712982178,0.004186511039733887,0.23224914073944092,0.19972532987594604,0.03550159931182861,0.09975111484527588,0.09631150960922241,0.09517180919647217,0.09398281574249268,0.08553236722946167,0.10175848007202148,0.010760307312011719,0.23359787464141846,0.1112602949142456,0.01833862066268921,0.12160968780517578,0.14346134662628174,0.11292392015457153,0.09941411018371582,0.05886870622634888,0.1785111427307129,0.20608454942703247,0.22631990909576416,0.29426777362823486,0.0,0.05222135782241821,0.26334553956985474,0.1378423571586609,0.038039207458496094,0.11791342496871948,0.19223034381866455,0.09291714429855347,0.05304771661758423,0.13102185726165771,0.05771589279174805,0.09533166885375977,0.3863283395767212,0.4452056884765625,0.26137399673461914,0.321521520614624,0.4182175397872925,0.29689788818359375,0.43649816513061523,0.2409927248954773,0.21562379598617554,1.0,0.23234975337982178,0.14588624238967896,0.3685344457626343,0.3384236693382263,0.3568153381347656,0.16455256938934326,0.07349586486816406,0.3221595883369446,0.20958375930786133,0.2747959494590759,0.19915390014648438,0.22208338975906372,0.06591105461120605,0.17104804515838623,0.23656320571899414,0.09983277320861816,0.15215611457824707,0.15648114681243896,0.17104804515838623,0.25150859355926514,0.18464142084121704,0.20204055309295654,0.07885515689849854,0.16376811265945435,0.41311419010162354,0.13399600982666016,0.21879279613494873,0.10923713445663452,0.20033907890319824,0.14832353591918945,0.15090370178222656,0.21897542476654053,0.15172988176345825,0.32797467708587646,0.21652579307556152,0.1899849772453308,0.22442448139190674,0.1458892822265625,0.26245880126953125,0.18339145183563232,0.2782043218612671,0.3349798917770386,0.17726337909698486,0.2783656120300293,0.19233083724975586,0.23008745908737183,0.21305793523788452,0.254965603351593,0.04231053590774536,0.1594368815422058,0.19952207803726196,0.05412626266479492,0.20425176620483398,0.05340689420700073,0.14059722423553467,0.1335321068763733,0.3426894545555115,0.1275274157524109,0.25137293338775635,0.17560267448425293,0.07184392213821411,0.17827105522155762,0.21375596523284912
ENV_11_97928,0.21777385473251343,0.10425150394439697,0.35533392429351807,0.21931946277618408,0.0916329026222229,0.2380528450012207,0.19025981426239014,0.16367113590240479,0.1546061635017395,0.21378177404403687,0.4075971841812134,0.27814823389053345,0.26087456941604614,0.2843501567840576,0.2157365083694458,0.18193280696868896,0.17514067888259888,0.1612134575843811,0.07427793741226196,0.05105370283126831,0.22179526090621948,0.16771602630615234,0.06989836692810059,0.17574840784072876,0.1852402687072754,0.14372414350509644,0.09847962856292725,0.21158146858215332,0.09493017196655273,0.1603749394416809,0.02817511558532715,0.2050577998161316,0.005323171615600586,0.048194169998168945,0.08568978309631348,0.22517496347427368,0.16729450225830078,0.09531623125076294,0.08026182651519775,0.23095321655273438,0.09344351291656494,0.03776216506958008,0.13463175296783447,0.3643221855163574,0.4237833619117737,0.3743547201156616,0.367228627204895,0.44287216663360596,0.5084630846977234,0.18329709768295288,0.28943932056427,0.4274730682373047,0.23234975337982178,1.0,0.23046278953552246,0.3107417821884155,0.36802828311920166,0.3034231662750244,0.26013708114624023,0.06855893135070801,0.04373449087142944,0.14175820350646973,0.15092551708221436,0.02685105800628662,0.01421278715133667,0.015964865684509277,0.20579206943511963,0.0,0.2633010149002075,0.03331923484802246,0.025575757026672363,0.20579206943511963,0.11802971363067627,0.02314591407775879,0.02878636121749878,0.18411505222320557,0.020965754985809326,0.05755007266998291,0.0,0.0089072585105896,0.0,0.14759713411331177,0.08558744192123413,0.059595704078674316,0.0,0.09509086608886719,0.12052035331726074,0.12530499696731567,0.024735212326049805,0.20693224668502808,0.06893599033355713,0.0,0.12656527757644653,0.15870428085327148,0.16649436950683594,0.08060228824615479,0.00290071964263916,0.005359947681427002,0.0799570083618164,0.2070104479789734,0.10820072889328003,0.08648264408111572,0.07306236028671265,0.11294424533843994,0.15317416191101074,0.0862886905670166,0.06725692749023438,0.04383367300033569,0.0587155818939209,0.031523704528808594,0.17759257555007935,0.20865511894226074,0.1032419204711914,0.08301079273223877,0.05375319719314575,0.10594451427459717
ENV_12_d933a,0.054400742053985596,0.2319730520248413,0.16447597742080688,0.14387726783752441,0.2479575276374817,0.13477778434753418,0.1479424238204956,0.15890532732009888,0.01425015926361084,0.2706601619720459,0.1002039909362793,0.05238461494445801,0.06830000877380371,0.20218461751937866,0.015258431434631348,0.03199535608291626,0.06003379821777344,0.16800111532211304,0.184761643409729,0.11807066202163696,0.07314819097518921,0.05920255184173584,0.10764217376708984,0.08419036865234375,0.03971022367477417,0.0,0.07893753051757812,0.1867198944091797,0.2069230079650879,0.04032832384109497,0.10649794340133667,0.02671027183532715,0.0,0.2358790636062622,0.1574299931526184,0.07080107927322388,0.06185883283615112,0.07924216985702515,0.03671497106552124,0.0644679069519043,0.08774089813232422,0.0,0.06285709142684937,0.22336065769195557,0.23952317237854004,0.5278235673904419,0.290340781211853,0.32720983028411865,0.2756454348564148,0.16322386264801025,0.3738889694213867,0.41185635328292847,0.14588624238967896,0.23046278953552246,1.0,0.3310147523880005,0.4140623211860657,0.4454268217086792,0.13639503717422485,0.13128447532653809,0.0005655884742736816,0.057091474533081055,0.07992810010910034,0.052151381969451904,0.08498060703277588,0.0,0.053952574729919434,0.03553032875061035,0.049250662326812744,0.0,0.18078619241714478,0.053952574729919434,0.060356318950653076,0.13409602642059326,0.15365999937057495,0.14640551805496216,0.09501761198043823,0.17041170597076416,0.18282783031463623,0.21101176738739014,0.05878692865371704,0.18236005306243896,0.1622629165649414,0.13029253482818604,0.14566922187805176,0.022337019443511963,0.03201401233673096,0.0,0.0,0.014449536800384521,0.0,0.05769085884094238,0.0,0.2571122646331787,0.04345202445983887,0.0,0.16866916418075562,0.0,0.0,0.19540715217590332,0.1589488983154297,0.029693007469177246,0.12600475549697876,0.13202232122421265,0.11619991064071655,0.0,0.0,0.20448851585388184,0.06888651847839355,0.13760274648666382,0.0664360523223877,0.3062429428100586,0.07541030645370483,0.0747377872467041,0.04007112979888916,0.18847310543060303
ENV_13_e223a,0.14744651317596436,0.2862666845321655,0.29149842262268066,0.318225622177124,0.16070556640625,0.21563369035720825,0.1258636713027954,0.2335805892944336,0.19393455982208252,0.3149040937423706,0.16985619068145752,0.242806077003479,0.07382053136825562,0.16640686988830566,0.11988896131515503,0.06764841079711914,0.1751062273979187,0.3120935559272766,0.1655305027961731,0.3117608428001404,0.2377157211303711,0.1939380168914795,0.22451388835906982,0.2076643705368042,0.15479505062103271,0.16688323020935059,0.06680023670196533,0.21985888481140137,0.1847270131111145,0.23231005668640137,0.15049487352371216,0.05671125650405884,0.07741910219192505,0.19366812705993652,0.2551569938659668,0.12429296970367432,0.17923516035079956,0.3799523711204529,0.14446723461151123,0.11061722040176392,0.3129624128341675,0.11972123384475708,0.17348718643188477,0.6005670428276062,0.2498091459274292,0.5342905521392822,0.4828237295150757,0.3756577968597412,0.36532390117645264,0.4261728525161743,0.3498117923736572,0.3939220905303955,0.3685344457626343,0.3107417821884155,0.3310147523880005,1.0,0.6027111411094666,0.6304193735122681,0.46349847316741943,0.2218497395515442,0.3196823000907898,0.23459112644195557,0.3317186236381531,0.217471182346344,0.23781907558441162,0.038764894008636475,0.26034408807754517,0.08908367156982422,0.2165069580078125,0.3337937593460083,0.2408638596534729,0.26034408807754517,0.3238336443901062,0.17073792219161987,0.3018772602081299,0.22620582580566406,0.17660492658615112,0.11328655481338501,0.15889716148376465,0.30522680282592773,0.0318027138710022,0.23306477069854736,0.19546765089035034,0.14173227548599243,0.31019753217697144,0.30246502161026,0.22881829738616943,0.29217636585235596,0.2419731616973877,0.3093293309211731,0.39559459686279297,0.2700951099395752,0.387518048286438,0.38671767711639404,0.44798678159713745,0.38405025005340576,0.22545427083969116,0.3508908748626709,0.18241339921951294,0.4435371160507202,0.2515648603439331,0.13010191917419434,0.38144373893737793,0.18452227115631104,0.18497490882873535,0.10412895679473877,0.17662739753723145,0.19943565130233765,0.2007794976234436,0.11603444814682007,0.1862959861755371,0.5215682983398438,0.261030912399292,0.3509138822555542,0.28457051515579224,0.398525595664978
ENV_14_e4670,0.21451336145401,0.3181157112121582,0.4000645875930786,0.27325475215911865,0.25690340995788574,0.2634577751159668,0.2859361171722412,0.2478671669960022,0.07959949970245361,0.38942819833755493,0.24730384349822998,0.1754971146583557,0.18359440565109253,0.23998767137527466,0.23170095682144165,0.16925722360610962,0.2999032735824585,0.25755953788757324,0.34626948833465576,0.25865113735198975,0.4603121876716614,0.18266081809997559,0.16906476020812988,0.25482964515686035,0.2735123634338379,0.20218884944915771,0.12211716175079346,0.2957271337509155,0.33467304706573486,0.3451460599899292,0.18667590618133545,0.15726327896118164,0.07319116592407227,0.24803227186203003,0.25763124227523804,0.23480653762817383,0.21730530261993408,0.2646524906158447,0.10531502962112427,0.11602890491485596,0.22536730766296387,0.13384413719177246,0.15112560987472534,0.4094465970993042,0.4736725687980652,0.5801348686218262,0.5429636836051941,0.4210619330406189,0.6906833052635193,0.3489997386932373,0.4129410982131958,0.5098717212677002,0.3384236693382263,0.36802828311920166,0.4140623211860657,0.6027111411094666,1.0,0.6451512575149536,0.3299713730812073,0.11839067935943604,0.17842960357666016,0.16900324821472168,0.3127765655517578,0.0925065279006958,0.10164034366607666,0.13197338581085205,0.24386054277420044,0.10642755031585693,0.16770118474960327,0.03991216421127319,0.37086164951324463,0.24386054277420044,0.2642641067504883,0.17121022939682007,0.23399591445922852,0.35208553075790405,0.22921693325042725,0.2518174648284912,0.20600777864456177,0.2793924808502197,0.0,0.2862115502357483,0.4995347261428833,0.18092882633209229,0.21068811416625977,0.2983958125114441,0.3013935685157776,0.23669981956481934,0.17491209506988525,0.2880290746688843,0.20222985744476318,0.09291613101959229,0.25512856245040894,0.5019698143005371,0.2947206497192383,0.21320903301239014,0.19800519943237305,0.17600470781326294,0.1523779034614563,0.31577110290527344,0.36208128929138184,0.2991451025009155,0.38645362854003906,0.36270368099212646,0.35838139057159424,0.16272717714309692,0.22825920581817627,0.5564325451850891,0.3347848057746887,0.2638058662414551,0.30755871534347534,0.6919108629226685,0.3866126537322998,0.2909177541732788,0.3071272373199463,0.48287469148635864
ENV_15_f1429,0.13309109210968018,0.3236647844314575,0.33688706159591675,0.2287154197692871,0.23120808601379395,0.21562457084655762,0.19193929433822632,0.23665690422058105,0.07799118757247925,0.39319896697998047,0.19501173496246338,0.18971037864685059,0.1571662425994873,0.19485586881637573,0.10077059268951416,0.06253451108932495,0.08128690719604492,0.30794429779052734,0.14075243473052979,0.2748901844024658,0.20966565608978271,0.12545233964920044,0.2475864291191101,0.2288968563079834,0.11948436498641968,0.05889362096786499,0.06032294034957886,0.21603071689605713,0.29017019271850586,0.2185390591621399,0.2063232660293579,0.06994032859802246,0.04754859209060669,0.24780315160751343,0.36477136611938477,0.13762766122817993,0.1945866346359253,0.2446662187576294,0.10285186767578125,0.11845624446868896,0.17587578296661377,0.09852445125579834,0.1972246766090393,0.5144702792167664,0.3361130952835083,0.6249457001686096,0.7965584397315979,0.44491058588027954,0.4474032521247864,0.4186744689941406,0.4246891736984253,0.4087035655975342,0.3568153381347656,0.3034231662750244,0.4454268217086792,0.6304193735122681,0.6451512575149536,1.0,0.2984539270401001,0.08371949195861816,0.24111640453338623,0.15795999765396118,0.27875179052352905,0.18134140968322754,0.24385327100753784,0.031204402446746826,0.1932658553123474,0.11141860485076904,0.10314661264419556,0.06947284936904907,0.23558807373046875,0.1932658553123474,0.24281197786331177,0.12381511926651001,0.21435391902923584,0.2517973780632019,0.12787139415740967,0.21506226062774658,0.27576225996017456,0.38443291187286377,0.0,0.22491848468780518,0.23672157526016235,0.12536561489105225,0.20992887020111084,0.3028998374938965,0.2445610761642456,0.2135191559791565,0.20052605867385864,0.26341795921325684,0.2562616467475891,0.17755520343780518,0.30100905895233154,0.4490848779678345,0.4010053277015686,0.2367100715637207,0.2972686290740967,0.18077164888381958,0.11857432126998901,0.3539721965789795,0.2894418239593506,0.1733614206314087,0.33993399143218994,0.278436541557312,0.15787208080291748,0.13974761962890625,0.1447107195854187,0.2409764528274536,0.19092196226119995,0.21320724487304688,0.20062881708145142,0.5751898288726807,0.2892826199531555,0.26772046089172363,0.2648162841796875,0.4670594334602356
ENV_16_f8183,0.16933679580688477,0.09351915121078491,0.1655389666557312,0.34809428453445435,0.03615772724151611,0.12096434831619263,0.07321804761886597,0.021990418434143066,0.33022236824035645,0.12993252277374268,0.12983858585357666,0.07433128356933594,0.05698370933532715,0.04636174440383911,0.05015909671783447,0.14221423864364624,0.165632426738739,0.23357832431793213,0.1388188600540161,0.40021538734436035,0.23136556148529053,0.2192053198814392,0.2690318822860718,0.23939311504364014,0.13958823680877686,0.25955021381378174,0.17925816774368286,0.21305108070373535,0.22875463962554932,0.2688581943511963,0.15009891986846924,0.18720293045043945,0.16662657260894775,0.11532163619995117,0.17715203762054443,0.3889801502227783,0.13929694890975952,0.3028768301010132,0.10541856288909912,0.2856656312942505,0.28655803203582764,0.21082639694213867,0.15013325214385986,0.37732505798339844,0.1411827802658081,0.23409247398376465,0.3091272711753845,0.18908876180648804,0.19211065769195557,0.49393701553344727,0.13274860382080078,0.21500861644744873,0.16455256938934326,0.26013708114624023,0.13639503717422485,0.46349847316741943,0.3299713730812073,0.2984539270401001,1.0,0.08498227596282959,0.08862531185150146,0.007252991199493408,0.046136677265167236,0.0,0.02960658073425293,0.0,0.09117567539215088,0.0,0.12889337539672852,0.05226612091064453,0.09142804145812988,0.09117567539215088,0.08183866739273071,0.034525394439697266,0.13088488578796387,0.2875560522079468,0.0726425051689148,0.01835644245147705,0.008834779262542725,0.10703730583190918,0.02439969778060913,0.10965603590011597,0.08083325624465942,0.08964908123016357,0.08556050062179565,0.3323177695274353,0.3025553822517395,0.29650330543518066,0.24662446975708008,0.3832101821899414,0.35222136974334717,0.2526991367340088,0.3988354206085205,0.3381947875022888,0.36519765853881836,0.39841127395629883,0.18380343914031982,0.30868297815322876,0.27942073345184326,0.26709604263305664,0.11569499969482422,0.14560389518737793,0.20049142837524414,0.06161177158355713,0.11752158403396606,0.14423203468322754,0.24630224704742432,0.06395834684371948,0.06932437419891357,0.0359768271446228,0.24749046564102173,0.2765815258026123,0.1545373797416687,0.27286022901535034,0.15302181243896484,0.3011462092399597
HEA_01_07f11,0.06525003910064697,0.08186829090118408,0.0880657434463501,0.011065661907196045,0.09159404039382935,0.021445512771606445,0.0,0.19884788990020752,0.0639810562133789,0.05412185192108154,0.0,0.23249763250350952,0.05246537923812866,0.0,0.0,0.00981217622756958,0.0822148323059082,0.06695663928985596,0.15371733903884888,0.09625846147537231,0.03725433349609375,0.06620723009109497,0.03035825490951538,0.07782554626464844,0.0,0.016544759273529053,0.0029954910278320312,0.10697376728057861,0.03093564510345459,0.0,0.04615342617034912,0.0007387399673461914,0.01642131805419922,0.04386544227600098,0.04171490669250488,0.0,0.028864383697509766,0.022458434104919434,0.059809088706970215,0.0,0.08759045600891113,0.0,0.053945183753967285,0.25840532779693604,0.009405255317687988,0.14015179872512817,0.03908783197402954,0.033918559551239014,0.04015207290649414,0.09015297889709473,0.02944844961166382,0.15913033485412598,0.07349586486816406,0.06855893135070801,0.13128447532653809,0.2218497395515442,0.11839067935943604,0.08371949195861816,0.08498227596282959,1.0,0.23626971244812012,0.20966583490371704,0.272702693939209,0.22660523653030396,0.16637521982192993,0.26297318935394287,0.3144466280937195,0.2726534605026245,0.31003236770629883,0.2531543970108032,0.39444446563720703,0.3144466280937195,0.23730915784835815,0.1231432557106018,0.23010945320129395,0.07554882764816284,0.12912046909332275,0.08281660079956055,0.17480558156967163,0.2710282802581787,0.09754258394241333,0.16818219423294067,0.08988958597183228,0.07367807626724243,0.12868934869766235,0.06651681661605835,0.0,0.09435606002807617,0.13742947578430176,0.06988388299942017,0.08434933423995972,0.07095897197723389,0.0851438045501709,0.129255473613739,0.14104688167572021,0.14377057552337646,0.09737277030944824,0.14818239212036133,0.0041806697845458984,0.23794126510620117,0.0496288537979126,0.0,0.022619247436523438,0.1270238161087036,0.0,0.08117353916168213,0.0,0.0,0.0,0.0009500980377197266,0.04942655563354492,0.01618039608001709,0.0,0.07313501834869385,0.0,0.0
HEA_02_0a422,0.003624856472015381,0.10461753606796265,0.15899401903152466,0.03682506084442139,0.1623455286026001,0.06050431728363037,0.06566512584686279,0.27054762840270996,0.03308820724487305,0.09723591804504395,0.07543665170669556,0.1344892978668213,0.14952301979064941,0.02937406301498413,0.03066861629486084,0.014320611953735352,0.08461564779281616,0.08536261320114136,0.09498965740203857,0.3297249674797058,0.12159061431884766,0.01610708236694336,0.08812999725341797,0.10873407125473022,0.008600473403930664,0.041850149631500244,0.0,0.12286186218261719,0.25910747051239014,0.15227127075195312,0.2594144344329834,0.0,0.05430340766906738,0.25362080335617065,0.3068940043449402,0.05020409822463989,0.16188228130340576,0.17382192611694336,0.2313992977142334,0.024508535861968994,0.147993803024292,0.06615573167800903,0.07820188999176025,0.22116297483444214,0.09512138366699219,0.1427643895149231,0.15017318725585938,0.16013175249099731,0.10082381963729858,0.25871890783309937,0.07711392641067505,0.07191187143325806,0.3221595883369446,0.04373449087142944,0.0005655884742736816,0.3196823000907898,0.17842960357666016,0.24111640453338623,0.08862531185150146,0.23626971244812012,1.0,0.4003226161003113,0.3933104872703552,0.39555370807647705,0.5384081602096558,0.299946129322052,0.33908993005752563,0.39911949634552,0.2984875440597534,0.29422128200531006,0.31505751609802246,0.33908993005752563,0.3774983882904053,0.11906963586807251,0.19486749172210693,0.030869126319885254,0.0924828052520752,0.21179509162902832,0.1643507480621338,0.2940369248390198,0.06014752388000488,0.0793030858039856,0.10721468925476074,0.05810129642486572,0.1833968162536621,0.2980005741119385,0.16074639558792114,0.20639634132385254,0.25142836570739746,0.14346325397491455,0.18065375089645386,0.17946398258209229,0.2670559883117676,0.19883692264556885,0.22173810005187988,0.25347399711608887,0.2571637034416199,0.29706692695617676,0.06712740659713745,0.1633777618408203,0.27181535959243774,0.04006469249725342,0.1458032727241516,0.12286514043807983,0.04861283302307129,0.13081896305084229,0.03207308053970337,0.07452982664108276,0.09512144327163696,0.1528492569923401,0.11173349618911743,0.18502992391586304,0.10917019844055176,0.038763463497161865,0.10106980800628662,0.18897861242294312
HEA_03_12168,0.06171107292175293,0.20594388246536255,0.16910666227340698,0.0,0.1585037112236023,0.09628689289093018,0.09561401605606079,0.28027915954589844,0.0,0.20645767450332642,0.10407543182373047,0.21532440185546875,0.1323224902153015,0.09730201959609985,0.1108817458152771,0.07051080465316772,0.10595822334289551,0.18632805347442627,0.10948324203491211,0.2652982473373413,0.13224577903747559,0.12267518043518066,0.11699652671813965,0.1655145287513733,0.14610159397125244,0.05817168951034546,0.0,0.20301085710525513,0.21503877639770508,0.2814149260520935,0.3012316823005676,0.05876779556274414,0.0034388303756713867,0.20558464527130127,0.2159585952758789,0.09606671333312988,0.2122310996055603,0.18694430589675903,0.2387622594833374,0.025961220264434814,0.15006804466247559,0.0931817889213562,0.18234670162200928,0.19105839729309082,0.1424970030784607,0.23944461345672607,0.05369877815246582,0.24827075004577637,0.17978709936141968,0.1811031699180603,0.13753008842468262,0.13474035263061523,0.20958375930786133,0.14175820350646973,0.057091474533081055,0.23459112644195557,0.16900324821472168,0.15795999765396118,0.007252991199493408,0.20966583490371704,0.4003226161003113,1.0,0.6004362106323242,0.42708081007003784,0.4013996124267578,0.33365291357040405,0.5146446824073792,0.379358172416687,0.421525239944458,0.47805213928222656,0.42151641845703125,0.5146446824073792,0.7310594320297241,0.1574552059173584,0.1930152177810669,0.06161391735076904,0.15245532989501953,0.20339345932006836,0.17579829692840576,0.3174605369567871,0.002821624279022217,0.13780957460403442,0.15371596813201904,0.0631791353225708,0.24634158611297607,0.22482359409332275,0.143366277217865,0.1845378279685974,0.26737916469573975,0.1848556399345398,0.14207273721694946,0.09652882814407349,0.15036320686340332,0.22652673721313477,0.22241920232772827,0.17335057258605957,0.18813276290893555,0.17812782526016235,0.07863467931747437,0.17758071422576904,0.24141395092010498,0.11322402954101562,0.27549588680267334,0.18070292472839355,0.15800011157989502,0.07155239582061768,0.08484983444213867,0.2240886688232422,0.1380036473274231,0.1561916470527649,0.10284125804901123,0.2196899652481079,0.13940954208374023,0.09321528673171997,0.20162808895111084,0.2544745206832886
HEA_04_19bb1,0.13074123859405518,0.25308144092559814,0.14888697862625122,0.03083503246307373,0.14704126119613647,0.10357445478439331,0.15840286016464233,0.20170152187347412,0.03688347339630127,0.21622610092163086,0.08961266279220581,0.21456748247146606,0.1273636817932129,0.10273110866546631,0.14868104457855225,0.09765231609344482,0.14844274520874023,0.23780536651611328,0.186356782913208,0.34920501708984375,0.2294079065322876,0.12551343441009521,0.160988450050354,0.1870441436767578,0.1337430477142334,0.037888526916503906,0.053609251976013184,0.22117865085601807,0.23933708667755127,0.33716535568237305,0.2658402919769287,0.08847928047180176,0.06726425886154175,0.2151739001274109,0.28665292263031006,0.1221017837524414,0.3032456636428833,0.2790771722793579,0.2259795069694519,0.06992596387863159,0.22812998294830322,0.09527915716171265,0.19063150882720947,0.2332565188407898,0.14345192909240723,0.27859795093536377,0.14146411418914795,0.2327977418899536,0.2622867822647095,0.20765066146850586,0.25783175230026245,0.09996455907821655,0.2747959494590759,0.15092551708221436,0.07992810010910034,0.3317186236381531,0.3127765655517578,0.27875179052352905,0.046136677265167236,0.272702693939209,0.3933104872703552,0.6004362106323242,1.0,0.6912869215011597,0.5023507475852966,0.40500009059906006,0.7219882607460022,0.510171115398407,0.5039252042770386,0.5849560499191284,0.5142350792884827,0.7219882607460022,0.7442682981491089,0.11587417125701904,0.258181095123291,0.15702730417251587,0.21276545524597168,0.21099650859832764,0.2820085287094116,0.4526357650756836,0.0,0.18077409267425537,0.2972761392593384,0.11076188087463379,0.2628927230834961,0.30479341745376587,0.22042548656463623,0.221795916557312,0.34581708908081055,0.2586245536804199,0.21121859550476074,0.1272796392440796,0.23804569244384766,0.3297075033187866,0.27785009145736694,0.23396891355514526,0.1792278289794922,0.26719266176223755,0.11830109357833862,0.20035874843597412,0.29216480255126953,0.11812931299209595,0.3298693895339966,0.22004783153533936,0.16188466548919678,0.16984987258911133,0.0432053804397583,0.2794959545135498,0.1987583041191101,0.12557268142700195,0.0847933292388916,0.2923726439476013,0.14140915870666504,0.07791197299957275,0.23459941148757935,0.29267722368240356
HEA_05_65dc0,0.031331658363342285,0.16576015949249268,0.022705018520355225,0.0,0.13728177547454834,0.0,0.009729146957397461,0.17055624723434448,0.028270423412322998,0.10002875328063965,0.0,0.11508190631866455,0.0,0.01911717653274536,0.06724196672439575,0.031625211238861084,0.11708462238311768,0.2609798312187195,0.10570907592773438,0.38211768865585327,0.10318100452423096,0.13314545154571533,0.2852383255958557,0.24764394760131836,0.14202666282653809,0.029958367347717285,0.023021936416625977,0.22665029764175415,0.19343119859695435,0.173392653465271,0.2622905969619751,0.0,0.040592849254608154,0.1862139105796814,0.16535663604736328,0.004815220832824707,0.23623228073120117,0.20405662059783936,0.16005855798721313,0.0,0.163429856300354,0.11927640438079834,0.10564255714416504,0.14205271005630493,0.060012102127075195,0.17819416522979736,0.04513585567474365,0.1573309302330017,0.06614410877227783,0.16857445240020752,0.21038532257080078,0.0,0.19915390014648438,0.02685105800628662,0.052151381969451904,0.217471182346344,0.0925065279006958,0.18134140968322754,0.0,0.22660523653030396,0.39555370807647705,0.42708081007003784,0.6912869215011597,1.0,0.4886321425437927,0.2125629186630249,0.44622617959976196,0.4789586067199707,0.2686260938644409,0.5877418518066406,0.3086947202682495,0.44622617959976196,0.5003036260604858,0.0,0.17604273557662964,0.0,0.1202923059463501,0.15799254179000854,0.21634680032730103,0.35990893840789795,0.0,0.048814594745635986,0.09345757961273193,0.0641741156578064,0.2534966468811035,0.2825239896774292,0.14632487297058105,0.12224471569061279,0.319230854511261,0.12146031856536865,0.1796962022781372,0.11332374811172485,0.1898515224456787,0.19931137561798096,0.1950041651725769,0.16966402530670166,0.23225295543670654,0.27134329080581665,0.07285189628601074,0.08337217569351196,0.23138612508773804,0.0,0.1931057572364807,0.10981130599975586,0.0,0.09207725524902344,0.0,0.06553411483764648,0.0638723373413086,0.07102394104003906,0.0,0.09532701969146729,0.06654763221740723,0.012886464595794678,0.15021812915802002,0.1548914909362793
HEA_06_6bf25,0.0036348700523376465,0.11667072772979736,0.07436633110046387,0.023145973682403564,0.1835557222366333,0.07085096836090088,0.06855088472366333,0.21079730987548828,0.0,0.10168814659118652,0.021339595317840576,0.13182932138442993,0.10710430145263672,0.02755838632583618,0.05243319272994995,0.0,0.024654269218444824,0.11328089237213135,0.06716275215148926,0.23324894905090332,0.09992444515228271,0.03380483388900757,0.10818207263946533,0.07725954055786133,0.016061246395111084,0.0,0.0,0.07648628950119019,0.34859514236450195,0.18209999799728394,0.2569257616996765,0.08692985773086548,0.0,0.31963276863098145,0.2801923155784607,0.05158650875091553,0.25474244356155396,0.23508143424987793,0.18491429090499878,0.05261808633804321,0.16340947151184082,0.11672240495681763,0.18914258480072021,0.1837342381477356,0.1439521312713623,0.16334140300750732,0.11890822649002075,0.21660208702087402,0.09488052129745483,0.17738789319992065,0.11322593688964844,0.0,0.22208338975906372,0.01421278715133667,0.08498060703277588,0.23781907558441162,0.10164034366607666,0.24385327100753784,0.02960658073425293,0.16637521982192993,0.5384081602096558,0.4013996124267578,0.5023507475852966,0.4886321425437927,1.0,0.2664581537246704,0.4034816026687622,0.47608184814453125,0.36126041412353516,0.3631366491317749,0.3016015291213989,0.4034816026687622,0.43548309803009033,0.04190093278884888,0.16616559028625488,0.07112246751785278,0.09425431489944458,0.16063380241394043,0.21413159370422363,0.2650914788246155,0.0003300309181213379,0.026577115058898926,0.06765329837799072,0.046705782413482666,0.236366868019104,0.2721930742263794,0.2544674873352051,0.1884622573852539,0.2515908479690552,0.18288344144821167,0.2442007064819336,0.19115209579467773,0.2599489688873291,0.22821760177612305,0.21890783309936523,0.2828359007835388,0.330970823764801,0.3035240173339844,0.10568463802337646,0.1714656949043274,0.20369327068328857,0.014217793941497803,0.17966687679290771,0.08722352981567383,0.03676283359527588,0.029612720012664795,0.015170931816101074,0.08948254585266113,0.05217784643173218,0.12876510620117188,0.05493819713592529,0.1732499599456787,0.11253196001052856,0.0,0.1113659143447876,0.1852869987487793
HEA_07_7822c,0.1478424072265625,0.10351735353469849,0.07391786575317383,0.0,0.10871350765228271,0.050436198711395264,0.034150898456573486,0.10641664266586304,0.0,0.06618738174438477,0.08076280355453491,0.0764685869216919,0.10138410329818726,0.07249826192855835,0.08480751514434814,0.03176617622375488,0.07044464349746704,0.0,0.2015448808670044,0.06590867042541504,0.12361019849777222,0.04549574851989746,0.0,0.050261855125427246,0.015495777130126953,0.0011150240898132324,0.0,0.03949570655822754,0.060716331005096436,0.12438327074050903,0.09397989511489868,0.0,0.03559297323226929,0.07017439603805542,0.09170746803283691,0.0,0.10152977705001831,0.10757601261138916,0.03472012281417847,0.02725309133529663,0.0779644250869751,0.007401406764984131,0.03004533052444458,0.07452535629272461,0.020906567573547363,0.11229723691940308,0.0,0.06643432378768921,0.15522462129592896,0.0,0.0812455415725708,0.0,0.06591105461120605,0.015964865684509277,0.0,0.038764894008636475,0.13197338581085205,0.031204402446746826,0.0,0.26297318935394287,0.299946129322052,0.33365291357040405,0.40500009059906006,0.2125629186630249,0.2664581537246704,1.0,0.4776144027709961,0.30182701349258423,0.4060554504394531,0.20006126165390015,0.38606423139572144,0.4776144027709961,0.42849838733673096,0.07533663511276245,0.13795948028564453,0.0427241325378418,0.11001026630401611,0.08353286981582642,0.10623681545257568,0.17845022678375244,0.02903759479522705,0.10160493850708008,0.22932195663452148,0.0644606351852417,0.10105174779891968,0.09145253896713257,0.10325926542282104,0.06646859645843506,0.08126574754714966,0.10414022207260132,0.04907214641571045,0.013226509094238281,0.029555678367614746,0.07069528102874756,0.059306800365448,0.07023358345031738,0.06879734992980957,0.08405351638793945,0.01849973201751709,0.027306318283081055,0.10718685388565063,0.07298904657363892,0.07925331592559814,0.08166319131851196,0.13553142547607422,0.08468836545944214,0.11244332790374756,0.19549226760864258,0.08502405881881714,0.07758873701095581,0.14991331100463867,0.036865413188934326,0.06597006320953369,0.0975043773651123,0.06498140096664429,0.1641659140586853
HEA_08_7c732,0.1470203399658203,0.16626667976379395,0.21584868431091309,0.10074925422668457,0.13072240352630615,0.04158008098602295,0.10094332695007324,0.20102083683013916,0.09024167060852051,0.12470018863677979,0.10491800308227539,0.2885708808898926,0.15996980667114258,0.0657147765159607,0.12785464525222778,0.1262606382369995,0.15134894847869873,0.20765113830566406,0.18751060962677002,0.22603756189346313,0.2039642333984375,0.1182318925857544,0.1300506591796875,0.22426003217697144,0.07529568672180176,0.021946191787719727,0.0419577956199646,0.25776320695877075,0.15995585918426514,0.2722911834716797,0.23080837726593018,0.16025888919830322,0.08452373743057251,0.15297508239746094,0.2777561545372009,0.18006455898284912,0.20874619483947754,0.26270896196365356,0.24600422382354736,0.14017224311828613,0.2056940793991089,0.06366640329360962,0.16249775886535645,0.20964312553405762,0.07731121778488159,0.23945164680480957,0.09843355417251587,0.16975891590118408,0.23892080783843994,0.1434723138809204,0.15689367055892944,0.11261069774627686,0.17104804515838623,0.20579206943511963,0.053952574729919434,0.26034408807754517,0.24386054277420044,0.1932658553123474,0.09117567539215088,0.3144466280937195,0.33908993005752563,0.5146446824073792,0.7219882607460022,0.44622617959976196,0.4034816026687622,0.4776144027709961,1.0,0.44306105375289917,0.637168288230896,0.44572627544403076,0.5024118423461914,1.0,0.679497480392456,0.06288695335388184,0.2063540816307068,0.16632449626922607,0.15469110012054443,0.12109524011611938,0.20376062393188477,0.39338719844818115,0.0,0.18597477674484253,0.23374998569488525,0.09959375858306885,0.21397870779037476,0.23946106433868408,0.1344941258430481,0.1757957935333252,0.27085137367248535,0.21156466007232666,0.1595655083656311,0.09023410081863403,0.18183475732803345,0.2220001220703125,0.20939350128173828,0.19894760847091675,0.12998300790786743,0.19210541248321533,0.051979780197143555,0.18427270650863647,0.24655067920684814,0.09653449058532715,0.18190383911132812,0.1579838991165161,0.15007448196411133,0.1240314245223999,0.03021860122680664,0.2053324580192566,0.11888086795806885,0.09463155269622803,0.06786024570465088,0.1745038628578186,0.09461796283721924,0.04412531852722168,0.110637366771698,0.21730458736419678
HEA_09_8b6f3,0.0,0.15644049644470215,0.05425542593002319,0.0,0.18508172035217285,0.04475528001785278,0.04569011926651001,0.21986711025238037,0.0,0.11727476119995117,0.02008950710296631,0.09561657905578613,0.06056201457977295,0.06549125909805298,0.06347388029098511,0.13846933841705322,0.03956061601638794,0.1681128740310669,0.12846320867538452,0.23758113384246826,0.11707049608230591,0.0,0.17216455936431885,0.1420586109161377,0.015914201736450195,0.01818019151687622,0.06404620409011841,0.09916585683822632,0.23752140998840332,0.13044863939285278,0.2886333465576172,0.061313629150390625,0.054067373275756836,0.2192915678024292,0.22031062841415405,0.047074973583221436,0.15322387218475342,0.16653698682785034,0.13991832733154297,0.005666792392730713,0.09903478622436523,0.07984167337417603,0.08314919471740723,0.1528337597846985,0.1323000192642212,0.1042482852935791,0.0,0.08140099048614502,0.12722152471542358,0.16471338272094727,0.1660773754119873,0.06588929891586304,0.23656320571899414,0.0,0.03553032875061035,0.08908367156982422,0.10642755031585693,0.11141860485076904,0.0,0.2726534605026245,0.39911949634552,0.379358172416687,0.510171115398407,0.4789586067199707,0.47608184814453125,0.30182701349258423,0.44306105375289917,1.0,0.38040173053741455,0.4005359411239624,0.43171852827072144,0.44306105375289917,0.4634729027748108,0.0,0.12102794647216797,0.023449063301086426,0.08903741836547852,0.22928714752197266,0.18030774593353271,0.37668848037719727,0.0015173554420471191,0.07313412427902222,0.09881377220153809,0.0,0.19967764616012573,0.2540120482444763,0.23305374383926392,0.15717387199401855,0.3738093972206116,0.15125536918640137,0.15781384706497192,0.15802466869354248,0.1589983105659485,0.26327359676361084,0.21553874015808105,0.17430520057678223,0.3109898567199707,0.21538829803466797,0.11626577377319336,0.12966316938400269,0.3199683427810669,0.0,0.1406313180923462,0.17451775074005127,0.0,0.3009719252586365,0.011615753173828125,0.10360705852508545,0.09259545803070068,0.2916663885116577,0.050558388233184814,0.0729377269744873,0.028039157390594482,0.0,0.04324626922607422,0.19263505935668945
HEA_10_95108,0.2771017551422119,0.08696728944778442,0.12451237440109253,0.05551111698150635,0.13032245635986328,0.1453467607498169,0.09854620695114136,0.18274807929992676,0.08248239755630493,0.09363019466400146,0.15740466117858887,0.2605241537094116,0.11572122573852539,0.18837666511535645,0.14341431856155396,0.2648758888244629,0.26297998428344727,0.2726789712905884,0.38708579540252686,0.174474835395813,0.23769867420196533,0.37329328060150146,0.1891491413116455,0.2689228057861328,0.15880554914474487,0.21237093210220337,0.16065436601638794,0.27209556102752686,0.14568859338760376,0.19081616401672363,0.21198642253875732,0.23600447177886963,0.03575855493545532,0.16545426845550537,0.17593073844909668,0.14139318466186523,0.19178396463394165,0.15671801567077637,0.16635096073150635,0.16919994354248047,0.16553503274917603,0.09540683031082153,0.1643691062927246,0.23916739225387573,0.0967283844947815,0.18465852737426758,0.11312341690063477,0.09985291957855225,0.13664722442626953,0.10081619024276733,0.11643964052200317,0.13440096378326416,0.09983277320861816,0.2633010149002075,0.049250662326812744,0.2165069580078125,0.16770118474960327,0.10314661264419556,0.12889337539672852,0.31003236770629883,0.2984875440597534,0.421525239944458,0.5039252042770386,0.2686260938644409,0.36126041412353516,0.4060554504394531,0.637168288230896,0.38040173053741455,1.0,0.3904728293418884,0.4129781723022461,0.637168288230896,0.4747258424758911,0.06521058082580566,0.15312892198562622,0.15914344787597656,0.10993564128875732,0.10687553882598877,0.053863465785980225,0.22158098220825195,0.0,0.11933541297912598,0.19109588861465454,0.1751251220703125,0.10523688793182373,0.20134496688842773,0.18332064151763916,0.19943767786026,0.2049884796142578,0.27221083641052246,0.12592029571533203,0.06775808334350586,0.17231535911560059,0.1758502721786499,0.189894437789917,0.15292781591415405,0.14848536252975464,0.1383906602859497,0.06720107793807983,0.20839649438858032,0.25919491052627563,0.20792698860168457,0.1292620301246643,0.11273640394210815,0.2596072554588318,0.1388484239578247,0.15724873542785645,0.1518261432647705,0.11679553985595703,0.14150452613830566,0.3133021593093872,0.12028700113296509,0.17043793201446533,0.10490292310714722,0.08727514743804932,0.1737060546875
HEA_11_a46bf,0.0041710734367370605,0.13985991477966309,0.0,0.014262914657592773,0.023733437061309814,0.0,0.06854677200317383,0.086875319480896,0.03286665678024292,0.114266037940979,0.0,0.12686610221862793,0.0,0.0,0.0,0.07753455638885498,0.1607966423034668,0.25650715827941895,0.2511376738548279,0.30266863107681274,0.14366614818572998,0.24525666236877441,0.20108723640441895,0.16968035697937012,0.11135399341583252,0.13941890001296997,0.06326007843017578,0.21623766422271729,0.07733696699142456,0.0781562328338623,0.15683472156524658,0.0,0.03637969493865967,0.11344689130783081,0.15651559829711914,0.017327308654785156,0.15613043308258057,0.2550959587097168,0.14063215255737305,0.0,0.1690272092819214,0.02528923749923706,0.03091740608215332,0.07827985286712646,0.006100773811340332,0.07107478380203247,0.0,0.09695303440093994,0.07990813255310059,0.11551225185394287,0.08111393451690674,0.0,0.15215611457824707,0.03331923484802246,0.0,0.3337937593460083,0.03991216421127319,0.06947284936904907,0.05226612091064453,0.2531543970108032,0.29422128200531006,0.47805213928222656,0.5849560499191284,0.5877418518066406,0.3631366491317749,0.20006126165390015,0.44572627544403076,0.4005359411239624,0.3904728293418884,1.0,0.3987806439399719,0.44572627544403076,0.5933496356010437,0.07039088010787964,0.15801489353179932,0.0097464919090271,0.14206993579864502,0.07219421863555908,0.11138153076171875,0.3033452033996582,0.06950253248214722,0.042943477630615234,0.11398845911026001,0.10549187660217285,0.32875365018844604,0.19180506467819214,0.09691190719604492,0.14122164249420166,0.24094438552856445,0.10356384515762329,0.26972711086273193,0.11701810359954834,0.19115126132965088,0.1244845986366272,0.12283402681350708,0.20433169603347778,0.1287023425102234,0.23114466667175293,0.04010683298110962,0.12724876403808594,0.1902552843093872,0.0,0.3029988408088684,0.061828434467315674,0.06341016292572021,0.11731070280075073,0.06342864036560059,0.0760350227355957,0.06834429502487183,0.10522836446762085,0.023572862148284912,0.06568437814712524,0.0999293327331543,0.051083266735076904,0.1931135058403015,0.17490112781524658
HEA_12_cb742,0.10774052143096924,0.2676057815551758,0.18757933378219604,0.0680723786354065,0.1795176863670349,0.06083798408508301,0.1816927194595337,0.19547933340072632,0.0,0.2053089737892151,0.05827873945236206,0.16054296493530273,0.12955880165100098,0.02328181266784668,0.0,0.0666346549987793,0.11513328552246094,0.16558921337127686,0.4967135190963745,0.20571255683898926,0.2887641191482544,0.12513184547424316,0.0910334587097168,0.09561806917190552,0.015176773071289062,0.052765488624572754,0.10319972038269043,0.14627206325531006,0.2678537368774414,0.23178499937057495,0.2646747827529907,0.009270906448364258,0.06598865985870361,0.2211918830871582,0.29378950595855713,0.07198464870452881,0.14082980155944824,0.214682936668396,0.17747259140014648,0.0,0.24040430784225464,0.06293374300003052,0.08104562759399414,0.20227688550949097,0.14563417434692383,0.19811004400253296,0.11670655012130737,0.13531064987182617,0.3555801510810852,0.17419731616973877,0.1299821138381958,0.09820681810379028,0.15648114681243896,0.025575757026672363,0.18078619241714478,0.2408638596534729,0.37086164951324463,0.23558807373046875,0.09142804145812988,0.39444446563720703,0.31505751609802246,0.42151641845703125,0.5142350792884827,0.3086947202682495,0.3016015291213989,0.38606423139572144,0.5024118423461914,0.43171852827072144,0.4129781723022461,0.3987806439399719,1.0,0.5024118423461914,0.5637876987457275,0.2832227349281311,0.3455049991607666,0.22343188524246216,0.3028724193572998,0.22715091705322266,0.4134029150009155,0.47864198684692383,0.23715877532958984,0.22728079557418823,0.5112626552581787,0.30005204677581787,0.3413729667663574,0.27818596363067627,0.23183554410934448,0.26842403411865234,0.26351046562194824,0.22594517469406128,0.20790404081344604,0.15177786350250244,0.20428913831710815,0.339480459690094,0.22650575637817383,0.24650275707244873,0.22879135608673096,0.2686210870742798,0.08603644371032715,0.20456504821777344,0.2250470519065857,0.08441966772079468,0.20322799682617188,0.3528629541397095,0.1969584822654724,0.12062329053878784,0.042666077613830566,0.3864785432815552,0.17036783695220947,0.18778091669082642,0.08502650260925293,0.23746812343597412,0.08086270093917847,0.07492023706436157,0.08491909503936768,0.24244558811187744
HEA_13_e6d1e,0.1470203399658203,0.16626667976379395,0.21584868431091309,0.10074925422668457,0.13072240352630615,0.04158008098602295,0.10094332695007324,0.20102083683013916,0.09024167060852051,0.12470018863677979,0.10491800308227539,0.2885708808898926,0.15996980667114258,0.0657147765159607,0.12785464525222778,0.1262606382369995,0.15134894847869873,0.20765113830566406,0.18751060962677002,0.22603756189346313,0.2039642333984375,0.1182318925857544,0.1300506591796875,0.22426003217697144,0.07529568672180176,0.021946191787719727,0.0419577956199646,0.25776320695877075,0.15995585918426514,0.2722911834716797,0.23080837726593018,0.16025888919830322,0.08452373743057251,0.15297508239746094,0.2777561545372009,0.18006455898284912,0.20874619483947754,0.26270896196365356,0.24600422382354736,0.14017224311828613,0.2056940793991089,0.06366640329360962,0.16249775886535645,0.20964312553405762,0.07731121778488159,0.23945164680480957,0.09843355417251587,0.16975891590118408,0.23892080783843994,0.1434723138809204,0.15689367055892944,0.11261069774627686,0.17104804515838623,0.20579206943511963,0.053952574729919434,0.26034408807754517,0.24386054277420044,0.1932658553123474,0.09117567539215088,0.3144466280937195,0.33908993005752563,0.5146446824073792,0.7219882607460022,0.44622617959976196,0.4034816026687622,0.4776144027709961,1.0,0.44306105375289917,0.637168288230896,0.44572627544403076,0.5024118423461914,1.0,0.679497480392456,0.06288695335388184,0.2063540816307068,0.16632449626922607,0.15469110012054443,0.12109524011611938,0.20376062393188477,0.39338719844818115,0.0,0.18597477674484253,0.23374998569488525,0.09959375858306885,0.21397870779037476,0.23946106433868408,0.1344941258430481,0.1757957935333252,0.27085137367248535,0.21156466007232666,0.1595655083656311,0.09023410081863403,0.18183475732803345,0.2220001220703125,0.20939350128173828,0.19894760847091675,0.12998300790786743,0.19210541248321533,0.051979780197143555,0.18427270650863647,0.24655067920684814,0.09653449058532715,0.18190383911132812,0.1579838991165161,0.15007448196411133,0.1240314245223999,0.03021860122680664,0.2053324580192566,0.11888086795806885,0.09463155269622803,0.06786024570465088,0.1745038628578186,0.09461796283721924,0.04412531852722168,0.110637366771698,0.21730458736419678
HEA_14_eb0b8,0.10350114107131958,0.28116095066070557,0.21237826347351074,0.07397830486297607,0.15643781423568726,0.08028817176818848,0.1904735565185547,0.22298097610473633,0.01637977361679077,0.24812161922454834,0.12187469005584717,0.1795961856842041,0.11119818687438965,0.04469674825668335,0.10228133201599121,0.1342828869819641,0.13888978958129883,0.23495811223983765,0.21104609966278076,0.2986050248146057,0.25405776500701904,0.15580666065216064,0.17096692323684692,0.1948462724685669,0.13466334342956543,0.052380263805389404,0.04462838172912598,0.2316678762435913,0.2660676836967468,0.35436123609542847,0.2912251353263855,0.10869354009628296,0.03848588466644287,0.19933509826660156,0.34786784648895264,0.12433028221130371,0.21934211254119873,0.3091856837272644,0.19733989238739014,0.08537054061889648,0.24100518226623535,0.11223161220550537,0.14666324853897095,0.20346271991729736,0.15147852897644043,0.24382376670837402,0.09840607643127441,0.2813286781311035,0.2900838255882263,0.263416051864624,0.23545706272125244,0.08597397804260254,0.25150859355926514,0.11802971363067627,0.060356318950653076,0.3238336443901062,0.2642641067504883,0.24281197786331177,0.08183866739273071,0.23730915784835815,0.3774983882904053,0.7310594320297241,0.7442682981491089,0.5003036260604858,0.43548309803009033,0.42849838733673096,0.679497480392456,0.4634729027748108,0.4747258424758911,0.5933496356010437,0.5637876987457275,0.679497480392456,1.0,0.19486796855926514,0.2103266716003418,0.15835058689117432,0.20380765199661255,0.19393646717071533,0.2809305191040039,0.4712367057800293,0.049589335918426514,0.15574747323989868,0.26390790939331055,0.15324842929840088,0.3105107545852661,0.36173099279403687,0.2710004448890686,0.3363422751426697,0.35995209217071533,0.3198089599609375,0.2725672125816345,0.2375485897064209,0.24425888061523438,0.3299882411956787,0.3106728196144104,0.2850634455680847,0.25405192375183105,0.2792949676513672,0.14674633741378784,0.14662951231002808,0.23030436038970947,0.09985560178756714,0.3399909734725952,0.19800740480422974,0.13661575317382812,0.11658632755279541,0.055950701236724854,0.262054443359375,0.1291324496269226,0.12397444248199463,0.09570711851119995,0.2369837760925293,0.10641336441040039,0.06807911396026611,0.22535330057144165,0.3312525749206543
MAN_01_00138,0.09655314683914185,0.16150373220443726,0.16363197565078735,0.09560847282409668,0.10430938005447388,0.10167431831359863,0.28979384899139404,0.08832132816314697,0.06783163547515869,0.14705854654312134,0.12232780456542969,0.0,0.14292198419570923,0.0,0.1409892439842224,0.04377323389053345,0.0,0.0556635856628418,0.2039858102798462,0.013398528099060059,0.09203481674194336,0.0028936266899108887,0.0,0.02967923879623413,0.01745915412902832,0.10708820819854736,0.1093752384185791,0.049008965492248535,0.023343563079833984,0.14417612552642822,0.061120808124542236,0.0,0.0,0.10366755723953247,0.04829287528991699,0.0,0.051689207553863525,0.10191011428833008,0.11366939544677734,4.64320182800293e-05,0.1370633840560913,0.028422534465789795,0.024808764457702637,0.15058809518814087,0.13679522275924683,0.0,0.07330906391143799,0.07057011127471924,0.14597082138061523,0.10111677646636963,0.0,0.04501545429229736,0.18464142084121704,0.02314591407775879,0.13409602642059326,0.17073792219161987,0.17121022939682007,0.12381511926651001,0.034525394439697266,0.1231432557106018,0.11906963586807251,0.1574552059173584,0.11587417125701904,0.0,0.04190093278884888,0.07533663511276245,0.06288695335388184,0.0,0.06521058082580566,0.07039088010787964,0.2832227349281311,0.06288695335388184,0.19486796855926514,1.0,0.5262182950973511,0.33969950675964355,0.5010887384414673,0.4859812259674072,0.36445778608322144,0.33059585094451904,0.5640919208526611,0.522139310836792,0.503275454044342,0.43770962953567505,0.41839075088500977,0.15965574979782104,0.13701969385147095,0.20377451181411743,0.11756879091262817,0.20090222358703613,0.15342313051223755,0.3028499484062195,0.14633208513259888,0.24793267250061035,0.1737232208251953,0.2388858199119568,0.11335515975952148,0.22544336318969727,0.16988897323608398,0.16646921634674072,0.09902501106262207,0.08487379550933838,0.1026267409324646,0.18383216857910156,0.20378750562667847,0.0,0.06504708528518677,0.32004326581954956,0.11519593000411987,0.09777164459228516,0.06159782409667969,0.13988137245178223,0.0,0.055310189723968506,0.08243393898010254,0.05682849884033203
MAN_02_0bce5,0.16459059715270996,0.22352677583694458,0.19250106811523438,0.08663386106491089,0.19759517908096313,0.12019598484039307,0.18123191595077515,0.18425053358078003,0.08061796426773071,0.1885586977005005,0.09010940790176392,0.13034021854400635,0.17282360792160034,0.09786182641983032,0.2126396894454956,0.06884753704071045,0.11726373434066772,0.22371959686279297,0.21189093589782715,0.18898892402648926,0.16249769926071167,0.07292211055755615,0.16274654865264893,0.20031118392944336,0.14394718408584595,0.08787411451339722,0.23186665773391724,0.12623810768127441,0.15231263637542725,0.2049034833908081,0.2990868091583252,0.038378000259399414,0.048924922943115234,0.28969913721084595,0.2304915189743042,0.07791900634765625,0.2187250852584839,0.24994027614593506,0.2554240822792053,0.13859331607818604,0.423964262008667,0.20365262031555176,0.20965969562530518,0.26846224069595337,0.10071015357971191,0.14617276191711426,0.11574780941009521,0.12381047010421753,0.09734326601028442,0.15709912776947021,0.13384616374969482,0.12890267372131348,0.20204055309295654,0.02878636121749878,0.15365999937057495,0.3018772602081299,0.23399591445922852,0.21435391902923584,0.13088488578796387,0.23010945320129395,0.19486749172210693,0.1930152177810669,0.258181095123291,0.17604273557662964,0.16616559028625488,0.13795948028564453,0.2063540816307068,0.12102794647216797,0.15312892198562622,0.15801489353179932,0.3455049991607666,0.2063540816307068,0.2103266716003418,0.5262182950973511,1.0,0.3760310411453247,0.7758893966674805,0.6367205381393433,0.5159828662872314,0.536522388458252,0.6514602303504944,0.7100026607513428,0.5855909585952759,0.4604681730270386,0.706402599811554,0.20760726928710938,0.14484071731567383,0.19639617204666138,0.2737276554107666,0.1373489499092102,0.1597192883491516,0.1904052495956421,0.14368784427642822,0.27587413787841797,0.22874951362609863,0.20505881309509277,0.14847826957702637,0.4039696455001831,0.10803139209747314,0.3232889175415039,0.3144533038139343,0.09991234540939331,0.20075327157974243,0.4510270953178406,0.2888055443763733,0.09309595823287964,0.15551972389221191,0.3051047921180725,0.22932851314544678,0.2254009246826172,0.15854835510253906,0.23473143577575684,0.14937257766723633,0.1738651990890503,0.15732920169830322,0.17361807823181152
MAN_03_368c1,0.20579016208648682,0.08351176977157593,0.16521894931793213,0.2317577600479126,0.03641730546951294,0.18312740325927734,0.1955556869506836,0.02921241521835327,0.23609650135040283,0.1280834674835205,0.11505013704299927,0.10675179958343506,0.1098928451538086,0.09522032737731934,0.17886292934417725,0.04671680927276611,0.1004299521446228,0.08121979236602783,0.18747514486312866,0.14930719137191772,0.1397407054901123,0.11292612552642822,0.01626962423324585,0.0838589072227478,0.07335060834884644,0.0894891619682312,0.08306163549423218,0.081126868724823,0.33812689781188965,0.41536271572113037,0.16963446140289307,0.3423980474472046,0.08287578821182251,0.22107064723968506,0.30283260345458984,0.43181198835372925,0.25827640295028687,0.40122419595718384,0.23858380317687988,0.42207807302474976,0.32519960403442383,0.361930787563324,0.3769797682762146,0.2598814368247986,0.17108416557312012,0.1275181770324707,0.21927207708358765,0.06484055519104004,0.21124833822250366,0.18941926956176758,0.07852375507354736,0.1570335030555725,0.07885515689849854,0.18411505222320557,0.14640551805496216,0.22620582580566406,0.35208553075790405,0.2517973780632019,0.2875560522079468,0.07554882764816284,0.030869126319885254,0.06161391735076904,0.15702730417251587,0.0,0.07112246751785278,0.0427241325378418,0.16632449626922607,0.023449063301086426,0.15914344787597656,0.0097464919090271,0.22343188524246216,0.16632449626922607,0.15835058689117432,0.33969950675964355,0.3760310411453247,1.0,0.4362243413925171,0.3425752520561218,0.3551074266433716,0.3382330536842346,0.26099491119384766,0.4376828670501709,0.4859182834625244,0.3384230136871338,0.30056506395339966,0.21136832237243652,0.2410939335823059,0.20707648992538452,0.20658636093139648,0.42020344734191895,0.3769761919975281,0.1973707675933838,0.42854100465774536,0.36497896909713745,0.289514422416687,0.3368196487426758,0.06945908069610596,0.23886632919311523,0.3657037019729614,0.22960036993026733,0.13152682781219482,0.223563551902771,0.16164112091064453,0.1430416703224182,0.283247709274292,0.05954933166503906,0.20943546295166016,0.2552676200866699,0.20794451236724854,0.039187073707580566,0.21625053882598877,0.36689186096191406,0.1828702688217163,0.06342935562133789,0.12462884187698364,0.13532805442810059
MAN_04_38948,0.12271291017532349,0.18493366241455078,0.13115811347961426,0.061431825160980225,0.1395188570022583,0.11318141222000122,0.19448083639144897,0.1153152585029602,0.0877218246459961,0.14433342218399048,0.08269953727722168,0.03254854679107666,0.08490884304046631,0.05176365375518799,0.2836916446685791,0.11388897895812988,0.19083350896835327,0.25380539894104004,0.23208606243133545,0.19195008277893066,0.20528805255889893,0.09417533874511719,0.18804782629013062,0.2272047996520996,0.26175498962402344,0.13138389587402344,0.28735339641571045,0.15724939107894897,0.1751713752746582,0.23045200109481812,0.26880574226379395,0.09694784879684448,0.08940976858139038,0.22299957275390625,0.26187050342559814,0.10247933864593506,0.3002150058746338,0.24549120664596558,0.2723897099494934,0.1316012144088745,0.5535702705383301,0.2699636220932007,0.18744254112243652,0.1301189661026001,0.1892871856689453,0.026556789875030518,0.08945649862289429,0.11480259895324707,0.11003655195236206,0.11042457818984985,0.058432698249816895,0.07026106119155884,0.16376811265945435,0.020965754985809326,0.09501761198043823,0.17660492658615112,0.22921693325042725,0.12787139415740967,0.0726425051689148,0.12912046909332275,0.0924828052520752,0.15245532989501953,0.21276545524597168,0.1202923059463501,0.09425431489944458,0.11001026630401611,0.15469110012054443,0.08903741836547852,0.10993564128875732,0.14206993579864502,0.3028724193572998,0.15469110012054443,0.20380765199661255,0.5010887384414673,0.7758893966674805,0.4362243413925171,1.0,0.6161233186721802,0.5533913373947144,0.4435824751853943,0.45792102813720703,0.589140772819519,0.5560957789421082,0.3952980637550354,0.7803149223327637,0.197543203830719,0.17904037237167358,0.144456148147583,0.2784913182258606,0.17390704154968262,0.17873108386993408,0.1989099383354187,0.13489657640457153,0.2706618905067444,0.15896761417388916,0.16328948736190796,0.1147800087928772,0.5247798562049866,0.14582276344299316,0.19403088092803955,0.2764296531677246,0.0639796257019043,0.14580827951431274,0.2749110460281372,0.318361759185791,0.050049424171447754,0.09279686212539673,0.2702789306640625,0.15952181816101074,0.225305438041687,0.13252592086791992,0.16081786155700684,0.099270761013031,0.16178160905838013,0.13882333040237427,0.11573565006256104
MAN_05_5144b,0.08365780115127563,0.17080926895141602,0.19234061241149902,0.0,0.3203272819519043,0.11080741882324219,0.20644068717956543,0.29293882846832275,0.009976029396057129,0.17179512977600098,0.18543630838394165,0.060853779315948486,0.19935202598571777,0.07877117395401001,0.1708509922027588,0.04110872745513916,0.0483243465423584,0.11733043193817139,0.1390395164489746,0.17493414878845215,0.1217837929725647,0.0,0.08844470977783203,0.11227607727050781,0.11287546157836914,0.03626495599746704,0.19533038139343262,0.07369732856750488,0.27265268564224243,0.19195318222045898,0.4009232521057129,0.041840553283691406,0.0,0.3766111731529236,0.25325000286102295,0.05328178405761719,0.226393461227417,0.16148978471755981,0.22893530130386353,0.09477877616882324,0.1964186429977417,0.07287406921386719,0.16388148069381714,0.1802152395248413,0.3776203393936157,0.15302443504333496,0.16209381818771362,0.2697455883026123,0.16417008638381958,0.23542678356170654,0.13828611373901367,0.11839026212692261,0.41311419010162354,0.05755007266998291,0.17041170597076416,0.11328655481338501,0.2518174648284912,0.21506226062774658,0.01835644245147705,0.08281660079956055,0.21179509162902832,0.20339345932006836,0.21099650859832764,0.15799254179000854,0.16063380241394043,0.08353286981582642,0.12109524011611938,0.22928714752197266,0.10687553882598877,0.07219421863555908,0.22715091705322266,0.12109524011611938,0.19393646717071533,0.4859812259674072,0.6367205381393433,0.3425752520561218,0.6161233186721802,1.0,0.5277314782142639,0.46245890855789185,0.438457190990448,0.6473321914672852,0.532885730266571,0.426777184009552,0.6254124045372009,0.16077446937561035,0.19999635219573975,0.0908660888671875,0.21218329668045044,0.10473799705505371,0.08548349142074585,0.1864844560623169,0.08747148513793945,0.2962328791618347,0.18168383836746216,0.09238779544830322,0.2913743257522583,0.2110956907272339,0.13624036312103271,0.21549832820892334,0.35849881172180176,0.0646064281463623,0.16776210069656372,0.3838037848472595,0.19764089584350586,0.08677297830581665,0.07315993309020996,0.30848610401153564,0.2039421796798706,0.4178321361541748,0.13000833988189697,0.2146162986755371,0.11083400249481201,0.05975484848022461,0.09766888618469238,0.19606423377990723
MAN_06_5a689,0.030395686626434326,0.27850794792175293,0.18980002403259277,0.0,0.1978381872177124,0.09574329853057861,0.10431629419326782,0.19931375980377197,0.11056572198867798,0.21934008598327637,0.029047071933746338,0.08683997392654419,0.07292252779006958,0.016845405101776123,0.023347079753875732,0.0,0.0,0.1273132562637329,0.13596689701080322,0.20511096715927124,0.10869640111923218,0.0,0.05500197410583496,0.03667747974395752,0.0,0.0,0.06934881210327148,0.0,0.217462420463562,0.21667444705963135,0.21568751335144043,0.0,0.0,0.24819928407669067,0.3933525085449219,0.07685738801956177,0.2687453031539917,0.22151178121566772,0.14653795957565308,0.06903684139251709,0.22425997257232666,0.08016729354858398,0.09978049993515015,0.12394368648529053,0.13124006986618042,0.1600104570388794,0.14068663120269775,0.10901200771331787,0.14749562740325928,0.15275192260742188,0.18077212572097778,0.04113119840621948,0.13399600982666016,0.0,0.18282783031463623,0.15889716148376465,0.20600777864456177,0.27576225996017456,0.008834779262542725,0.17480558156967163,0.1643507480621338,0.17579829692840576,0.2820085287094116,0.21634680032730103,0.21413159370422363,0.10623681545257568,0.20376062393188477,0.18030774593353271,0.053863465785980225,0.11138153076171875,0.4134029150009155,0.20376062393188477,0.2809305191040039,0.36445778608322144,0.5159828662872314,0.3551074266433716,0.5533913373947144,0.5277314782142639,1.0,0.6264294385910034,0.35953348875045776,0.45233744382858276,0.47622621059417725,0.3250606060028076,0.575588047504425,0.16849946975708008,0.1114618182182312,0.0625448226928711,0.24999010562896729,0.09321814775466919,0.14546680450439453,0.2299332618713379,0.08881103992462158,0.25708502531051636,0.13572418689727783,0.0978325605392456,0.1661752462387085,0.2325616478919983,0.050642549991607666,0.14036262035369873,0.17919892072677612,0.0,0.20141983032226562,0.30317914485931396,0.07256150245666504,0.0,0.0,0.163995623588562,0.14071255922317505,0.1560688018798828,0.01536715030670166,0.18759196996688843,0.050968050956726074,0.12376296520233154,0.11258357763290405,0.18987083435058594
MAN_07_5faab,0.011514663696289062,0.21754109859466553,0.2629256248474121,0.033559560775756836,0.1809195876121521,0.040390193462371826,0.11258375644683838,0.2529603838920593,0.14674049615859985,0.19435453414916992,0.03256511688232422,0.21949273347854614,0.1198282241821289,0.043085694313049316,0.05283480882644653,0.10615438222885132,0.07588082551956177,0.2639247179031372,0.2199932336807251,0.3426622152328491,0.20846843719482422,0.10452872514724731,0.20648932456970215,0.23006844520568848,0.007957279682159424,0.04332917928695679,0.13362383842468262,0.19826000928878784,0.2617032527923584,0.2106570601463318,0.3199695348739624,0.0,0.03600341081619263,0.2782682776451111,0.3760582208633423,0.10955524444580078,0.16505593061447144,0.2188277244567871,0.22282075881958008,0.056831538677215576,0.18555909395217896,0.061883628368377686,0.11061859130859375,0.25641292333602905,0.053628385066986084,0.25392401218414307,0.1880536675453186,0.12060546875,0.20553255081176758,0.2648928761482239,0.21050530672073364,0.15624666213989258,0.21879279613494873,0.0089072585105896,0.21101176738739014,0.30522680282592773,0.2793924808502197,0.38443291187286377,0.10703730583190918,0.2710282802581787,0.2940369248390198,0.3174605369567871,0.4526357650756836,0.35990893840789795,0.2650914788246155,0.17845022678375244,0.39338719844818115,0.37668848037719727,0.22158098220825195,0.3033452033996582,0.47864198684692383,0.39338719844818115,0.4712367057800293,0.33059585094451904,0.536522388458252,0.3382330536842346,0.4435824751853943,0.46245890855789185,0.6264294385910034,1.0,0.3405190706253052,0.45744842290878296,0.47381287813186646,0.4256596565246582,0.5308558344841003,0.3364907503128052,0.17091405391693115,0.2091016173362732,0.367750346660614,0.18047338724136353,0.20118284225463867,0.23017853498458862,0.21099203824996948,0.3282617926597595,0.24966752529144287,0.17423152923583984,0.2291926145553589,0.2749869227409363,0.06327283382415771,0.2855982780456543,0.45934081077575684,0.04648101329803467,0.3137509226799011,0.4119183421134949,0.15481221675872803,0.32672154903411865,0.03893113136291504,0.29357844591140747,0.16957437992095947,0.1961669921875,0.1185305118560791,0.3215371370315552,0.1494283676147461,0.13626688718795776,0.1969236135482788,0.313346803188324
MAN_08_678a7,0.0,0.057795703411102295,0.06858015060424805,0.021825313568115234,0.013958454132080078,0.0,0.21131867170333862,0.019678831100463867,0.0,0.07175356149673462,0.10255610942840576,0.005182623863220215,0.0703575611114502,0.0,0.007482767105102539,0.0,0.0,0.0,0.14418458938598633,0.0,0.007178306579589844,0.0,0.0,0.0,0.0,0.05345243215560913,0.07860010862350464,0.0,0.0,0.0,0.06600940227508545,0.0,0.0,0.10178852081298828,0.04054760932922363,0.0,0.0,0.05506628751754761,0.030902206897735596,0.0,0.10835742950439453,0.04217386245727539,0.0,0.02408379316329956,0.03087306022644043,0.0,0.014336347579956055,0.0,0.017924845218658447,0.010994672775268555,0.0,0.0,0.10923713445663452,0.0,0.05878692865371704,0.0318027138710022,0.0,0.0,0.02439969778060913,0.09754258394241333,0.06014752388000488,0.002821624279022217,0.0,0.0,0.0003300309181213379,0.02903759479522705,0.0,0.0015173554420471191,0.0,0.06950253248214722,0.23715877532958984,0.0,0.049589335918426514,0.5640919208526611,0.6514602303504944,0.26099491119384766,0.45792102813720703,0.438457190990448,0.35953348875045776,0.3405190706253052,1.0,0.40823620557785034,0.42082053422927856,0.4693131446838379,0.3990153670310974,0.06306928396224976,0.08304738998413086,0.08277368545532227,0.10192298889160156,0.05925405025482178,0.04479074478149414,0.18405842781066895,0.0,0.04843515157699585,0.03293907642364502,0.10589784383773804,0.02632319927215576,0.17364275455474854,0.0405159592628479,0.05056560039520264,0.058831870555877686,0.0014920830726623535,0.04980665445327759,0.2948227524757385,0.14593905210494995,0.04681670665740967,0.0684630274772644,0.1687413454055786,0.06294935941696167,0.08518171310424805,0.06436586380004883,0.0,0.01004338264465332,0.0,0.0,0.022509872913360596
MAN_09_678b1,0.13686054944992065,0.16844654083251953,0.2331620454788208,0.1189340353012085,0.15683823823928833,0.13801276683807373,0.13542383909225464,0.16037529706954956,0.13745272159576416,0.1944718360900879,0.10765039920806885,0.16068655252456665,0.1352044939994812,0.16022050380706787,0.15481925010681152,0.045097529888153076,0.03782987594604492,0.09257632493972778,0.1692488193511963,0.11243748664855957,0.12116116285324097,0.02229928970336914,0.022094130516052246,0.0987442135810852,0.04856085777282715,0.038953959941864014,0.19943654537200928,0.05509549379348755,0.11674576997756958,0.19589829444885254,0.20266413688659668,0.07711619138717651,0.04058104753494263,0.1803443431854248,0.17034220695495605,0.12696564197540283,0.1971997618675232,0.14213013648986816,0.26891475915908813,0.12571251392364502,0.1849128007888794,0.00035560131072998047,0.3404339551925659,0.3241363763809204,0.12655234336853027,0.2432788610458374,0.13596516847610474,0.1282002329826355,0.1326867938041687,0.11091762781143188,0.13834667205810547,0.22082805633544922,0.20033907890319824,0.14759713411331177,0.18236005306243896,0.23306477069854736,0.2862115502357483,0.22491848468780518,0.10965603590011597,0.16818219423294067,0.0793030858039856,0.13780957460403442,0.18077409267425537,0.048814594745635986,0.026577115058898926,0.10160493850708008,0.18597477674484253,0.07313412427902222,0.11933541297912598,0.042943477630615234,0.22728079557418823,0.18597477674484253,0.15574747323989868,0.522139310836792,0.7100026607513428,0.4376828670501709,0.589140772819519,0.6473321914672852,0.45233744382858276,0.45744842290878296,0.40823620557785034,1.0,0.5957942008972168,0.43467485904693604,0.5080359578132629,0.07398432493209839,0.06801408529281616,0.1907975673675537,0.16713595390319824,0.10344743728637695,0.1198570728302002,0.11952799558639526,0.13508903980255127,0.2730388641357422,0.2993916869163513,0.1594180464744568,0.0752667784690857,0.16403239965438843,0.1480785608291626,0.36657410860061646,0.2002660632133484,0.060669541358947754,0.07125735282897949,0.29880523681640625,0.21226078271865845,0.025880873203277588,0.0810583233833313,0.24153286218643188,0.207955002784729,0.12878084182739258,0.09077900648117065,0.24955427646636963,0.0655372142791748,0.13255178928375244,0.0283319354057312,0.09673875570297241
MAN_10_b0685,0.16949713230133057,0.22351211309432983,0.26679927110671997,0.11686140298843384,0.16447949409484863,0.19091814756393433,0.2756863236427307,0.171364426612854,0.09369105100631714,0.25734126567840576,0.18566298484802246,0.14152967929840088,0.17918002605438232,0.13237428665161133,0.21212702989578247,0.07569313049316406,0.18021786212921143,0.1405695080757141,0.4967217445373535,0.1757526993751526,0.34433799982070923,0.15461647510528564,0.05649006366729736,0.14254599809646606,0.13850361108779907,0.11424940824508667,0.18645823001861572,0.13951480388641357,0.19082605838775635,0.27499598264694214,0.16573572158813477,0.023349404335021973,0.04896301031112671,0.1816418170928955,0.21698570251464844,0.08688724040985107,0.191703200340271,0.19898629188537598,0.11421442031860352,0.013284444808959961,0.17098397016525269,0.13216781616210938,0.055490970611572266,0.13031303882598877,0.20883947610855103,0.17209649085998535,0.16988754272460938,0.15363836288452148,0.3835110664367676,0.10908740758895874,0.19822019338607788,0.17010468244552612,0.14832353591918945,0.08558744192123413,0.1622629165649414,0.19546765089035034,0.4995347261428833,0.23672157526016235,0.08083325624465942,0.08988958597183228,0.10721468925476074,0.15371596813201904,0.2972761392593384,0.09345757961273193,0.06765329837799072,0.22932195663452148,0.23374998569488525,0.09881377220153809,0.19109588861465454,0.11398845911026001,0.5112626552581787,0.23374998569488525,0.26390790939331055,0.503275454044342,0.5855909585952759,0.4859182834625244,0.5560957789421082,0.532885730266571,0.47622621059417725,0.47381287813186646,0.42082053422927856,0.5957942008972168,1.0,0.5941104292869568,0.5000871419906616,0.21127939224243164,0.19927042722702026,0.1706293225288391,0.12617576122283936,0.21024644374847412,0.1162835955619812,0.03249746561050415,0.11172664165496826,0.3144724369049072,0.1180010437965393,0.12831056118011475,0.07434475421905518,0.16283422708511353,0.07694888114929199,0.1942015290260315,0.25004732608795166,0.2270348072052002,0.23070204257965088,0.3785955309867859,0.43554872274398804,0.024740874767303467,0.13472121953964233,0.6299708485603333,0.270378053188324,0.1522514820098877,0.23166006803512573,0.3307366371154785,0.20963478088378906,0.14044463634490967,0.15589243173599243,0.2554789185523987
MAN_11_d7e72,0.11669337749481201,0.10584241151809692,0.14657866954803467,0.09832590818405151,0.19522225856781006,0.05475085973739624,0.17277735471725464,0.11009234189987183,0.051508545875549316,0.11100798845291138,0.17903339862823486,0.04869985580444336,0.0839238166809082,0.022556006908416748,0.06009244918823242,0.03974449634552002,0.10814058780670166,0.0761755108833313,0.3442605137825012,0.08926856517791748,0.11146456003189087,0.10374701023101807,0.03857964277267456,0.07457304000854492,0.029481947422027588,0.07439672946929932,0.13016271591186523,0.07761168479919434,0.1484655737876892,0.12783390283584595,0.1933693289756775,0.0,0.06425946950912476,0.26575857400894165,0.16649937629699707,0.02039051055908203,0.0016571283340454102,0.10785716772079468,0.08698892593383789,0.03074491024017334,0.11440509557723999,0.06275796890258789,0.04965609312057495,0.0820191502571106,0.12876355648040771,0.11677831411361694,0.15558385848999023,0.0838857889175415,0.1211404800415039,0.1356649398803711,0.1366710662841797,0.0566105842590332,0.15090370178222656,0.059595704078674316,0.13029253482818604,0.14173227548599243,0.18092882633209229,0.12536561489105225,0.08964908123016357,0.07367807626724243,0.05810129642486572,0.0631791353225708,0.11076188087463379,0.0641741156578064,0.046705782413482666,0.0644606351852417,0.09959375858306885,0.0,0.1751251220703125,0.10549187660217285,0.30005204677581787,0.09959375858306885,0.15324842929840088,0.43770962953567505,0.4604681730270386,0.3384230136871338,0.3952980637550354,0.426777184009552,0.3250606060028076,0.4256596565246582,0.4693131446838379,0.43467485904693604,0.5941104292869568,1.0,0.3336825370788574,0.06666839122772217,0.10566669702529907,0.16109633445739746,0.015825092792510986,0.10982996225357056,0.0562627911567688,0.14081710577011108,0.01751607656478882,0.13161391019821167,0.05610257387161255,0.0537109375,0.132401704788208,0.10160171985626221,0.08302044868469238,0.11577403545379639,0.14698731899261475,0.04829132556915283,0.09335613250732422,0.2427341341972351,0.2809184789657593,0.0,0.07548791170120239,0.33819055557250977,0.050079345703125,0.07764297723770142,0.14428871870040894,0.1578528881072998,0.06626248359680176,0.08386385440826416,0.07972222566604614,0.07823735475540161
MAN_12_da3b4,0.0682910680770874,0.3182712197303772,0.1897600293159485,0.06625354290008545,0.23757952451705933,0.10397213697433472,0.19206297397613525,0.2578713297843933,0.09106600284576416,0.2568625211715698,0.03295832872390747,0.10120534896850586,0.12598389387130737,0.06188291311264038,0.19173884391784668,0.06922787427902222,0.09494471549987793,0.28126704692840576,0.18583083152770996,0.3011656403541565,0.1875079870223999,0.08182621002197266,0.24885177612304688,0.21332764625549316,0.17670321464538574,0.05771738290786743,0.20007628202438354,0.1468273401260376,0.2799912691116333,0.27145636081695557,0.43012404441833496,0.01482778787612915,0.09679585695266724,0.3468761444091797,0.34696030616760254,0.04078948497772217,0.3195974826812744,0.462543249130249,0.2596815228462219,0.08485579490661621,0.5100122690200806,0.21809029579162598,0.16850948333740234,0.12195724248886108,0.17857784032821655,0.14408838748931885,0.06700599193572998,0.21943461894989014,0.08859193325042725,0.20290130376815796,0.14951777458190918,0.06268173456192017,0.21897542476654053,0.0,0.14566922187805176,0.31019753217697144,0.21068811416625977,0.20992887020111084,0.08556050062179565,0.12868934869766235,0.1833968162536621,0.24634158611297607,0.2628927230834961,0.2534966468811035,0.236366868019104,0.10105174779891968,0.21397870779037476,0.19967764616012573,0.10523688793182373,0.32875365018844604,0.3413729667663574,0.21397870779037476,0.3105107545852661,0.41839075088500977,0.706402599811554,0.30056506395339966,0.7803149223327637,0.6254124045372009,0.575588047504425,0.5308558344841003,0.3990153670310974,0.5080359578132629,0.5000871419906616,0.3336825370788574,1.0,0.2945675849914551,0.18985819816589355,0.1983950138092041,0.3256914019584656,0.15540826320648193,0.33621227741241455,0.2769013047218323,0.15323036909103394,0.32120180130004883,0.1929093599319458,0.2671498656272888,0.2929612398147583,0.4926772713661194,0.13934952020645142,0.15116918087005615,0.32679080963134766,0.016995728015899658,0.3106563687324524,0.3009185791015625,0.22126197814941406,0.038151562213897705,0.052494049072265625,0.2582284212112427,0.17678707838058472,0.28370893001556396,0.0711711049079895,0.18065690994262695,0.11373043060302734,0.13700997829437256,0.19618290662765503,0.22185003757476807
SMA_01_0592f,0.07078593969345093,0.21899950504302979,0.2180112600326538,0.11671268939971924,0.09964394569396973,0.07615280151367188,0.14444375038146973,0.14573752880096436,0.08723944425582886,0.18201637268066406,0.0066561102867126465,0.07435834407806396,0.10140764713287354,0.019616127014160156,0.13300442695617676,0.2849022150039673,0.253081738948822,0.4428778290748596,0.2600208520889282,0.46307069063186646,0.5348535776138306,0.26781004667282104,0.438169002532959,0.4463092088699341,0.3651044964790344,0.29017770290374756,0.3277198076248169,0.36290085315704346,0.36531949043273926,0.4242550730705261,0.3294461965560913,0.10273188352584839,0.044417738914489746,0.23486757278442383,0.2729206681251526,0.16957783699035645,0.22090721130371094,0.39839792251586914,0.10594463348388672,0.12311339378356934,0.38588541746139526,0.3046635389328003,0.10498917102813721,0.27016663551330566,0.18948280811309814,0.16728800535202026,0.21385586261749268,0.18704962730407715,0.22651880979537964,0.38464319705963135,0.150282621383667,0.047462522983551025,0.15172988176345825,0.09509086608886719,0.022337019443511963,0.30246502161026,0.2983958125114441,0.3028998374938965,0.3323177695274353,0.06651681661605835,0.2980005741119385,0.22482359409332275,0.30479341745376587,0.2825239896774292,0.2721930742263794,0.09145253896713257,0.23946106433868408,0.2540120482444763,0.20134496688842773,0.19180506467819214,0.27818596363067627,0.23946106433868408,0.36173099279403687,0.15965574979782104,0.20760726928710938,0.21136832237243652,0.197543203830719,0.16077446937561035,0.16849946975708008,0.3364907503128052,0.06306928396224976,0.07398432493209839,0.21127939224243164,0.06666839122772217,0.2945675849914551,1.0,0.5690177083015442,0.5853774547576904,0.5552967190742493,0.6106836795806885,0.5257520079612732,0.4066999554634094,0.5163854360580444,0.630881667137146,0.5319497585296631,0.5124630331993103,0.5151552557945251,0.5311381220817566,0.41560912132263184,0.16906023025512695,0.3457818031311035,0.12738019227981567,0.34280991554260254,0.21046853065490723,0.15058422088623047,0.19390344619750977,0.10662132501602173,0.25815820693969727,0.11424106359481812,0.14423024654388428,0.15128928422927856,0.2549147605895996,0.2032192349433899,0.078000009059906,0.2518157958984375,0.36888039112091064
SMA_02_1b70d,0.04650473594665527,0.21171605587005615,0.17831379175186157,0.09073466062545776,0.09729063510894775,0.1285005807876587,0.18821978569030762,0.0915001630783081,0.0052866339683532715,0.20287269353866577,0.1266568899154663,0.016599953174591064,0.07286077737808228,0.04072350263595581,0.17818331718444824,0.14651262760162354,0.1443602442741394,0.22081583738327026,0.16708672046661377,0.2487119436264038,0.2903860807418823,0.13892900943756104,0.28904104232788086,0.2681393027305603,0.3030550479888916,0.273168683052063,0.18847143650054932,0.1901288628578186,0.3209550380706787,0.4596961736679077,0.233187735080719,0.04233241081237793,0.043302834033966064,0.1445745825767517,0.20241641998291016,0.11752122640609741,0.2398107647895813,0.33159196376800537,0.08063966035842896,0.15021121501922607,0.32018381357192993,0.33241671323776245,0.14450669288635254,0.34790611267089844,0.3281072974205017,0.11146676540374756,0.24840706586837769,0.22658181190490723,0.2690470218658447,0.36142289638519287,0.10152328014373779,0.06744527816772461,0.32797467708587646,0.12052035331726074,0.03201401233673096,0.22881829738616943,0.3013935685157776,0.2445610761642456,0.3025553822517395,0.0,0.16074639558792114,0.143366277217865,0.22042548656463623,0.14632487297058105,0.2544674873352051,0.10325926542282104,0.1344941258430481,0.23305374383926392,0.18332064151763916,0.09691190719604492,0.23183554410934448,0.1344941258430481,0.2710004448890686,0.13701969385147095,0.14484071731567383,0.2410939335823059,0.17904037237167358,0.19999635219573975,0.1114618182182312,0.17091405391693115,0.08304738998413086,0.06801408529281616,0.19927042722702026,0.10566669702529907,0.18985819816589355,0.5690177083015442,1.0,0.5751532316207886,0.47680598497390747,0.7081296443939209,0.48640310764312744,0.43409597873687744,0.5054415464401245,0.5764321088790894,0.6186655759811401,0.48667681217193604,0.47893863916397095,0.47556447982788086,0.5274641513824463,0.1962715983390808,0.19494575262069702,0.14170938730239868,0.31870031356811523,0.1453545093536377,0.18327182531356812,0.2583538889884949,0.19889485836029053,0.23135453462600708,0.175595223903656,0.262448787689209,0.3464593291282654,0.25711381435394287,0.3399125337600708,0.07521474361419678,0.23878872394561768,0.3980976939201355
SMA_03_20b1e,0.11139565706253052,0.2219618558883667,0.18334853649139404,0.1869262456893921,0.10961031913757324,0.10720300674438477,0.1889106035232544,0.06405097246170044,0.042446672916412354,0.20230191946029663,0.0611417293548584,0.051858603954315186,0.10661971569061279,0.07458353042602539,0.08317351341247559,0.16535329818725586,0.12270379066467285,0.20851027965545654,0.15072882175445557,0.19453299045562744,0.22375333309173584,0.16532385349273682,0.23145663738250732,0.24182450771331787,0.1815629005432129,0.17824715375900269,0.1822655200958252,0.1608741283416748,0.31880390644073486,0.4950793981552124,0.1878880262374878,0.0911949872970581,0.10451257228851318,0.19800376892089844,0.18607831001281738,0.15728759765625,0.11259490251541138,0.34990793466567993,0.07787257432937622,0.0983346700668335,0.32445746660232544,0.20116668939590454,0.19153666496276855,0.32594072818756104,0.12689006328582764,0.13093030452728271,0.17982995510101318,0.1244705319404602,0.19628101587295532,0.29136329889297485,0.062152326107025146,0.08875811100006104,0.21652579307556152,0.12530499696731567,0.0,0.29217636585235596,0.23669981956481934,0.2135191559791565,0.29650330543518066,0.09435606002807617,0.20639634132385254,0.1845378279685974,0.221795916557312,0.12224471569061279,0.1884622573852539,0.06646859645843506,0.1757957935333252,0.15717387199401855,0.19943767786026,0.14122164249420166,0.26842403411865234,0.1757957935333252,0.3363422751426697,0.20377451181411743,0.19639617204666138,0.20707648992538452,0.144456148147583,0.0908660888671875,0.0625448226928711,0.2091016173362732,0.08277368545532227,0.1907975673675537,0.1706293225288391,0.16109633445739746,0.1983950138092041,0.5853774547576904,0.5751532316207886,1.0,0.42267268896102905,0.6500869989395142,0.5392246842384338,0.44135910272598267,0.4998054504394531,0.60161292552948,0.616666853427887,0.5909073352813721,0.474212646484375,0.4374547004699707,0.5452687740325928,0.16194558143615723,0.06867223978042603,0.1605006456375122,0.24701762199401855,0.13593173027038574,0.12848836183547974,0.14538359642028809,0.15336501598358154,0.13923418521881104,0.0863068699836731,0.06613808870315552,0.178871750831604,0.16871869564056396,0.12660616636276245,0.04525715112686157,0.24511128664016724,0.2616380453109741
SMA_04_28b4e,0.005572855472564697,0.22485268115997314,0.12932473421096802,0.007667481899261475,0.06671947240829468,0.08107370138168335,0.10192346572875977,0.09794926643371582,0.06706440448760986,0.19422626495361328,0.0,0.16344165802001953,0.0,0.05059194564819336,0.07749128341674805,0.2333223819732666,0.1414523720741272,0.30980706214904785,0.0989457368850708,0.35410481691360474,0.21762734651565552,0.09553635120391846,0.3697474002838135,0.3634204864501953,0.179052472114563,0.1936664581298828,0.3445223569869995,0.21531260013580322,0.27259206771850586,0.40063023567199707,0.37145519256591797,0.12539422512054443,0.08136433362960815,0.19647276401519775,0.26348841190338135,0.20810604095458984,0.361677885055542,0.3265540599822998,0.34762704372406006,0.10438793897628784,0.3581591844558716,0.15831118822097778,0.24128741025924683,0.3145890235900879,0.10791945457458496,0.07517695426940918,0.1259974241256714,0.12018555402755737,0.09980320930480957,0.29194533824920654,0.12115669250488281,0.11832863092422485,0.1899849772453308,0.024735212326049805,0.0,0.2419731616973877,0.17491209506988525,0.20052605867385864,0.24662446975708008,0.13742947578430176,0.25142836570739746,0.26737916469573975,0.34581708908081055,0.319230854511261,0.2515908479690552,0.08126574754714966,0.27085137367248535,0.3738093972206116,0.2049884796142578,0.24094438552856445,0.26351046562194824,0.27085137367248535,0.35995209217071533,0.11756879091262817,0.2737276554107666,0.20658636093139648,0.2784913182258606,0.21218329668045044,0.24999010562896729,0.367750346660614,0.10192298889160156,0.16713595390319824,0.12617576122283936,0.015825092792510986,0.3256914019584656,0.5552967190742493,0.47680598497390747,0.42267268896102905,1.0,0.5026365518569946,0.4410935640335083,0.3040738105773926,0.5128144025802612,0.5016135573387146,0.5750930905342102,0.42754024267196655,0.36712735891342163,0.48569566011428833,0.3989906907081604,0.305658757686615,0.30755293369293213,0.14625632762908936,0.25364428758621216,0.30101341009140015,0.1280980110168457,0.39271652698516846,0.2205120325088501,0.1830899715423584,0.21337318420410156,0.2533266544342041,0.24091053009033203,0.26742756366729736,0.16095125675201416,0.1812453269958496,0.2153928279876709,0.3027315139770508
SMA_05_29f8e,0.16388481855392456,0.2521525025367737,0.19196248054504395,0.16092312335968018,0.028069019317626953,0.15372025966644287,0.2097388505935669,0.052809059619903564,0.07037854194641113,0.23427295684814453,0.1518493890762329,0.08285260200500488,0.07626444101333618,0.11167275905609131,0.16998982429504395,0.15721720457077026,0.12534987926483154,0.2177678942680359,0.1654832363128662,0.19859462976455688,0.2390308380126953,0.2308366894721985,0.2322484850883484,0.24128329753875732,0.2120206356048584,0.21239811182022095,0.16184306144714355,0.15623271465301514,0.2983183264732361,0.5373706817626953,0.16486454010009766,0.11203408241271973,0.044580161571502686,0.12186247110366821,0.18281137943267822,0.20293664932250977,0.22674155235290527,0.4150090217590332,0.14111965894699097,0.2349090576171875,0.37213432788848877,0.31156158447265625,0.23015224933624268,0.40647614002227783,0.25283336639404297,0.11919677257537842,0.2651824951171875,0.15369820594787598,0.22527837753295898,0.2928584814071655,0.07395666837692261,0.12990093231201172,0.22442448139190674,0.20693224668502808,0.014449536800384521,0.3093293309211731,0.2880290746688843,0.26341795921325684,0.3832101821899414,0.06988388299942017,0.14346325397491455,0.1848556399345398,0.2586245536804199,0.12146031856536865,0.18288344144821167,0.10414022207260132,0.21156466007232666,0.15125536918640137,0.27221083641052246,0.10356384515762329,0.22594517469406128,0.21156466007232666,0.3198089599609375,0.20090222358703613,0.1373489499092102,0.42020344734191895,0.17390704154968262,0.10473799705505371,0.09321814775466919,0.18047338724136353,0.05925405025482178,0.10344743728637695,0.21024644374847412,0.10982996225357056,0.15540826320648193,0.6106836795806885,0.7081296443939209,0.6500869989395142,0.5026365518569946,1.0,0.6195778846740723,0.4344717264175415,0.648459792137146,0.6795387864112854,0.7007043361663818,0.6114156246185303,0.4050171971321106,0.49952781200408936,0.6022775769233704,0.22697687149047852,0.11754804849624634,0.20367789268493652,0.2949424982070923,0.1085546612739563,0.2259664535522461,0.17941612005233765,0.22838258743286133,0.18295609951019287,0.11325913667678833,0.08861690759658813,0.3326761722564697,0.22497957944869995,0.17602825164794922,0.05713295936584473,0.24491572380065918,0.31131160259246826
SMA_06_2df5b,0.07871025800704956,0.2687647342681885,0.11656731367111206,0.1793736219406128,0.032227396965026855,0.08324676752090454,0.1533101201057434,0.03924119472503662,0.11575210094451904,0.1918553113937378,0.0,0.07963252067565918,0.0033278465270996094,0.0,0.09498882293701172,0.0,0.019039630889892578,0.17841386795043945,0.09160089492797852,0.26019036769866943,0.10353559255599976,0.09793424606323242,0.21657037734985352,0.13544541597366333,0.12659931182861328,0.12668156623840332,0.07288509607315063,0.060777366161346436,0.3366870880126953,0.4790002703666687,0.2219843864440918,0.12288850545883179,0.16130214929580688,0.17239022254943848,0.3077394366264343,0.20465409755706787,0.2254316210746765,0.6626645922660828,0.21219229698181152,0.2690756320953369,0.43233776092529297,0.3354436755180359,0.3095395565032959,0.3086480498313904,0.15329551696777344,0.13075566291809082,0.15123623609542847,0.12599492073059082,0.12504959106445312,0.31379234790802,0.09700238704681396,0.0,0.1458892822265625,0.06893599033355713,0.0,0.39559459686279297,0.20222985744476318,0.2562616467475891,0.35222136974334717,0.08434933423995972,0.18065375089645386,0.14207273721694946,0.21121859550476074,0.1796962022781372,0.2442007064819336,0.04907214641571045,0.1595655083656311,0.15781384706497192,0.12592029571533203,0.26972711086273193,0.20790404081344604,0.1595655083656311,0.2725672125816345,0.15342313051223755,0.1597192883491516,0.3769761919975281,0.17873108386993408,0.08548349142074585,0.14546680450439453,0.20118284225463867,0.04479074478149414,0.1198570728302002,0.1162835955619812,0.0562627911567688,0.33621227741241455,0.5257520079612732,0.48640310764312744,0.5392246842384338,0.4410935640335083,0.6195778846740723,1.0,0.4886195659637451,0.6593270301818848,0.5541796088218689,0.5912857055664062,0.8255589604377747,0.41390329599380493,0.5613979697227478,0.6196624040603638,0.13401538133621216,0.07501792907714844,0.053315818309783936,0.37807023525238037,0.07069259881973267,0.027164995670318604,0.07703155279159546,0.23027658462524414,0.08171486854553223,0.07173800468444824,0.04354250431060791,0.09221434593200684,0.21707218885421753,0.14192557334899902,0.07792818546295166,0.22012042999267578,0.2734249234199524
SMA_07_57127,0.018871426582336426,0.19809895753860474,0.08282482624053955,0.13417714834213257,0.05500805377960205,0.052525103092193604,0.13105851411819458,0.10409939289093018,0.0924065113067627,0.09952819347381592,0.048756539821624756,0.0,0.04276704788208008,0.0,0.037213027477264404,0.021023452281951904,0.026228725910186768,0.15357184410095215,0.012827277183532715,0.17982792854309082,0.03862416744232178,0.0007284283638000488,0.10125422477722168,0.03871333599090576,0.06848561763763428,0.04985320568084717,0.01865255832672119,0.01611328125,0.21890103816986084,0.28001219034194946,0.1535968780517578,0.0,0.032494306564331055,0.12591910362243652,0.28169530630111694,0.054799675941467285,0.09976768493652344,0.33556067943573,0.04591357707977295,0.24805903434753418,0.3227089047431946,0.18703877925872803,0.09123611450195312,0.29150164127349854,0.11888831853866577,0.05751150846481323,0.08613109588623047,0.07677710056304932,0.058936119079589844,0.33088743686676025,0.005160629749298096,0.0,0.26245880126953125,0.0,0.05769085884094238,0.2700951099395752,0.09291613101959229,0.17755520343780518,0.2526991367340088,0.07095897197723389,0.17946398258209229,0.09652882814407349,0.1272796392440796,0.11332374811172485,0.19115209579467773,0.013226509094238281,0.09023410081863403,0.15802466869354248,0.06775808334350586,0.11701810359954834,0.15177786350250244,0.09023410081863403,0.2375485897064209,0.3028499484062195,0.1904052495956421,0.1973707675933838,0.1989099383354187,0.1864844560623169,0.2299332618713379,0.23017853498458862,0.18405842781066895,0.11952799558639526,0.03249746561050415,0.14081710577011108,0.2769013047218323,0.4066999554634094,0.43409597873687744,0.44135910272598267,0.3040738105773926,0.4344717264175415,0.4886195659637451,1.0,0.42308688163757324,0.38226455450057983,0.46454405784606934,0.48364579677581787,0.3860778212547302,0.44332218170166016,0.558536171913147,0.10268235206604004,0.03159695863723755,0.0,0.21589010953903198,0.042202115058898926,0.0,0.04380887746810913,0.028017163276672363,0.0,0.0,0.10519921779632568,0.07048308849334717,0.07762998342514038,0.023242473602294922,0.0837411880493164,0.1495676040649414,0.17539095878601074
SMA_08_6d7ad,0.1488107442855835,0.1871112585067749,0.15214478969573975,0.20397329330444336,0.026611804962158203,0.15398883819580078,0.1342366337776184,0.052117884159088135,0.19420850276947021,0.14917778968811035,0.035799264907836914,0.14070063829421997,0.05098402500152588,0.07514297962188721,0.11546260118484497,0.042236268520355225,0.11784940958023071,0.15161830186843872,0.08311164379119873,0.2590944766998291,0.1596415638923645,0.1019015908241272,0.14256548881530762,0.1443575620651245,0.13654255867004395,0.2460566759109497,0.07608962059020996,0.07595634460449219,0.23517084121704102,0.4461456537246704,0.11877506971359253,0.1707603931427002,0.05929762125015259,0.14841699600219727,0.2848566174507141,0.34531253576278687,0.23352950811386108,0.42195582389831543,0.2180396318435669,0.2612755298614502,0.306624174118042,0.24325478076934814,0.3304840326309204,0.44326531887054443,0.09172272682189941,0.09648942947387695,0.25333917140960693,0.046730637550354004,0.15960204601287842,0.36080092191696167,0.02357727289199829,0.03638267517089844,0.18339145183563232,0.12656527757644653,0.0,0.387518048286438,0.25512856245040894,0.30100905895233154,0.3988354206085205,0.0851438045501709,0.2670559883117676,0.15036320686340332,0.23804569244384766,0.1898515224456787,0.2599489688873291,0.029555678367614746,0.18183475732803345,0.1589983105659485,0.17231535911560059,0.19115126132965088,0.20428913831710815,0.18183475732803345,0.24425888061523438,0.14633208513259888,0.14368784427642822,0.42854100465774536,0.13489657640457153,0.08747148513793945,0.08881103992462158,0.21099203824996948,0.0,0.13508903980255127,0.11172664165496826,0.01751607656478882,0.15323036909103394,0.5163854360580444,0.5054415464401245,0.4998054504394531,0.5128144025802612,0.648459792137146,0.6593270301818848,0.42308688163757324,1.0,0.5381708741188049,0.666735827922821,0.6906185746192932,0.33633315563201904,0.5801552534103394,0.5587183237075806,0.32273566722869873,0.09829843044281006,0.16616517305374146,0.211436927318573,0.08121848106384277,0.12603825330734253,0.1973053216934204,0.2818743586540222,0.08547407388687134,0.18993759155273438,0.033345699310302734,0.1905430555343628,0.29025232791900635,0.18444275856018066,0.08464294672012329,0.17734384536743164,0.19371598958969116
SMA_09_87975,0.13767719268798828,0.4135367274284363,0.27553683519363403,0.149244487285614,0.2582446336746216,0.2454051971435547,0.3105906844139099,0.21815723180770874,0.06588035821914673,0.3900534510612488,0.0993800163269043,0.14216488599777222,0.15276342630386353,0.19056129455566406,0.1638769507408142,0.1794542670249939,0.1260196566581726,0.32498764991760254,0.26990342140197754,0.30315208435058594,0.29694241285324097,0.16360104084014893,0.31474578380584717,0.2951524257659912,0.23336374759674072,0.16781216859817505,0.24476909637451172,0.197240948677063,0.4192647337913513,0.5349254608154297,0.3060187101364136,0.12230247259140015,0.01599299907684326,0.29011499881744385,0.30712729692459106,0.20744872093200684,0.29726749658584595,0.4161595106124878,0.2117236852645874,0.14188534021377563,0.3964694142341614,0.24282729625701904,0.2467774748802185,0.45893144607543945,0.3459435701370239,0.3793025016784668,0.2997097969055176,0.25274407863616943,0.31055009365081787,0.3690863847732544,0.2289486527442932,0.3135073781013489,0.2782043218612671,0.15870428085327148,0.2571122646331787,0.38671767711639404,0.5019698143005371,0.4490848779678345,0.3381947875022888,0.129255473613739,0.19883692264556885,0.22652673721313477,0.3297075033187866,0.19931137561798096,0.22821760177612305,0.07069528102874756,0.2220001220703125,0.26327359676361084,0.1758502721786499,0.1244845986366272,0.339480459690094,0.2220001220703125,0.3299882411956787,0.24793267250061035,0.27587413787841797,0.36497896909713745,0.2706618905067444,0.2962328791618347,0.25708502531051636,0.3282617926597595,0.04843515157699585,0.2730388641357422,0.3144724369049072,0.13161391019821167,0.32120180130004883,0.630881667137146,0.5764321088790894,0.60161292552948,0.5016135573387146,0.6795387864112854,0.5541796088218689,0.38226455450057983,0.5381708741188049,1.0,0.6735430955886841,0.5391871333122253,0.5788094997406006,0.5092336535453796,0.484897255897522,0.29162412881851196,0.22678804397583008,0.1824132204055786,0.29112064838409424,0.23158639669418335,0.12821638584136963,0.1460942029953003,0.13993537425994873,0.27679693698883057,0.12319481372833252,0.2414325475692749,0.22668451070785522,0.4046083092689514,0.14925813674926758,0.11729419231414795,0.16630083322525024,0.36019521951675415
SMA_10_8b8dc,0.08808112144470215,0.26033157110214233,0.20166325569152832,0.11998164653778076,0.08015584945678711,0.16647028923034668,0.10678654909133911,0.12592124938964844,0.10553854703903198,0.2592129707336426,0.07618522644042969,0.1699894666671753,0.07709109783172607,0.1580209732055664,0.10194873809814453,0.03698378801345825,0.045592546463012695,0.18020737171173096,0.033011794090270996,0.23993176221847534,0.1597697138786316,0.03671550750732422,0.20279169082641602,0.17934268712997437,0.10405844449996948,0.11998772621154785,0.16411489248275757,0.046547770500183105,0.24111294746398926,0.45097601413726807,0.216852605342865,0.021378397941589355,0.05492335557937622,0.13245201110839844,0.18073999881744385,0.15691667795181274,0.2308204174041748,0.3403615951538086,0.2279958724975586,0.15800821781158447,0.30801475048065186,0.19906282424926758,0.37421131134033203,0.7536369562149048,0.1854085922241211,0.2787989377975464,0.34946608543395996,0.16609638929367065,0.1502079963684082,0.4183257222175598,0.09045445919036865,0.20089155435562134,0.3349798917770386,0.16649436950683594,0.04345202445983887,0.44798678159713745,0.2947206497192383,0.4010053277015686,0.36519765853881836,0.14104688167572021,0.22173810005187988,0.22241920232772827,0.27785009145736694,0.1950041651725769,0.21890783309936523,0.059306800365448,0.20939350128173828,0.21553874015808105,0.189894437789917,0.12283402681350708,0.22650575637817383,0.20939350128173828,0.3106728196144104,0.1737232208251953,0.22874951362609863,0.289514422416687,0.15896761417388916,0.18168383836746216,0.13572418689727783,0.24966752529144287,0.03293907642364502,0.2993916869163513,0.1180010437965393,0.05610257387161255,0.1929093599319458,0.5319497585296631,0.6186655759811401,0.616666853427887,0.5750930905342102,0.7007043361663818,0.5912857055664062,0.46454405784606934,0.666735827922821,0.6735430955886841,1.0,0.5949913859367371,0.4691425561904907,0.516389012336731,0.6154439449310303,0.46858012676239014,0.09628880023956299,0.06720447540283203,0.19760626554489136,0.15719842910766602,0.015273094177246094,0.17933565378189087,0.14310908317565918,0.07720226049423218,0.12017202377319336,0.1494661569595337,0.16839230060577393,0.29220902919769287,0.13053172826766968,0.13495755195617676,0.14640849828720093,0.2468470335006714
SMA_11_a504b,0.09643363952636719,0.2667781114578247,0.1218559741973877,0.24555331468582153,0.017057299613952637,0.09521102905273438,0.16415345668792725,0.04830378293991089,0.14580345153808594,0.18600130081176758,0.007213115692138672,0.08987832069396973,0.030722081661224365,0.010428547859191895,0.09115034341812134,0.006782829761505127,0.03377997875213623,0.1736205816268921,0.0910724401473999,0.2618403434753418,0.10455125570297241,0.06650412082672119,0.15042012929916382,0.10874652862548828,0.08655554056167603,0.12145030498504639,0.0438542366027832,0.06726819276809692,0.32455623149871826,0.4666585922241211,0.20910406112670898,0.13680630922317505,0.17961406707763672,0.1632474660873413,0.2956763505935669,0.2118903398513794,0.20654475688934326,0.5397129654884338,0.24271422624588013,0.20436906814575195,0.44404566287994385,0.32045382261276245,0.28316551446914673,0.35093194246292114,0.10386765003204346,0.11991697549819946,0.1460111141204834,0.12146914005279541,0.12949597835540771,0.3282935619354248,0.037159621715545654,0.021662890911102295,0.17726337909698486,0.08060228824615479,0.0,0.38405025005340576,0.21320903301239014,0.2367100715637207,0.39841127395629883,0.14377057552337646,0.25347399711608887,0.17335057258605957,0.23396891355514526,0.16966402530670166,0.2828359007835388,0.07023358345031738,0.19894760847091675,0.17430520057678223,0.15292781591415405,0.20433169603347778,0.24650275707244873,0.19894760847091675,0.2850634455680847,0.2388858199119568,0.20505881309509277,0.3368196487426758,0.16328948736190796,0.09238779544830322,0.0978325605392456,0.17423152923583984,0.10589784383773804,0.1594180464744568,0.12831056118011475,0.0537109375,0.2671498656272888,0.5124630331993103,0.48667681217193604,0.5909073352813721,0.42754024267196655,0.6114156246185303,0.8255589604377747,0.48364579677581787,0.6906185746192932,0.5391871333122253,0.5949913859367371,1.0,0.40072423219680786,0.6632340550422668,0.5299952626228333,0.172082781791687,0.05823880434036255,0.08147662878036499,0.288202702999115,0.06197148561477661,0.08302116394042969,0.0739748477935791,0.22601670026779175,0.08688491582870483,0.03592652082443237,0.0,0.06959134340286255,0.20325100421905518,0.09347838163375854,0.03696984052658081,0.16175830364227295,0.212774395942688
SMA_12_c6e00,0.18247568607330322,0.367997944355011,0.1416035294532776,0.058868467807769775,0.5852685570716858,0.2626679539680481,0.13213562965393066,0.23567891120910645,0.008368313312530518,0.24106580018997192,0.012919783592224121,0.000988006591796875,0.09500932693481445,0.02704077959060669,0.06773793697357178,0.19104337692260742,0.08697247505187988,0.31673043966293335,0.21799105405807495,0.3288038969039917,0.18730837106704712,0.0998375415802002,0.3410799503326416,0.27903199195861816,0.2729383111000061,0.1508306860923767,0.2133064866065979,0.2090398073196411,0.40776920318603516,0.3100648522377014,0.3730109930038452,0.13608932495117188,0.0,0.5622211694717407,0.25241440534591675,0.12621307373046875,0.13842922449111938,0.29465794563293457,0.1152142882347107,0.06590354442596436,0.26873552799224854,0.1320071816444397,0.0642356276512146,0.26936352252960205,0.2749726176261902,0.36513417959213257,0.1918845772743225,0.2557227611541748,0.12052851915359497,0.3649316430091858,0.2979823350906372,0.09647631645202637,0.2783656120300293,0.00290071964263916,0.16866916418075562,0.22545427083969116,0.19800519943237305,0.2972686290740967,0.18380343914031982,0.09737277030944824,0.2571637034416199,0.18813276290893555,0.1792278289794922,0.23225295543670654,0.330970823764801,0.06879734992980957,0.12998300790786743,0.3109898567199707,0.14848536252975464,0.1287023425102234,0.22879135608673096,0.12998300790786743,0.25405192375183105,0.11335515975952148,0.14847826957702637,0.06945908069610596,0.1147800087928772,0.2913743257522583,0.1661752462387085,0.2291926145553589,0.02632319927215576,0.0752667784690857,0.07434475421905518,0.132401704788208,0.2929612398147583,0.5151552557945251,0.47893863916397095,0.474212646484375,0.36712735891342163,0.4050171971321106,0.41390329599380493,0.3860778212547302,0.33633315563201904,0.5788094997406006,0.4691425561904907,0.40072423219680786,1.0,0.4297746419906616,0.3476748466491699,0.12582159042358398,0.19959259033203125,0.014849185943603516,0.1669953465461731,0.19063568115234375,0.0,0.04213827848434448,0.05748462677001953,0.08201879262924194,0.0,0.3325003385543823,0.05641293525695801,0.1351591944694519,0.08228617906570435,0.05641627311706543,0.06708371639251709,0.2570382356643677
SMA_13_c9088,0.06206387281417847,0.2519209384918213,0.11151617765426636,0.21124553680419922,0.09825032949447632,0.10207229852676392,0.14474761486053467,0.11242735385894775,0.13455086946487427,0.11719155311584473,0.0,0.05714762210845947,0.0,0.0,0.2168039083480835,0.035942792892456055,0.15560877323150635,0.2758182883262634,0.14678025245666504,0.3793073892593384,0.18435317277908325,0.07353895902633667,0.24802923202514648,0.22885841131210327,0.24835121631622314,0.18567311763763428,0.1322462558746338,0.13883167505264282,0.31857776641845703,0.4275383949279785,0.3247320055961609,0.09020578861236572,0.21999293565750122,0.25376439094543457,0.33725976943969727,0.15836083889007568,0.3219798803329468,0.4781199097633362,0.30338406562805176,0.1597822904586792,0.6662597060203552,0.4619460105895996,0.23742377758026123,0.3143885135650635,0.13711774349212646,0.07813113927841187,0.12622523307800293,0.10527122020721436,0.07946306467056274,0.3529646396636963,0.03963875770568848,0.0,0.19233083724975586,0.005359947681427002,0.0,0.3508908748626709,0.17600470781326294,0.18077164888381958,0.30868297815322876,0.14818239212036133,0.29706692695617676,0.17812782526016235,0.26719266176223755,0.27134329080581665,0.3035240173339844,0.08405351638793945,0.19210541248321533,0.21538829803466797,0.1383906602859497,0.23114466667175293,0.2686210870742798,0.19210541248321533,0.2792949676513672,0.22544336318969727,0.4039696455001831,0.23886632919311523,0.5247798562049866,0.2110956907272339,0.2325616478919983,0.2749869227409363,0.17364275455474854,0.16403239965438843,0.16283422708511353,0.10160171985626221,0.4926772713661194,0.5311381220817566,0.47556447982788086,0.4374547004699707,0.48569566011428833,0.49952781200408936,0.5613979697227478,0.44332218170166016,0.5801552534103394,0.5092336535453796,0.516389012336731,0.6632340550422668,0.4297746419906616,1.0,0.41720426082611084,0.178180992603302,0.1488359570503235,0.04555433988571167,0.15175849199295044,0.10222923755645752,0.10785847902297974,0.04461294412612915,0.1149294376373291,0.08199077844619751,0.0,0.07304978370666504,0.06150341033935547,0.12643271684646606,0.06982964277267456,0.09458523988723755,0.10665661096572876,0.13760769367218018
SMA_14_cdb07,0.09331989288330078,0.1716054081916809,0.10796821117401123,0.13203513622283936,0.0,0.09952455759048462,0.13381445407867432,0.005727589130401611,0.06369733810424805,0.12180668115615845,0.0,0.0,0.00832146406173706,0.016612112522125244,0.10398983955383301,0.04766726493835449,0.09999793767929077,0.13014942407608032,0.02855980396270752,0.15681934356689453,0.11709487438201904,0.10139334201812744,0.17164194583892822,0.1322702169418335,0.17605602741241455,0.2095252275466919,0.09131366014480591,0.08184349536895752,0.26180970668792725,0.5391883254051208,0.21697723865509033,0.11154121160507202,0.20019805431365967,0.11143088340759277,0.1602669358253479,0.17145562171936035,0.18606072664260864,0.5256550908088684,0.1772991418838501,0.31256479024887085,0.3718045949935913,0.3616836667060852,0.31426870822906494,0.3304804563522339,0.1962641477584839,0.040814876556396484,0.10934031009674072,0.05269902944564819,0.09401828050613403,0.28844165802001953,0.017910420894622803,0.0,0.23008745908737183,0.0799570083618164,0.0,0.18241339921951294,0.1523779034614563,0.11857432126998901,0.27942073345184326,0.0041806697845458984,0.06712740659713745,0.07863467931747437,0.11830109357833862,0.07285189628601074,0.10568463802337646,0.01849973201751709,0.051979780197143555,0.11626577377319336,0.06720107793807983,0.04010683298110962,0.08603644371032715,0.051979780197143555,0.14674633741378784,0.16988897323608398,0.10803139209747314,0.3657037019729614,0.14582276344299316,0.13624036312103271,0.050642549991607666,0.06327283382415771,0.0405159592628479,0.1480785608291626,0.07694888114929199,0.08302044868469238,0.13934952020645142,0.41560912132263184,0.5274641513824463,0.5452687740325928,0.3989906907081604,0.6022775769233704,0.6196624040603638,0.558536171913147,0.5587183237075806,0.484897255897522,0.6154439449310303,0.5299952626228333,0.3476748466491699,0.41720426082611084,1.0,0.10885351896286011,0.03845292329788208,0.11119604110717773,0.17270690202713013,0.05228829383850098,0.07748115062713623,0.1241915225982666,0.29297471046447754,0.07681435346603394,0.0754244327545166,0.08838903903961182,0.16748833656311035,0.16401058435440063,0.14799493551254272,0.08448797464370728,0.19467401504516602,0.18290120363235474
TRA_01_10265,0.012791574001312256,0.0,0.1037110686302185,0.07913267612457275,0.05777090787887573,0.08728623390197754,0.0,0.0749514102935791,0.12971287965774536,0.05043518543243408,0.06497806310653687,0.2207666039466858,0.06624388694763184,0.08204293251037598,0.006677508354187012,0.0458148717880249,0.09688133001327515,0.13055282831192017,0.12555748224258423,0.1692667007446289,0.1624022126197815,0.09254670143127441,0.0611383318901062,0.08060848712921143,0.029814839363098145,0.14870870113372803,0.2462022304534912,0.07497453689575195,0.12158232927322388,0.09494143724441528,0.151187002658844,0.0427929162979126,0.0,0.1657668948173523,0.06870102882385254,0.11841416358947754,0.21442419290542603,0.05065321922302246,0.238660991191864,0.09269779920578003,0.07057774066925049,0.027576208114624023,0.2990133762359619,0.6553924083709717,0.11574840545654297,0.2937506437301636,0.32584476470947266,0.19195681810379028,0.2073286771774292,0.23846715688705444,0.1000179648399353,0.2471400499343872,0.21305793523788452,0.2070104479789734,0.19540715217590332,0.4435371160507202,0.31577110290527344,0.3539721965789795,0.26709604263305664,0.23794126510620117,0.1633777618408203,0.17758071422576904,0.20035874843597412,0.08337217569351196,0.1714656949043274,0.027306318283081055,0.18427270650863647,0.12966316938400269,0.20839649438858032,0.12724876403808594,0.20456504821777344,0.18427270650863647,0.14662951231002808,0.16646921634674072,0.3232889175415039,0.22960036993026733,0.19403088092803955,0.21549832820892334,0.14036262035369873,0.2855982780456543,0.05056560039520264,0.36657410860061646,0.1942015290260315,0.11577403545379639,0.15116918087005615,0.16906023025512695,0.1962715983390808,0.16194558143615723,0.305658757686615,0.22697687149047852,0.13401538133621216,0.10268235206604004,0.32273566722869873,0.29162412881851196,0.46858012676239014,0.172082781791687,0.12582159042358398,0.178180992603302,0.10885351896286011,1.0,0.3556954860687256,0.22237879037857056,0.16317224502563477,0.3280247449874878,0.3513464331626892,0.262917697429657,0.2361382246017456,0.2521972060203552,0.3234065771102905,0.24665844440460205,0.31254810094833374,0.45979762077331543,0.25939077138900757,0.3660619258880615,0.10340750217437744,0.20284688472747803
TRA_02_12fb4,0.055177390575408936,0.052024126052856445,0.15906071662902832,0.008111000061035156,0.19325333833694458,0.06764793395996094,0.08803701400756836,0.23798662424087524,0.06118953227996826,0.09950917959213257,0.07018887996673584,0.14226698875427246,0.1392446756362915,0.06743729114532471,0.17913317680358887,0.39142411947250366,0.35482895374298096,0.4626094698905945,0.27743709087371826,0.43436944484710693,0.42849552631378174,0.3219411373138428,0.4328054189682007,0.48889100551605225,0.3437023162841797,0.321144163608551,0.35784995555877686,0.4734903573989868,0.31531572341918945,0.1447412371635437,0.38370704650878906,0.08770817518234253,0.0062674880027771,0.3086698055267334,0.19720125198364258,0.07216650247573853,0.1978856325149536,0.17046254873275757,0.17776036262512207,0.046091556549072266,0.2004031538963318,0.12754923105239868,0.10590225458145142,0.1477709412574768,0.27619385719299316,0.1925206184387207,0.2027408480644226,0.30064576864242554,0.282415509223938,0.2638047933578491,0.19209682941436768,0.19847112894058228,0.254965603351593,0.10820072889328003,0.1589488983154297,0.2515648603439331,0.36208128929138184,0.2894418239593506,0.11569499969482422,0.0496288537979126,0.27181535959243774,0.24141395092010498,0.29216480255126953,0.23138612508773804,0.20369327068328857,0.10718685388565063,0.24655067920684814,0.3199683427810669,0.25919491052627563,0.1902552843093872,0.2250470519065857,0.24655067920684814,0.23030436038970947,0.09902501106262207,0.3144533038139343,0.13152682781219482,0.2764296531677246,0.35849881172180176,0.17919892072677612,0.45934081077575684,0.058831870555877686,0.2002660632133484,0.25004732608795166,0.14698731899261475,0.32679080963134766,0.3457818031311035,0.19494575262069702,0.06867223978042603,0.30755293369293213,0.11754804849624634,0.07501792907714844,0.03159695863723755,0.09829843044281006,0.22678804397583008,0.09628880023956299,0.05823880434036255,0.19959259033203125,0.1488359570503235,0.03845292329788208,0.3556954860687256,1.0,0.31781506538391113,0.42032158374786377,0.3977169990539551,0.4785155653953552,0.5315179824829102,0.29170823097229004,0.45730769634246826,0.44266027212142944,0.5067351460456848,0.3673691749572754,0.4942561388015747,0.4938453435897827,0.38169699907302856,0.3483020067214966,0.4787406325340271
TRA_03_21d93,0.15438640117645264,0.015466928482055664,0.12001872062683105,0.07181447744369507,0.0788910984992981,0.10848402976989746,0.1788305640220642,0.034092843532562256,0.00728076696395874,0.07545304298400879,0.12339609861373901,0.05909609794616699,0.1304394006729126,0.07084912061691284,0.11969965696334839,0.18554019927978516,0.2871263027191162,0.12341082096099854,0.2605677843093872,0.10206764936447144,0.2169305682182312,0.24259090423583984,0.12973707914352417,0.17471778392791748,0.15586251020431519,0.2521049976348877,0.1561506986618042,0.1981528401374817,0.21421712636947632,0.2944735288619995,0.1214989423751831,0.1415541172027588,0.10679519176483154,0.1809462308883667,0.11085975170135498,0.16810160875320435,0.1128653883934021,0.14512228965759277,0.08792370557785034,0.19983702898025513,0.11439043283462524,0.14842748641967773,0.13236004114151,0.05514293909072876,0.07805299758911133,0.037786900997161865,0.18107545375823975,0.06851571798324585,0.23019123077392578,0.06783449649810791,0.0877542495727539,0.10600173473358154,0.04231053590774536,0.08648264408111572,0.029693007469177246,0.13010191917419434,0.2991451025009155,0.1733614206314087,0.14560389518737793,0.0,0.04006469249725342,0.11322402954101562,0.11812931299209595,0.0,0.014217793941497803,0.07298904657363892,0.09653449058532715,0.0,0.20792698860168457,0.0,0.08441966772079468,0.09653449058532715,0.09985560178756714,0.08487379550933838,0.09991234540939331,0.223563551902771,0.0639796257019043,0.0646064281463623,0.0,0.04648101329803467,0.0014920830726623535,0.060669541358947754,0.2270348072052002,0.04829132556915283,0.016995728015899658,0.12738019227981567,0.14170938730239868,0.1605006456375122,0.14625632762908936,0.20367789268493652,0.053315818309783936,0.0,0.16616517305374146,0.1824132204055786,0.06720447540283203,0.08147662878036499,0.014849185943603516,0.04555433988571167,0.11119604110717773,0.22237879037857056,0.31781506538391113,1.0,0.3313652276992798,0.23277992010116577,0.5093191266059875,0.2981640696525574,0.48754167556762695,0.5072548985481262,0.4359111785888672,0.29280102252960205,0.5535039901733398,0.4503118395805359,0.5300647616386414,0.3397355079650879,0.3627967834472656,0.4293535351753235
TRA_04_2ad9e,0.11622685194015503,0.2780553102493286,0.19354701042175293,0.07817673683166504,0.11734992265701294,0.13215237855911255,0.20119822025299072,0.1213843822479248,0.006265699863433838,0.2709369659423828,0.11553919315338135,0.04245352745056152,0.20644468069076538,0.04958689212799072,0.16237694025039673,0.12934571504592896,0.1705024242401123,0.2710854411125183,0.1279030442237854,0.267838716506958,0.2487630844116211,0.1713336706161499,0.23494952917099,0.18231868743896484,0.24881529808044434,0.16645431518554688,0.1036033034324646,0.22017210721969604,0.2128639817237854,0.24132007360458374,0.13657277822494507,0.07331550121307373,0.04156017303466797,0.1387001872062683,0.22652757167816162,0.08580803871154785,0.15108758211135864,0.36296701431274414,0.056209027767181396,0.08958041667938232,0.22094112634658813,0.16951632499694824,0.04880571365356445,0.09587162733078003,0.18937349319458008,0.22449398040771484,0.17892837524414062,0.2729374170303345,0.29838085174560547,0.2501969337463379,0.24986380338668823,0.11346715688705444,0.1594368815422058,0.07306236028671265,0.12600475549697876,0.38144373893737793,0.38645362854003906,0.33993399143218994,0.20049142837524414,0.022619247436523438,0.1458032727241516,0.27549588680267334,0.3298693895339966,0.1931057572364807,0.17966687679290771,0.07925331592559814,0.18190383911132812,0.1406313180923462,0.1292620301246643,0.3029988408088684,0.20322799682617188,0.18190383911132812,0.3399909734725952,0.1026267409324646,0.20075327157974243,0.16164112091064453,0.14580827951431274,0.16776210069656372,0.20141983032226562,0.3137509226799011,0.04980665445327759,0.07125735282897949,0.23070204257965088,0.09335613250732422,0.3106563687324524,0.34280991554260254,0.31870031356811523,0.24701762199401855,0.25364428758621216,0.2949424982070923,0.37807023525238037,0.21589010953903198,0.211436927318573,0.29112064838409424,0.19760626554489136,0.288202702999115,0.1669953465461731,0.15175849199295044,0.17270690202713013,0.16317224502563477,0.42032158374786377,0.3313652276992798,1.0,0.3336588144302368,0.3433932662010193,0.31471872329711914,0.32454967498779297,0.47581779956817627,0.471671462059021,0.38073158264160156,0.3503074645996094,0.49917173385620117,0.5635333061218262,0.36756032705307007,0.8060047030448914,0.7094157338142395
TRA_05_4f9a6,0.08073300123214722,0.21513426303863525,0.20534563064575195,0.0,0.2619171142578125,0.16568005084991455,0.10362279415130615,0.2051963210105896,0.0,0.21618378162384033,0.14773178100585938,0.14811670780181885,0.21578770875930786,0.1332716941833496,0.006798386573791504,0.1523498296737671,0.19424939155578613,0.19702333211898804,0.23993277549743652,0.1553558111190796,0.29682040214538574,0.09855592250823975,0.1622755527496338,0.203191876411438,0.07310670614242554,0.10954391956329346,0.25694286823272705,0.13360059261322021,0.18113923072814941,0.1968209147453308,0.3231585621833801,0.09875452518463135,0.004439175128936768,0.347828209400177,0.22975361347198486,0.07877123355865479,0.15138572454452515,0.171434223651886,0.1576991081237793,0.06818240880966187,0.14931118488311768,0.0,0.10760509967803955,0.19511473178863525,0.23214948177337646,0.19690394401550293,0.2063748836517334,0.18461382389068604,0.34270524978637695,0.19355154037475586,0.2611112594604492,0.2703266739845276,0.19952207803726196,0.11294424533843994,0.13202232122421265,0.18452227115631104,0.36270368099212646,0.278436541557312,0.06161177158355713,0.1270238161087036,0.12286514043807983,0.18070292472839355,0.22004783153533936,0.10981130599975586,0.08722352981567383,0.08166319131851196,0.1579838991165161,0.17451775074005127,0.11273640394210815,0.061828434467315674,0.3528629541397095,0.1579838991165161,0.19800740480422974,0.18383216857910156,0.4510270953178406,0.1430416703224182,0.2749110460281372,0.3838037848472595,0.30317914485931396,0.4119183421134949,0.2948227524757385,0.29880523681640625,0.3785955309867859,0.2427341341972351,0.3009185791015625,0.21046853065490723,0.1453545093536377,0.13593173027038574,0.30101341009140015,0.1085546612739563,0.07069259881973267,0.042202115058898926,0.08121848106384277,0.23158639669418335,0.15719842910766602,0.06197148561477661,0.19063568115234375,0.10222923755645752,0.05228829383850098,0.3280247449874878,0.3977169990539551,0.23277992010116577,0.3336588144302368,1.0,0.32141315937042236,0.3434109687805176,0.31150585412979126,0.5172299742698669,0.38147449493408203,0.47375011444091797,0.2616984248161316,0.4199635982513428,0.29238462448120117,0.3169819116592407,0.23036110401153564,0.3789083957672119
TRA_06_50971,0.1333225965499878,0.0,0.13062238693237305,0.07709133625030518,0.040995776653289795,0.076011061668396,0.1413055658340454,0.03735607862472534,0.0037319064140319824,0.06498712301254272,0.1409320831298828,0.08592700958251953,0.1458585262298584,0.06319868564605713,0.1931917667388916,0.22035950422286987,0.3743244409561157,0.22879022359848022,0.3381000757217407,0.13433897495269775,0.3268042802810669,0.35692018270492554,0.16601884365081787,0.25250422954559326,0.3046443462371826,0.3940432667732239,0.22074371576309204,0.33302217721939087,0.1850041151046753,0.21146726608276367,0.1760362982749939,0.14563262462615967,0.13118022680282593,0.17734169960021973,0.1535181999206543,0.10930377244949341,0.21157896518707275,0.16525530815124512,0.14842307567596436,0.16874372959136963,0.2040557861328125,0.17677462100982666,0.17302322387695312,0.07135838270187378,0.1682295799255371,0.10872757434844971,0.1572996973991394,0.15062230825424194,0.3311818242073059,0.11395430564880371,0.09020811319351196,0.08946478366851807,0.05412626266479492,0.15317416191101074,0.11619991064071655,0.18497490882873535,0.35838139057159424,0.15787208080291748,0.11752158403396606,0.0,0.04861283302307129,0.15800011157989502,0.16188466548919678,0.0,0.03676283359527588,0.13553142547607422,0.15007448196411133,0.0,0.2596072554588318,0.06341016292572021,0.1969584822654724,0.15007448196411133,0.13661575317382812,0.20378750562667847,0.2888055443763733,0.283247709274292,0.318361759185791,0.19764089584350586,0.07256150245666504,0.15481221675872803,0.14593905210494995,0.21226078271865845,0.43554872274398804,0.2809184789657593,0.22126197814941406,0.15058422088623047,0.18327182531356812,0.12848836183547974,0.1280980110168457,0.2259664535522461,0.027164995670318604,0.0,0.12603825330734253,0.12821638584136963,0.015273094177246094,0.08302116394042969,0.0,0.10785847902297974,0.07748115062713623,0.3513464331626892,0.4785155653953552,0.5093191266059875,0.3433932662010193,0.32141315937042236,1.0,0.3292508125305176,0.5621669292449951,0.6146056652069092,0.5495938658714294,0.2767067551612854,0.594441294670105,0.4672478437423706,0.5256021618843079,0.3557080626487732,0.3699238896369934,0.4444088935852051
TRA_07_669a5,0.0,0.0,0.053549349308013916,0.0,0.0,0.0,0.03618901968002319,0.0,0.015919804573059082,0.04637080430984497,0.0,0.07666069269180298,0.06125795841217041,0.004054248332977295,0.008821189403533936,0.2517867088317871,0.22272855043411255,0.20079082250595093,0.05119901895523071,0.18778443336486816,0.2000606656074524,0.12179833650588989,0.2744588851928711,0.2994884252548218,0.13220643997192383,0.26955240964889526,0.21431833505630493,0.23221546411514282,0.1014752984046936,0.11348533630371094,0.12595593929290771,0.04151695966720581,0.0,0.07878416776657104,0.05719953775405884,0.06514602899551392,0.08879578113555908,0.042714834213256836,0.12055099010467529,0.06124758720397949,0.06327158212661743,0.0,0.008554697036743164,0.14294791221618652,0.060028910636901855,0.0,0.11614316701889038,0.06354886293411255,0.22400575876235962,0.19871795177459717,0.05288344621658325,0.12298583984375,0.20425176620483398,0.0862886905670166,0.0,0.10412895679473877,0.16272717714309692,0.13974761962890625,0.14423203468322754,0.08117353916168213,0.13081896305084229,0.07155239582061768,0.16984987258911133,0.09207725524902344,0.029612720012664795,0.08468836545944214,0.1240314245223999,0.3009719252586365,0.1388484239578247,0.11731070280075073,0.12062329053878784,0.1240314245223999,0.11658632755279541,0.0,0.09309595823287964,0.05954933166503906,0.050049424171447754,0.08677297830581665,0.0,0.32672154903411865,0.04681670665740967,0.025880873203277588,0.024740874767303467,0.0,0.038151562213897705,0.19390344619750977,0.2583538889884949,0.14538359642028809,0.39271652698516846,0.17941612005233765,0.07703155279159546,0.04380887746810913,0.1973053216934204,0.1460942029953003,0.17933565378189087,0.0739748477935791,0.04213827848434448,0.04461294412612915,0.1241915225982666,0.262917697429657,0.5315179824829102,0.2981640696525574,0.31471872329711914,0.3434109687805176,0.3292508125305176,1.0,0.3953089714050293,0.31136083602905273,0.4668470025062561,0.44418227672576904,0.42673617601394653,0.33762454986572266,0.4233447313308716,0.34798097610473633,0.3221372961997986,0.4600095748901367
TRA_08_6d02c,0.12793707847595215,0.039228856563568115,0.03877681493759155,0.07686352729797363,0.00424349308013916,0.07113200426101685,0.09951722621917725,0.0,0.0,0.10469484329223633,0.06627392768859863,0.017481982707977295,0.03121626377105713,0.08393502235412598,0.12786787748336792,0.12813156843185425,0.2528548836708069,0.17377007007598877,0.1714416742324829,0.10693758726119995,0.15234804153442383,0.28217577934265137,0.20831060409545898,0.19068610668182373,0.1951884627342224,0.41268211603164673,0.06830078363418579,0.17442190647125244,0.12388229370117188,0.1963798999786377,0.12351882457733154,0.11173087358474731,0.14144349098205566,0.13183414936065674,0.06782031059265137,0.15731489658355713,0.09709131717681885,0.26521891355514526,0.07092303037643433,0.23420941829681396,0.13392668962478638,0.18265998363494873,0.15934264659881592,0.10876017808914185,0.11121052503585815,0.06253772974014282,0.1557774543762207,0.029806971549987793,0.173287034034729,0.14017271995544434,0.047815799713134766,0.07709568738937378,0.05340689420700073,0.06725692749023438,0.0,0.17662739753723145,0.22825920581817627,0.1447107195854187,0.24630224704742432,0.0,0.03207308053970337,0.08484983444213867,0.0432053804397583,0.0,0.015170931816101074,0.11244332790374756,0.03021860122680664,0.011615753173828125,0.15724873542785645,0.06342864036560059,0.042666077613830566,0.03021860122680664,0.055950701236724854,0.06504708528518677,0.15551972389221191,0.20943546295166016,0.09279686212539673,0.07315993309020996,0.0,0.03893113136291504,0.0684630274772644,0.0810583233833313,0.13472121953964233,0.07548791170120239,0.052494049072265625,0.10662132501602173,0.19889485836029053,0.15336501598358154,0.2205120325088501,0.22838258743286133,0.23027658462524414,0.028017163276672363,0.2818743586540222,0.13993537425994873,0.14310908317565918,0.22601670026779175,0.05748462677001953,0.1149294376373291,0.29297471046447754,0.2361382246017456,0.29170823097229004,0.48754167556762695,0.32454967498779297,0.31150585412979126,0.5621669292449951,0.3953089714050293,1.0,0.3812817335128784,0.39709556102752686,0.2949402928352356,0.5394039154052734,0.3413558006286621,0.5602436661720276,0.3602346181869507,0.3664838671684265,0.4932061433792114
TRA_09_74397,0.12999725341796875,0.19366371631622314,0.24036705493927002,0.11577719449996948,0.15979218482971191,0.16934466361999512,0.2882540225982666,0.18049710988998413,0.020314931869506836,0.23984241485595703,0.17217499017715454,0.10326039791107178,0.22733807563781738,0.12792837619781494,0.24086397886276245,0.16040253639221191,0.3361107110977173,0.20461463928222656,0.4096388816833496,0.19072890281677246,0.41488373279571533,0.14124876260757446,0.15039950609207153,0.23555529117584229,0.24356788396835327,0.21281272172927856,0.2141140103340149,0.29282665252685547,0.2503237724304199,0.2870302200317383,0.21553397178649902,0.07087993621826172,0.04566735029220581,0.22116202116012573,0.169017493724823,0.0625542402267456,0.12327253818511963,0.19118613004684448,0.09585344791412354,0.03391081094741821,0.16110122203826904,0.15037035942077637,0.04837089776992798,0.04614168405532837,0.2472711205482483,0.1756630539894104,0.16971975564956665,0.21945810317993164,0.4967416524887085,0.18410491943359375,0.20787250995635986,0.17546969652175903,0.14059722423553467,0.04383367300033569,0.20448851585388184,0.19943565130233765,0.5564325451850891,0.2409764528274536,0.06395834684371948,0.0,0.07452982664108276,0.2240886688232422,0.2794959545135498,0.06553411483764648,0.08948254585266113,0.19549226760864258,0.2053324580192566,0.10360705852508545,0.1518261432647705,0.0760350227355957,0.3864785432815552,0.2053324580192566,0.262054443359375,0.32004326581954956,0.3051047921180725,0.2552676200866699,0.2702789306640625,0.30848610401153564,0.163995623588562,0.29357844591140747,0.1687413454055786,0.24153286218643188,0.6299708485603333,0.33819055557250977,0.2582284212112427,0.25815820693969727,0.23135453462600708,0.13923418521881104,0.1830899715423584,0.18295609951019287,0.08171486854553223,0.0,0.08547407388687134,0.27679693698883057,0.07720226049423218,0.08688491582870483,0.08201879262924194,0.08199077844619751,0.07681435346603394,0.2521972060203552,0.45730769634246826,0.5072548985481262,0.47581779956817627,0.5172299742698669,0.6146056652069092,0.31136083602905273,0.3812817335128784,1.0,0.547886848449707,0.3752709627151489,0.40386712551116943,0.5569388270378113,0.5082334876060486,0.3510640859603882,0.43100428581237793,0.514900267124176
TRA_10_785d6,0.12704062461853027,0.07818609476089478,0.175761878490448,0.05972093343734741,0.09762507677078247,0.1577945351600647,0.13268858194351196,0.10700172185897827,0.07145494222640991,0.16043585538864136,0.08490294218063354,0.11609339714050293,0.19685673713684082,0.1344367265701294,0.18938511610031128,0.144659161567688,0.24184149503707886,0.09906196594238281,0.1258193850517273,0.16052913665771484,0.21426129341125488,0.1004563570022583,0.11849081516265869,0.11724478006362915,0.16830945014953613,0.19291836023330688,0.13632041215896606,0.14806562662124634,0.13375824689865112,0.16173237562179565,0.11919897794723511,0.13797104358673096,0.0,0.13725566864013672,0.15481609106063843,0.13249504566192627,0.18509924411773682,0.12864422798156738,0.08145910501480103,0.1331358551979065,0.06546491384506226,0.05550277233123779,0.1567138433456421,0.1298384666442871,0.12520313262939453,0.09927242994308472,0.11829179525375366,0.12102985382080078,0.28980863094329834,0.2208012342453003,0.11804729700088501,0.12640821933746338,0.1335321068763733,0.0587155818939209,0.06888651847839355,0.2007794976234436,0.3347848057746887,0.19092196226119995,0.06932437419891357,0.0,0.09512144327163696,0.1380036473274231,0.1987583041191101,0.0638723373413086,0.05217784643173218,0.08502405881881714,0.11888086795806885,0.09259545803070068,0.11679553985595703,0.06834429502487183,0.17036783695220947,0.11888086795806885,0.1291324496269226,0.11519593000411987,0.22932851314544678,0.20794451236724854,0.15952181816101074,0.2039421796798706,0.14071255922317505,0.16957437992095947,0.06294935941696167,0.207955002784729,0.270378053188324,0.050079345703125,0.17678707838058472,0.11424106359481812,0.175595223903656,0.0863068699836731,0.21337318420410156,0.11325913667678833,0.07173800468444824,0.0,0.18993759155273438,0.12319481372833252,0.12017202377319336,0.03592652082443237,0.0,0.0,0.0754244327545166,0.3234065771102905,0.44266027212142944,0.4359111785888672,0.471671462059021,0.38147449493408203,0.5495938658714294,0.4668470025062561,0.39709556102752686,0.547886848449707,1.0,0.4671618938446045,0.4601246118545532,0.5405833721160889,0.6089655756950378,0.46546125411987305,0.45369863510131836,0.5268377661705017
TRA_11_7d8bf,0.12745505571365356,0.2239198088645935,0.12753188610076904,0.0,0.371563196182251,0.21292495727539062,0.22755688428878784,0.21141904592514038,0.0,0.2705836296081543,0.2103886604309082,0.0088462233543396,0.21750998497009277,0.12158870697021484,0.13721531629562378,0.2998034954071045,0.2873958349227905,0.280120849609375,0.21238648891448975,0.21754801273345947,0.2635462284088135,0.10991644859313965,0.2953541874885559,0.27878302335739136,0.22957998514175415,0.22524487972259521,0.3229457139968872,0.20703554153442383,0.18891632556915283,0.09023594856262207,0.28913044929504395,0.05913078784942627,0.0,0.3714057207107544,0.14016085863113403,0.09814631938934326,0.12591248750686646,0.11698365211486816,0.11584067344665527,0.08434057235717773,0.13827085494995117,0.025187134742736816,0.041265130043029785,0.12400984764099121,0.3537946939468384,0.1120765209197998,0.17805099487304688,0.24658459424972534,0.21928822994232178,0.27483057975769043,0.16788816452026367,0.16484719514846802,0.3426894545555115,0.031523704528808594,0.13760274648666382,0.11603444814682007,0.2638058662414551,0.21320724487304688,0.0359768271446228,0.0009500980377197266,0.1528492569923401,0.1561916470527649,0.12557268142700195,0.07102394104003906,0.12876510620117188,0.07758873701095581,0.09463155269622803,0.2916663885116577,0.14150452613830566,0.10522836446762085,0.18778091669082642,0.09463155269622803,0.12397444248199463,0.09777164459228516,0.2254009246826172,0.039187073707580566,0.225305438041687,0.4178321361541748,0.1560688018798828,0.1961669921875,0.08518171310424805,0.12878084182739258,0.1522514820098877,0.07764297723770142,0.28370893001556396,0.14423024654388428,0.262448787689209,0.06613808870315552,0.2533266544342041,0.08861690759658813,0.04354250431060791,0.10519921779632568,0.033345699310302734,0.2414325475692749,0.1494661569595337,0.0,0.3325003385543823,0.07304978370666504,0.08838903903961182,0.24665844440460205,0.5067351460456848,0.29280102252960205,0.38073158264160156,0.47375011444091797,0.2767067551612854,0.44418227672576904,0.2949402928352356,0.3752709627151489,0.4671618938446045,1.0,0.37773776054382324,0.38969337940216064,0.42105722427368164,0.43390291929244995,0.2998332977294922,0.4514427185058594
TRA_12_9234f,0.1535252332687378,0.03727126121520996,0.09827429056167603,0.0525173544883728,0.08926433324813843,0.13959813117980957,0.15280568599700928,0.04490935802459717,0.008208692073822021,0.13469094038009644,0.15635991096496582,0.06862902641296387,0.08558952808380127,0.1156923770904541,0.14607685804367065,0.23063713312149048,0.2679762840270996,0.17196810245513916,0.22394061088562012,0.16634070873260498,0.22300171852111816,0.3136918544769287,0.2099258303642273,0.22737538814544678,0.20847368240356445,0.35167717933654785,0.1725757122039795,0.19879508018493652,0.21842604875564575,0.20630669593811035,0.17541009187698364,0.13571643829345703,0.045771241188049316,0.1440194845199585,0.100314199924469,0.1569688320159912,0.2077757716178894,0.11660981178283691,0.08009761571884155,0.19406092166900635,0.12506580352783203,0.09853410720825195,0.13501906394958496,0.18311119079589844,0.16202795505523682,0.10101372003555298,0.2250233292579651,0.11374950408935547,0.26335084438323975,0.16676181554794312,0.12591099739074707,0.16303980350494385,0.1275274157524109,0.17759257555007935,0.0664360523223877,0.1862959861755371,0.30755871534347534,0.20062881708145142,0.24749046564102173,0.04942655563354492,0.11173349618911743,0.10284125804901123,0.0847933292388916,0.0,0.05493819713592529,0.14991331100463867,0.06786024570465088,0.050558388233184814,0.3133021593093872,0.023572862148284912,0.08502650260925293,0.06786024570465088,0.09570711851119995,0.06159782409667969,0.15854835510253906,0.21625053882598877,0.13252592086791992,0.13000833988189697,0.01536715030670166,0.1185305118560791,0.06436586380004883,0.09077900648117065,0.23166006803512573,0.14428871870040894,0.0711711049079895,0.15128928422927856,0.3464593291282654,0.178871750831604,0.24091053009033203,0.3326761722564697,0.09221434593200684,0.07048308849334717,0.1905430555343628,0.22668451070785522,0.16839230060577393,0.06959134340286255,0.05641293525695801,0.06150341033935547,0.16748833656311035,0.31254810094833374,0.3673691749572754,0.5535039901733398,0.3503074645996094,0.2616984248161316,0.594441294670105,0.42673617601394653,0.5394039154052734,0.40386712551116943,0.4601246118545532,0.37773776054382324,1.0,0.46574240922927856,0.5459877252578735,0.4314253330230713,0.3520479202270508,0.49121201038360596
TRA_13_99007,0.12009108066558838,0.19318848848342896,0.26649099588394165,0.223771333694458,0.19504445791244507,0.21718299388885498,0.17179638147354126,0.1650572419166565,0.08650684356689453,0.29200905561447144,0.1366831660270691,0.1515129804611206,0.15972161293029785,0.16719317436218262,0.14409685134887695,0.09020781517028809,0.17765796184539795,0.209467351436615,0.1845712661743164,0.3010094165802002,0.3224731683731079,0.1542421579360962,0.17774319648742676,0.19906342029571533,0.1421242356300354,0.16212207078933716,0.13678473234176636,0.22783803939819336,0.3486264944076538,0.33983802795410156,0.2926396131515503,0.15625512599945068,0.08473324775695801,0.3237096071243286,0.2999494671821594,0.23233181238174438,0.25950193405151367,0.26738446950912476,0.2723807096481323,0.16500264406204224,0.1987980604171753,0.1376488208770752,0.2863311767578125,0.35602426528930664,0.2883772850036621,0.44193708896636963,0.4220203161239624,0.33592498302459717,0.42743682861328125,0.39663201570510864,0.3084139823913574,0.359840989112854,0.25137293338775635,0.20865511894226074,0.3062429428100586,0.5215682983398438,0.6919108629226685,0.5751898288726807,0.2765815258026123,0.01618039608001709,0.18502992391586304,0.2196899652481079,0.2923726439476013,0.09532701969146729,0.1732499599456787,0.036865413188934326,0.1745038628578186,0.0729377269744873,0.12028700113296509,0.06568437814712524,0.23746812343597412,0.1745038628578186,0.2369837760925293,0.13988137245178223,0.23473143577575684,0.36689186096191406,0.16081786155700684,0.2146162986755371,0.18759196996688843,0.3215371370315552,0.0,0.24955427646636963,0.3307366371154785,0.1578528881072998,0.18065690994262695,0.2549147605895996,0.25711381435394287,0.16871869564056396,0.26742756366729736,0.22497957944869995,0.21707218885421753,0.07762998342514038,0.29025232791900635,0.4046083092689514,0.29220902919769287,0.20325100421905518,0.1351591944694519,0.12643271684646606,0.16401058435440063,0.45979762077331543,0.4942561388015747,0.4503118395805359,0.49917173385620117,0.4199635982513428,0.4672478437423706,0.33762454986572266,0.3413558006286621,0.5569388270378113,0.5405833721160889,0.38969337940216064,0.46574240922927856,1.0,0.5513074994087219,0.47928714752197266,0.4364508390426636,0.5801666975021362
TRA_14_9c743,0.14752888679504395,0.06804513931274414,0.13511008024215698,0.07401245832443237,0.12818646430969238,0.13573402166366577,0.08358931541442871,0.0976596474647522,0.02074199914932251,0.12659794092178345,0.08060002326965332,0.046201467514038086,0.14458441734313965,0.08945530652999878,0.21375775337219238,0.18954205513000488,0.29743504524230957,0.2490556240081787,0.18355178833007812,0.23848694562911987,0.27005326747894287,0.2462693452835083,0.28543758392333984,0.25825411081314087,0.3459901213645935,0.30909454822540283,0.1514306664466858,0.26392847299575806,0.17952924966812134,0.16627705097198486,0.1460208296775818,0.12217050790786743,0.045051515102386475,0.17362487316131592,0.12273800373077393,0.1009519100189209,0.1182178258895874,0.18617910146713257,0.036084532737731934,0.1322993040084839,0.09737294912338257,0.27694225311279297,0.08249419927597046,0.1485753059387207,0.19246089458465576,0.19101756811141968,0.2674299478530884,0.18345260620117188,0.2625032663345337,0.22840940952301025,0.20955520868301392,0.14081788063049316,0.17560267448425293,0.1032419204711914,0.07541030645370483,0.261030912399292,0.3866126537322998,0.2892826199531555,0.1545373797416687,0.0,0.10917019844055176,0.13940954208374023,0.14140915870666504,0.06654763221740723,0.11253196001052856,0.06597006320953369,0.09461796283721924,0.028039157390594482,0.17043793201446533,0.0999293327331543,0.08086270093917847,0.09461796283721924,0.10641336441040039,0.0,0.14937257766723633,0.1828702688217163,0.099270761013031,0.11083400249481201,0.050968050956726074,0.1494283676147461,0.01004338264465332,0.0655372142791748,0.20963478088378906,0.06626248359680176,0.11373043060302734,0.2032192349433899,0.3399125337600708,0.12660616636276245,0.16095125675201416,0.17602825164794922,0.14192557334899902,0.023242473602294922,0.18444275856018066,0.14925813674926758,0.13053172826766968,0.09347838163375854,0.08228617906570435,0.06982964277267456,0.14799493551254272,0.25939077138900757,0.4938453435897827,0.5300647616386414,0.5635333061218262,0.29238462448120117,0.5256021618843079,0.4233447313308716,0.5602436661720276,0.5082334876060486,0.6089655756950378,0.42105722427368164,0.5459877252578735,0.5513074994087219,1.0,0.41268616914749146,0.5687210559844971,0.6777889132499695
TRA_15_a15d9,0.18117594718933105,0.156355082988739,0.2131967544555664,0.2360890507698059,0.15417742729187012,0.2947407364845276,0.08641308546066284,0.18310832977294922,0.30882424116134644,0.215398907661438,0.1883089542388916,0.18182730674743652,0.1055598258972168,0.08845114707946777,0.19998109340667725,0.2510252594947815,0.3373711109161377,0.35690391063690186,0.22538310289382935,0.3475896716117859,0.2855798602104187,0.22243022918701172,0.2731637954711914,0.30200135707855225,0.2969951629638672,0.20435434579849243,0.2585933208465576,0.23939275741577148,0.06519472599029541,0.10862714052200317,0.10748058557510376,0.08917003870010376,0.031554460525512695,0.14315664768218994,0.11397624015808105,0.09614193439483643,0.15621137619018555,0.10965466499328613,0.10332131385803223,0.09344297647476196,0.22241026163101196,0.0932723879814148,0.10911160707473755,0.1665644645690918,0.11574435234069824,0.17226028442382812,0.25078141689300537,0.18990391492843628,0.24904316663742065,0.31268882751464844,0.18193745613098145,0.18127351999282837,0.07184392213821411,0.08301079273223877,0.0747377872467041,0.3509138822555542,0.2909177541732788,0.26772046089172363,0.27286022901535034,0.07313501834869385,0.038763463497161865,0.09321528673171997,0.07791197299957275,0.012886464595794678,0.0,0.0975043773651123,0.04412531852722168,0.0,0.10490292310714722,0.051083266735076904,0.07492023706436157,0.04412531852722168,0.06807911396026611,0.055310189723968506,0.1738651990890503,0.06342935562133789,0.16178160905838013,0.05975484848022461,0.12376296520233154,0.13626688718795776,0.0,0.13255178928375244,0.14044463634490967,0.08386385440826416,0.13700997829437256,0.078000009059906,0.07521474361419678,0.04525715112686157,0.1812453269958496,0.05713295936584473,0.07792818546295166,0.0837411880493164,0.08464294672012329,0.11729419231414795,0.13495755195617676,0.03696984052658081,0.05641627311706543,0.09458523988723755,0.08448797464370728,0.3660619258880615,0.38169699907302856,0.3397355079650879,0.36756032705307007,0.3169819116592407,0.3557080626487732,0.34798097610473633,0.3602346181869507,0.3510640859603882,0.46546125411987305,0.43390291929244995,0.4314253330230713,0.47928714752197266,0.41268616914749146,1.0,0.3780437707901001,0.43487823009490967
TRA_16_aad47,0.12030404806137085,0.19841301441192627,0.11688560247421265,0.08103370666503906,0.06425249576568604,0.08841204643249512,0.18347907066345215,0.06647950410842896,0.028112828731536865,0.23270392417907715,0.085052490234375,0.0,0.1531403660774231,0.03238731622695923,0.19954025745391846,0.1194106936454773,0.20928049087524414,0.2382606863975525,0.06864714622497559,0.2324444055557251,0.20102351903915405,0.19599223136901855,0.23088312149047852,0.20437133312225342,0.27796638011932373,0.19687479734420776,0.08387041091918945,0.24220889806747437,0.13807225227355957,0.2374308705329895,0.0811460018157959,0.07399129867553711,0.08032399415969849,0.09636670351028442,0.11108565330505371,0.05772542953491211,0.0828404426574707,0.24973934888839722,0.0,0.04655236005783081,0.2041175365447998,0.18568384647369385,0.052596092224121094,0.032568156719207764,0.15401768684387207,0.1577879786491394,0.18249017000198364,0.2230837345123291,0.2454921007156372,0.23997879028320312,0.18466293811798096,0.04678875207901001,0.17827105522155762,0.05375319719314575,0.04007112979888916,0.28457051515579224,0.3071272373199463,0.2648162841796875,0.15302181243896484,0.0,0.10106980800628662,0.20162808895111084,0.23459941148757935,0.15021812915802002,0.1113659143447876,0.06498140096664429,0.110637366771698,0.04324626922607422,0.08727514743804932,0.1931135058403015,0.08491909503936768,0.110637366771698,0.22535330057144165,0.08243393898010254,0.15732920169830322,0.12462884187698364,0.13882333040237427,0.09766888618469238,0.11258357763290405,0.1969236135482788,0.0,0.0283319354057312,0.15589243173599243,0.07972222566604614,0.19618290662765503,0.2518157958984375,0.23878872394561768,0.24511128664016724,0.2153928279876709,0.24491572380065918,0.22012042999267578,0.1495676040649414,0.17734384536743164,0.16630083322525024,0.14640849828720093,0.16175830364227295,0.06708371639251709,0.10665661096572876,0.19467401504516602,0.10340750217437744,0.3483020067214966,0.3627967834472656,0.8060047030448914,0.23036110401153564,0.3699238896369934,0.3221372961997986,0.3664838671684265,0.43100428581237793,0.45369863510131836,0.2998332977294922,0.3520479202270508,0.4364508390426636,0.5687210559844971,0.3780437707901001,1.0,0.6162461638450623
TRA_17_b751a,0.12455016374588013,0.26410508155822754,0.27075064182281494,0.07927852869033813,0.18210160732269287,0.1455467939376831,0.18894678354263306,0.1798083782196045,0.0,0.29224693775177,0.18891596794128418,0.06108677387237549,0.1712467074394226,0.11606961488723755,0.15236520767211914,0.15441477298736572,0.21512556076049805,0.32662612199783325,0.19429636001586914,0.30033594369888306,0.31568658351898193,0.20413225889205933,0.3740466833114624,0.27055156230926514,0.2585412859916687,0.2315824031829834,0.14191800355911255,0.26827895641326904,0.2674136161804199,0.21829038858413696,0.22309350967407227,0.06545722484588623,0.03910470008850098,0.17386722564697266,0.27945399284362793,0.09349566698074341,0.15480166673660278,0.2706220746040344,0.04167366027832031,0.0964658260345459,0.1649634838104248,0.13613390922546387,0.04332393407821655,0.1782248616218567,0.26442795991897583,0.3420501947402954,0.30263280868530273,0.33646970987319946,0.40976226329803467,0.3478391170501709,0.3295002579689026,0.175034761428833,0.21375596523284912,0.10594451427459717,0.18847310543060303,0.398525595664978,0.48287469148635864,0.4670594334602356,0.3011462092399597,0.0,0.18897861242294312,0.2544745206832886,0.29267722368240356,0.1548914909362793,0.1852869987487793,0.1641659140586853,0.21730458736419678,0.19263505935668945,0.1737060546875,0.17490112781524658,0.24244558811187744,0.21730458736419678,0.3312525749206543,0.05682849884033203,0.17361807823181152,0.13532805442810059,0.11573565006256104,0.19606423377990723,0.18987083435058594,0.313346803188324,0.022509872913360596,0.09673875570297241,0.2554789185523987,0.07823735475540161,0.22185003757476807,0.36888039112091064,0.3980976939201355,0.2616380453109741,0.3027315139770508,0.31131160259246826,0.2734249234199524,0.17539095878601074,0.19371598958969116,0.36019521951675415,0.2468470335006714,0.212774395942688,0.2570382356643677,0.13760769367218018,0.18290120363235474,0.20284688472747803,0.4787406325340271,0.4293535351753235,0.7094157338142395,0.3789083957672119,0.4444088935852051,0.4600095748901367,0.4932061433792114,0.514900267124176,0.5268377661705017,0.4514427185058594,0.49121201038360596,0.5801666975021362,0.6777889132499695,0.43487823009490967,0.6162461638450623,1.0
