,AGR_01_06825,AGR_02_225ce,AGR_03_3834d,AGR_04_4248c,AGR_05_7d386,AGR_06_86d5e,AGR_07_8b7c5,AGR_08_8dbee,AGR_09_8dd61,AGR_10_9781f,AGR_11_a8ba8,AGR_12_c170b,AGR_13_d7fa3,AGR_14_f501a,AGR_15_fe6d3,DIS_01_0c5e4,DIS_02_24fa8,DIS_03_28e55,DIS_04_3296a,DIS_05_4c0e5,DIS_06_605ba,DIS_07_67eb1,DIS_08_71203,DIS_09_891e7,DIS_10_9a1d5,DIS_11_b2825,DIS_12_daad3,DIS_13_f7310,ENE_01_0ce22,ENE_02_24d51,ENE_03_31059,ENE_04_3143a,ENE_05_47c10,ENE_06_68cc5,ENE_07_6b773,ENE_08_76dd7,ENE_09_82f47,ENE_10_a6418,ENE_11_b6eb2,ENE_12_bf662,ENE_13_d269b,ENE_14_dc481,ENE_15_f6fae,ENV_01_0cfd4,ENV_02_0f9b0,ENV_03_2f819,ENV_04_46549,ENV_05_4e2b7,ENV_06_5bd1c,ENV_07_6070a,ENV_08_6c0c3,ENV_09_80007,ENV_10_8f360,ENV_11_97928,ENV_12_d933a,ENV_13_e223a,ENV_14_e4670,ENV_15_f1429,ENV_16_f8183,HEA_01_07f11,HEA_02_0a422,HEA_03_12168,HEA_04_19bb1,HEA_05_65dc0,HEA_06_6bf25,HEA_07_7822c,HEA_08_7c732,HEA_09_8b6f3,HEA_10_95108,HEA_11_a46bf,HEA_12_cb742,HEA_13_e6d1e,HEA_14_eb0b8,MAN_01_00138,MAN_02_0bce5,MAN_03_368c1,MAN_04_38948,MAN_05_5144b,MAN_06_5a689,MAN_07_5faab,MAN_08_678a7,MAN_09_678b1,MAN_10_b0685,MAN_11_d7e72,MAN_12_da3b4,SMA_01_0592f,SMA_02_1b70d,SMA_03_20b1e,SMA_04_28b4e,SMA_05_29f8e,SMA_06_2df5b,SMA_07_57127,SMA_08_6d7ad,SMA_09_87975,SMA_10_8b8dc,SMA_11_a504b,SMA_12_c6e00,SMA_13_c9088,SMA_14_cdb07,TRA_01_10265,TRA_02_12fb4,TRA_03_21d93,TRA_04_2ad9e,TRA_05_4f9a6,TRA_06_50971,TRA_07_669a5,TRA_08_6d02c,TRA_09_74397,TRA_10_785d6,TRA_11_7d8bf,TRA_12_9234f,TRA_13_99007,TRA_14_9c743,TRA_15_a15d9,TRA_16_aad47,TRA_17_b751a
AGR_01_06825,1.0,0.43784702,0.3802426,0.23994505,0.5572053,0.6255176,0.37474063,0.45581174,0.55784714,0.36162385,0.3885314,0.3280105,0.41815984,0.6034307,0.42570132,0.24772197,0.21390788,0.24476364,0.36290285,0.1924922,0.29839504,0.34634498,0.2082079,0.20181811,0.4714635,0.3129679,0.32556742,0.21147391,0.31313926,0.2823689,0.18873724,0.4778456,0.22648025,0.273304,0.37749818,0.23774225,0.28863975,0.26559716,0.297972,0.41065222,0.21443294,0.4166109,0.35368901,0.29325777,0.41810864,0.4553042,0.28868824,0.1559803,0.29924828,0.28803107,0.48800373,0.36563778,0.3070775,0.3377602,0.23934065,0.32804397,0.25281638,0.3340636,0.21601778,0.29146466,0.22330596,0.23784778,0.25725538,0.21440166,0.19649464,0.24366581,0.16699709,0.16893649,0.3055836,0.18742861,0.22480589,0.20391233,0.26810208,0.18531546,0.30402794,0.40078363,0.34490436,0.2876436,0.2759388,0.29927498,0.14400749,0.28611508,0.31174672,0.337025,0.13948543,0.25671563,0.33814174,0.21802326,0.22449186,0.26197615,0.29960945,0.19674236,0.4070425,0.32636827,0.27445075,0.24606106,0.41738307,0.29612827,0.25195098,0.27038756,0.25950631,0.25565478,0.374826,0.2326791,0.2322441,0.21912342,0.3313164,0.27831596,0.3770191,0.26878893,0.32425088,0.31805468,0.3704067,0.3548761,0.28733277,0.3372705
AGR_02_225ce,0.43784702,1.0000001,0.4872539,0.3338783,0.4353792,0.70842797,0.31521344,0.5032491,0.50274855,0.5135331,0.37776724,0.38645637,0.37252614,0.71590126,0.325991,0.15321825,0.20469278,0.2320584,0.3140143,0.22919458,0.3496493,0.04611349,0.42387664,0.27712134,0.3131842,0.03221637,0.23000655,0.24084336,0.27674934,0.3354892,0.25849226,0.36869037,0.28199583,0.2983687,0.43301105,0.22846247,0.28630614,0.42057827,0.35139984,0.29121542,0.3894406,0.21946906,0.19305721,0.27542642,0.38754803,0.38618594,0.25263435,0.25523138,0.40123624,0.3140294,0.5292869,0.61620325,0.3575114,0.24294242,0.35604966,0.50819635,0.33368087,0.40606087,0.16529931,0.23171015,0.29486078,0.29844138,0.35505155,0.33703938,0.21693337,0.25246948,0.37452972,0.2680307,0.23379573,0.37227553,0.32964566,0.3487209,0.33958238,0.17500691,0.4155816,0.35993963,0.32499638,0.31116918,0.35031742,0.3714418,0.13351256,0.28526664,0.41918787,0.3078758,0.3272144,0.17824382,0.21855938,0.20570412,0.31698316,0.15803641,0.1947872,0.15769795,0.20937891,0.41687745,0.36605626,0.18046753,0.3708794,0.3030647,0.15116447,0.26605543,0.19584627,0.23140606,0.29233968,0.3403518,0.18176691,0.31500834,0.20950496,0.40748572,0.2490071,0.38656944,0.20221199,0.39602837,0.19881858,0.34399793,0.2106099,0.35623237
AGR_03_3834d,0.3802426,0.4872539,0.9999999,0.37848866,0.49326512,0.40719974,0.46812537,0.6953997,0.584463,0.5112903,0.54486847,0.5944553,0.5306316,0.4647262,0.34316337,0.20024846,0.36041242,0.3442024,0.4236723,0.3912087,0.49100637,0.16161132,0.25565624,0.3319289,0.38110566,0.31436956,0.24317329,0.3780222,0.4536936,0.36122268,0.29811507,0.36629677,0.32175007,0.27218282,0.5234077,0.24145049,0.28006786,0.38012475,0.47143143,0.20407248,0.2656215,0.2675751,0.3013987,0.36509442,0.46163547,0.5022013,0.39296,0.34149843,0.62223566,0.51247907,0.5084647,0.53483,0.35351145,0.2877105,0.34886256,0.51623404,0.47502407,0.47788864,0.2584656,0.42768022,0.43092036,0.34196785,0.3506165,0.37954825,0.2746153,0.32390696,0.3517599,0.36629617,0.36169216,0.3021599,0.4050523,0.35331416,0.44161373,0.27248445,0.42188805,0.42177364,0.41076726,0.46123716,0.46613574,0.5406399,0.23011382,0.33010256,0.48779395,0.43048197,0.36768425,0.28985918,0.35644668,0.27102247,0.3704418,0.22320998,0.33059147,0.24823678,0.3409401,0.4212402,0.45525128,0.23672111,0.40594527,0.37585697,0.34882382,0.3652379,0.28884917,0.3688133,0.35894036,0.46364528,0.3064791,0.46593773,0.3614038,0.46875745,0.34230256,0.33454186,0.34295642,0.4611758,0.26054052,0.40922222,0.2382688,0.39611354
AGR_04_4248c,0.23994505,0.3338783,0.37848866,0.9999998,0.25949225,0.2926402,0.28496003,0.3444317,0.45879853,0.32131398,0.27888808,0.30641994,0.23479089,0.2529898,0.311326,0.067202054,0.25160307,0.22889332,0.23130266,0.354398,0.31127852,0.091864906,0.16710518,0.12847239,0.26656345,0.19899961,0.16794194,0.119520634,0.23112708,0.30688336,0.15249711,0.29270533,0.42365697,0.18541484,0.32932281,0.34971133,0.24085653,0.34732205,0.33822492,0.2539965,0.3196366,0.3016482,0.20928022,0.3448243,0.23643887,0.2861892,0.21934417,0.15346278,0.33989465,0.3640805,0.23633552,0.277327,0.4129191,0.14413968,0.17712891,0.41378385,0.30238485,0.34669968,0.30968732,0.22423774,0.26908028,0.23396938,0.18184055,0.22495048,0.14774491,0.11032032,0.24635783,0.15827072,0.18788218,0.20549521,0.20289889,0.26599145,0.2782154,0.26660421,0.27464542,0.28300527,0.35870868,0.23016107,0.17677672,0.26888,0.18619868,0.43619764,0.33899847,0.28848428,0.27649486,0.2640859,0.33847928,0.35891494,0.25878665,0.26586536,0.45143062,0.3471357,0.26379836,0.30080184,0.45068616,0.40646416,0.3153378,0.49536204,0.3039688,0.38894135,0.14846818,0.2543238,0.17382494,0.1419069,0.16809417,0.19666499,0.2365027,0.29321963,0.1580576,0.1993495,0.1564385,0.3044346,0.25030997,0.37834206,0.10174114,0.19452953
AGR_05_7d386,0.5572053,0.4353792,0.49326512,0.25949225,1.0000001,0.4633746,0.4095081,0.60780275,0.5387717,0.39461657,0.3973475,0.39885026,0.5197285,0.43007886,0.31102088,0.2639209,0.2602067,0.3620273,0.3944861,0.3081417,0.39497092,0.17318101,0.432512,0.3362263,0.50281876,0.26626137,0.43242383,0.31459576,0.5472005,0.24006815,0.3832001,0.44903612,0.26965585,0.74503,0.40483847,0.25777367,0.14975105,0.28401792,0.42449373,0.23491128,0.16848373,0.21656045,0.22741082,0.28063866,0.5662197,0.54582226,0.2984091,0.25536162,0.41497532,0.45227104,0.61478263,0.4440412,0.37979424,0.17800264,0.37333483,0.3622321,0.34142113,0.37096646,0.17550597,0.2531057,0.35431808,0.24317098,0.18177378,0.2687428,0.25722432,0.24826014,0.19922434,0.32376558,0.21645895,0.18000594,0.2900036,0.2028693,0.30183005,0.19261065,0.33740956,0.32440835,0.3900115,0.5424334,0.34319907,0.34647992,0.2708726,0.26929933,0.35096776,0.41219407,0.30603936,0.22334573,0.24847671,0.2896927,0.30681726,0.15315154,0.33613127,0.2042352,0.2594267,0.4042275,0.3798759,0.24596015,0.7836676,0.3162015,0.293203,0.2947334,0.3130362,0.33713052,0.36306936,0.44875175,0.15479963,0.39290497,0.38029727,0.4053402,0.3123178,0.56132054,0.29885417,0.3309779,0.2505287,0.4332009,0.32143596,0.28383148
AGR_06_86d5e,0.6255176,0.70842797,0.40719974,0.2926402,0.4633746,1.0000002,0.33297935,0.4726302,0.47260684,0.3155861,0.43937197,0.28607443,0.37567323,0.7531827,0.4024866,0.24203403,0.22897622,0.18814439,0.25571224,0.16158491,0.29475176,0.13673624,0.36847657,0.2851018,0.42844185,0.16311613,0.27686656,0.2320871,0.28537574,0.29623747,0.13670705,0.38739327,0.22712314,0.27334723,0.31835622,0.22266266,0.29942098,0.24711598,0.30649963,0.3361914,0.18853919,0.31300795,0.29819775,0.33937788,0.3588385,0.40054065,0.24558961,0.14516777,0.27299854,0.22275773,0.46317694,0.60312724,0.2594727,0.3082535,0.28322548,0.399768,0.2676165,0.33838153,0.19594862,0.24507594,0.20538604,0.19414145,0.20072341,0.16812757,0.21100947,0.15038782,0.08982469,0.15299931,0.18078291,0.12206074,0.13067219,0.08791657,0.18131365,0.1781088,0.26581833,0.33955273,0.2885337,0.23563656,0.26695427,0.2496964,0.08463351,0.2829134,0.35266775,0.26612788,0.20300967,0.13364582,0.2936158,0.22816473,0.19288293,0.20894378,0.2107574,0.15667269,0.2968982,0.30396882,0.3411662,0.13605194,0.431161,0.2182365,0.23186217,0.2809952,0.16679937,0.22551715,0.31625563,0.28917813,0.16535386,0.2392642,0.21956937,0.3142883,0.31069392,0.3296857,0.27333382,0.28653058,0.28873146,0.37458083,0.19088374,0.2917276
AGR_07_8b7c5,0.37474063,0.31521344,0.46812537,0.28496003,0.4095081,0.33297935,1.0000001,0.5274166,0.4119638,0.46830112,0.51195234,0.3696217,0.50495833,0.38117543,0.4863522,0.05594629,0.19885284,0.23142207,0.24542895,0.24107948,0.27319118,0.14718522,0.2188596,0.18571682,0.24874395,0.2864399,0.20467055,0.20514387,0.3070924,0.2848943,0.15946612,0.22641778,0.21340221,0.17705959,0.31095976,0.15986112,0.17276752,0.2042298,0.25569087,0.24756649,0.19371347,0.2822412,0.16462488,0.22026631,0.4163736,0.22257563,0.21900159,0.2901895,0.31854314,0.28855962,0.268351,0.2758676,0.24750504,0.1982849,0.2686046,0.27013326,0.2036793,0.27640516,0.19514248,0.20328271,0.26590425,0.18936649,0.20288971,0.19115832,0.21511425,0.15382338,0.15111676,0.24254583,0.2353154,0.19222021,0.28902733,0.17420119,0.32790372,0.43544728,0.37722105,0.31320414,0.43176025,0.4291972,0.27766588,0.38753557,0.3889975,0.2640403,0.37120342,0.344213,0.27477026,0.14582603,0.27158588,0.257553,0.22566614,0.16732961,0.26967132,0.30004555,0.2484647,0.37871173,0.19750732,0.25442037,0.2779801,0.27527806,0.2844837,0.24098527,0.24802828,0.39547086,0.27698836,0.22546422,0.22774139,0.35415885,0.3190614,0.34982222,0.31088185,0.34945732,0.29605737,0.2560748,0.17923565,0.29717085,0.2386582,0.27579218
AGR_08_8dbee,0.45581174,0.5032491,0.6953997,0.3444317,0.60780275,0.4726302,0.5274166,1.0000004,0.6876649,0.48885047,0.5081471,0.5588809,0.61314714,0.5493173,0.43169752,0.13826096,0.2648053,0.36953932,0.3475535,0.3874213,0.40563637,0.15326318,0.37611145,0.3216985,0.35042867,0.22541094,0.24585523,0.29100227,0.45685512,0.26272297,0.31999487,0.31232545,0.27915597,0.3563107,0.5169617,0.15088862,0.21980147,0.3158756,0.44820794,0.2796611,0.23144664,0.2455428,0.28337485,0.33065408,0.54187524,0.4386066,0.31687844,0.25331342,0.42537627,0.424638,0.4881757,0.50955945,0.37725723,0.21138023,0.35336524,0.42710346,0.34888607,0.3737781,0.17104083,0.4228873,0.4447489,0.35456133,0.27142617,0.33946085,0.26930326,0.29863596,0.29983595,0.37676337,0.2874213,0.25451908,0.3339883,0.29236913,0.33208463,0.24495277,0.37109143,0.3621874,0.43750918,0.54515237,0.4195145,0.44952962,0.23719198,0.28720844,0.38421357,0.3597452,0.32293394,0.24896699,0.27694824,0.2500706,0.34570548,0.164637,0.31672123,0.261683,0.31361642,0.4322265,0.3482778,0.2207422,0.45202276,0.38508508,0.2927773,0.35384884,0.3538642,0.3245989,0.28874135,0.41559482,0.21436068,0.42092493,0.32539874,0.4242565,0.311957,0.4148397,0.23248568,0.3720271,0.2143067,0.44085926,0.20954609,0.28615025
AGR_09_8dd61,0.55784714,0.50274855,0.584463,0.45879853,0.5387717,0.47260684,0.4119638,0.6876649,1.0,0.46690905,0.4242428,0.5643848,0.5162412,0.5028604,0.41153064,0.239923,0.28126234,0.37377945,0.4002544,0.57912195,0.4686882,0.22736877,0.34924704,0.307967,0.39832008,0.27753252,0.31232032,0.3212536,0.47421414,0.3357966,0.2936516,0.3939151,0.30317962,0.35390934,0.5250892,0.311375,0.3578982,0.3582907,0.5304653,0.33086228,0.31772557,0.37453285,0.31985974,0.33644357,0.47087255,0.4379713,0.3341313,0.21369462,0.45123237,0.5993076,0.511225,0.45000517,0.44467452,0.25131068,0.33986434,0.44615227,0.332756,0.39823347,0.36616558,0.3300619,0.43039426,0.33133805,0.32041025,0.36226636,0.29477808,0.21036562,0.2905155,0.31111875,0.3245577,0.3213643,0.27650028,0.30470148,0.3824169,0.21108931,0.40582535,0.43165198,0.47649783,0.45970845,0.47742122,0.50449985,0.16628502,0.31258547,0.37879673,0.42184508,0.3999896,0.37379354,0.32657814,0.25347587,0.3594091,0.19465758,0.42628986,0.33540788,0.37594053,0.41097933,0.39312652,0.35603407,0.45157462,0.48011503,0.3394209,0.40436235,0.38727856,0.3052985,0.32241613,0.34115925,0.16929942,0.44030216,0.35564122,0.39723954,0.34110644,0.3737011,0.23893258,0.43574294,0.25697926,0.5278728,0.2701373,0.3299837
AGR_10_9781f,0.36162385,0.5135331,0.5112903,0.32131398,0.39461657,0.3155861,0.46830112,0.48885047,0.46690905,0.9999999,0.4807103,0.47456366,0.49360174,0.3557942,0.35764104,0.11508592,0.19560152,0.20043379,0.30201647,0.24778536,0.36361435,0.08402558,0.2154903,0.14843968,0.23645791,0.12721218,0.1692783,0.18881398,0.3205119,0.33019537,0.19631812,0.30559593,0.36140996,0.16080667,0.44196594,0.22276965,0.2365254,0.50335073,0.24574015,0.23850225,0.4735574,0.22896892,0.24055576,0.19104114,0.3281918,0.30247763,0.18859485,0.4861456,0.40144312,0.2932169,0.38995913,0.29998565,0.2451345,0.16458221,0.31117237,0.39658633,0.3036997,0.26938802,0.21137306,0.260105,0.2754659,0.28672022,0.30775198,0.2828412,0.21973477,0.24203423,0.39244032,0.22111711,0.27676606,0.31311944,0.3874882,0.44630975,0.4308157,0.24505462,0.4637469,0.3900262,0.3548402,0.31565702,0.37744832,0.40291888,0.30987403,0.25062662,0.3885411,0.4013935,0.4419994,0.23081926,0.19873302,0.25549155,0.26622427,0.12997997,0.24801642,0.18224844,0.20220715,0.33481586,0.24142894,0.20938838,0.19597793,0.25579545,0.17079775,0.20764011,0.20230049,0.2713253,0.35812128,0.31851852,0.21303807,0.228791,0.22128743,0.4151706,0.28229186,0.2727248,0.2144413,0.37084413,0.191778,0.30769038,0.35576054,0.31210446
AGR_11_a8ba8,0.3885314,0.37776724,0.54486847,0.27888808,0.3973475,0.43937197,0.51195234,0.5081471,0.4242428,0.4807103,1.0,0.38418666,0.47231007,0.4588713,0.3624431,0.21581185,0.23985766,0.21736434,0.312874,0.23654348,0.45099598,0.18118097,0.19158743,0.21719307,0.31242126,0.31652585,0.21412693,0.20428893,0.3101155,0.19175845,0.1164974,0.31161752,0.2765872,0.16591166,0.3246209,0.19209915,0.13164212,0.23442522,0.22500315,0.22051951,0.16058931,0.25896123,0.2617419,0.31846136,0.5125789,0.37032387,0.42699918,0.29354975,0.4311659,0.35402155,0.37540776,0.3932382,0.16762608,0.31418857,0.34118026,0.36281785,0.32806608,0.2736542,0.27270505,0.25796342,0.26144445,0.19392474,0.13965714,0.120235234,0.1701659,0.16668992,0.122484475,0.20076361,0.28712755,0.081585005,0.22195631,0.15248919,0.28556222,0.27112162,0.20898747,0.26930904,0.30861825,0.3437488,0.21677321,0.27008143,0.25557113,0.22264019,0.31957513,0.34933025,0.18031159,0.1317197,0.3072923,0.31536707,0.1602025,0.25515252,0.2881921,0.23673636,0.26369777,0.2343609,0.28582183,0.19646503,0.25804788,0.20803894,0.24827829,0.22938746,0.113756426,0.3007867,0.29474103,0.25086462,0.26059458,0.21518171,0.30719352,0.27741194,0.27449366,0.28330547,0.30241624,0.2592482,0.1840136,0.319617,0.18126097,0.31040177
AGR_12_c170b,0.3280105,0.38645637,0.5944553,0.30641994,0.39885026,0.28607443,0.3696217,0.5588809,0.5643848,0.47456366,0.38418666,0.99999976,0.38649374,0.36484694,0.25803378,0.13673061,0.26283294,0.3162128,0.39658123,0.39670682,0.4296351,0.1710486,0.31486636,0.26550037,0.2846198,0.18767247,0.25194785,0.2506592,0.39660546,0.36400518,0.22391728,0.36471227,0.24648453,0.2602413,0.43873587,0.21209083,0.42599812,0.36416173,0.48558533,0.16916579,0.30719668,0.27068883,0.31152648,0.37898582,0.30976117,0.4799109,0.37380734,0.4108827,0.64915466,0.59255654,0.4333411,0.3839086,0.3309666,0.19510785,0.27176392,0.45290384,0.41531983,0.44343898,0.31920868,0.49080426,0.42766264,0.4813925,0.42768884,0.45746818,0.38990602,0.37806335,0.45785218,0.39304838,0.41497558,0.38989258,0.4836949,0.43038172,0.48907137,0.17483477,0.4239054,0.48201534,0.42124808,0.3442594,0.39031476,0.5295339,0.22067139,0.2761625,0.41773394,0.40523142,0.42075512,0.3765056,0.2765837,0.27095622,0.49916145,0.18896177,0.3238869,0.21432911,0.34790018,0.39736807,0.48888034,0.34307098,0.3377825,0.44456866,0.22355732,0.42257,0.26785266,0.2973107,0.308639,0.3396898,0.2703694,0.42756096,0.32142073,0.40113378,0.32093674,0.27042234,0.2683928,0.40264684,0.23197833,0.45218527,0.24863905,0.38193285
AGR_13_d7fa3,0.41815984,0.37252614,0.5306316,0.23479089,0.5197285,0.37567323,0.50495833,0.61314714,0.5162412,0.49360174,0.47231007,0.38649374,1.0,0.4442883,0.40986106,0.12959357,0.21429792,0.25164428,0.3143593,0.32705623,0.42720884,0.12944366,0.34021053,0.21901715,0.33140996,0.27421054,0.27184665,0.24454738,0.43611085,0.21253994,0.20335001,0.264076,0.25432047,0.3522457,0.37700048,0.13403502,0.13839692,0.27164543,0.2818859,0.2535473,0.18650618,0.24176732,0.2561451,0.28647128,0.48546034,0.4024422,0.33945867,0.3071639,0.39175966,0.38197184,0.41550767,0.4153302,0.29804936,0.33705133,0.34575707,0.34468955,0.36276352,0.34210497,0.16378224,0.24678575,0.3457585,0.22352116,0.22167617,0.24262273,0.27802393,0.22583798,0.18508628,0.30081758,0.2582574,0.2127186,0.2671058,0.21127397,0.23408431,0.24898316,0.33708763,0.31789035,0.32951674,0.4264828,0.3229728,0.353576,0.27124518,0.26746327,0.3351928,0.3419179,0.28524056,0.29317558,0.3379612,0.24849783,0.17036244,0.18746206,0.26049942,0.18997206,0.26727816,0.39165938,0.26924282,0.18546489,0.35349265,0.2256414,0.28722295,0.26047105,0.3293258,0.33145213,0.35505837,0.3584346,0.22545081,0.37436247,0.31573403,0.41010723,0.37710595,0.465509,0.28101072,0.36118227,0.32981533,0.33092755,0.2803157,0.28605312
AGR_14_f501a,0.6034307,0.71590126,0.4647262,0.2529898,0.43007886,0.7531827,0.38117543,0.5493173,0.5028604,0.3557942,0.4588713,0.36484694,0.4442883,1.0,0.3982419,0.163823,0.22745004,0.18709026,0.267047,0.2056992,0.27666736,0.18010136,0.3641773,0.27491334,0.3437301,0.19556123,0.34052512,0.19316667,0.37165588,0.27312702,0.20968127,0.31245816,0.27891132,0.2738021,0.37333694,0.23493762,0.31071442,0.28804225,0.36599457,0.3533823,0.20422667,0.31910053,0.39971432,0.41935462,0.42761773,0.48885104,0.33941543,0.18522699,0.29389402,0.25555116,0.5303439,0.69914746,0.31574333,0.38637152,0.34489077,0.4716933,0.3287155,0.42482942,0.21116684,0.29120976,0.27271244,0.27358222,0.26965833,0.28280526,0.2256391,0.18012565,0.14958945,0.22586733,0.2663994,0.21281502,0.19377637,0.14510486,0.25704235,0.17075923,0.2955234,0.35286778,0.33356893,0.3572632,0.31896755,0.33470428,0.14860694,0.3619693,0.3695714,0.30311963,0.16944534,0.17767501,0.31744492,0.28716302,0.27791715,0.23759338,0.2748819,0.16127668,0.37818882,0.42590588,0.4066121,0.19896103,0.32861382,0.27922976,0.26592037,0.35356593,0.23635006,0.24542879,0.3424098,0.35801712,0.17976472,0.3238299,0.291747,0.30487138,0.35598633,0.34279725,0.2881922,0.33807188,0.3160019,0.32358032,0.17029133,0.31985208
AGR_15_fe6d3,0.42570132,0.325991,0.34316337,0.311326,0.31102088,0.4024866,0.4863522,0.43169752,0.41153064,0.35764104,0.3624431,0.25803378,0.40986106,0.3982419,0.9999999,0.1638672,0.24038991,0.23185293,0.21430078,0.1627713,0.23788044,0.14233962,0.122251794,0.22281757,0.50015676,0.24853598,0.14072505,0.18466824,0.17825031,0.19622499,0.104559496,0.30111006,0.22191414,0.18422295,0.2584694,0.28636068,0.19565293,0.2023623,0.24975577,0.3945058,0.24482054,0.46150643,0.19902164,0.20370437,0.2853372,0.20498754,0.16641982,0.09104553,0.20349088,0.1699485,0.23222442,0.25906178,0.16579376,0.23366335,0.11972374,0.22555128,0.12296438,0.22009745,0.06280404,0.13889615,0.10027971,0.12946537,0.14717665,0.14549348,0.120161004,0.16959031,0.1211831,0.16852406,0.17030507,0.11160828,0.06703012,0.14133826,0.13035294,0.22477245,0.22321948,0.23842993,0.410043,0.25693643,0.17413473,0.25140485,0.17531133,0.34930927,0.2964453,0.25400418,0.12443523,0.11541929,0.34113878,0.1409275,0.14680621,0.16171923,0.21887611,0.17684385,0.24017164,0.2570863,0.15373588,0.18562445,0.21273279,0.32649207,0.22414565,0.1620374,0.19254123,0.20737958,0.1874181,0.07625328,0.19271562,0.14694157,0.22120014,0.25311464,0.27297077,0.1519839,0.2033126,0.18518972,0.27640373,0.23996598,0.1559974,0.1801519
DIS_01_0c5e4,0.24772197,0.15321825,0.20024846,0.067202054,0.2639209,0.24203403,0.05594629,0.13826096,0.239923,0.11508592,0.21581185,0.13673061,0.12959357,0.163823,0.1638672,0.99999994,0.30172765,0.34613642,0.26746544,0.21623215,0.24666718,0.22381966,0.26317698,0.39146048,0.4167763,0.19928294,0.3066635,0.33737242,0.18814458,0.09463018,0.24912071,0.32597154,0.2134105,0.2604388,0.14187108,0.18501517,0.14255774,0.15421784,0.16899946,0.14951746,0.083397076,0.16763942,0.13035156,0.044251114,0.21534228,0.21903637,0.21076019,0.10201825,0.13798402,0.18927138,0.2896457,0.28017855,0.12300941,0.21984157,0.121736005,0.07147073,0.06134186,0.13436352,0.17854601,0.12750609,0.07995706,0.059216797,0.08082899,0.077715345,-0.0018237308,0.101118006,0.085411325,0.2001337,0.1418413,0.08377153,0.08451279,0.0854169,0.053319395,0.00433136,0.08196605,0.09032816,0.1612041,0.1620141,0.1522957,0.15291527,0.01745815,0.072077274,0.058995493,0.13285193,0.14648344,0.1111598,0.09499764,0.12589613,0.16863507,0.047184125,0.07912768,0.07146629,0.025759257,0.039477203,0.04078014,-0.012548219,0.23078242,0.020306543,0.1370517,-0.03415133,0.26290667,0.06742756,0.08701255,0.20838058,0.04962057,0.18784067,0.11925807,0.091858715,0.15828244,0.21486244,0.21602705,0.07489785,0.10755108,0.27085328,0.074388064,0.14122206
DIS_02_24fa8,0.21390788,0.20469278,0.36041242,0.25160307,0.2602067,0.22897622,0.19885284,0.2648053,0.28126234,0.19560152,0.23985766,0.26283294,0.21429792,0.22745004,0.24038991,0.30172765,1.0000002,0.40479705,0.4275226,0.30600584,0.4431678,0.2334112,0.29445082,0.33784282,0.5063457,0.39300662,0.2118438,0.39054614,0.30400306,0.26027375,0.21208255,0.385865,0.23814568,0.28349173,0.375561,0.19242325,0.24092531,0.30009466,0.2659065,0.23535047,0.26807055,0.26715684,0.1486562,0.20788093,0.2924154,0.31038672,0.30140024,0.14679222,0.38864824,0.3381244,0.34129423,0.21202585,0.19722188,0.17986877,0.2868243,0.30219933,0.34851736,0.3117118,0.27589914,0.2093769,0.21539316,0.22502318,0.2241971,0.22844982,0.17428294,0.20715559,0.19449124,0.16947162,0.2630669,0.20886393,0.2569876,0.23090482,0.25922027,0.061502315,0.16055673,0.23742446,0.29719973,0.21894774,0.2537076,0.25278217,0.1348251,0.17520182,0.31648162,0.33270484,0.1338365,0.23249008,0.23046741,0.16595834,0.2317452,0.08263442,0.2270575,0.17640305,0.24367738,0.22852454,0.30741397,0.17668709,0.25013304,0.30210868,0.2396056,0.17853554,0.2691681,0.19391826,0.34564188,0.33531958,0.28543386,0.29595807,0.30666572,0.35431933,0.29425532,0.24720666,0.31824023,0.20604391,0.31648794,0.36097825,0.2376151,0.2593262
DIS_03_28e55,0.24476364,0.2320584,0.3442024,0.22889332,0.3620273,0.18814439,0.23142207,0.36953932,0.37377945,0.20043379,0.21736434,0.3162128,0.25164428,0.18709026,0.23185293,0.34613642,0.40479705,1.0000002,0.4527581,0.39473522,0.45003337,0.50644535,0.41715246,0.70351565,0.55132973,0.4367734,0.32448938,0.6305152,0.35608473,0.23119044,0.35748982,0.32175708,0.26509294,0.33663642,0.24578542,0.21218531,0.21594101,0.30757806,0.38909075,0.19418792,0.25829983,0.32383513,0.16377515,0.20883623,0.3399336,0.35910904,0.33191007,0.2389307,0.34284452,0.42261058,0.40636814,0.2776096,0.2920757,0.17062053,0.22461978,0.28728858,0.22460555,0.34467453,0.2335394,0.168163,0.34756383,0.3186854,0.24150434,0.32366496,0.20573735,0.19382933,0.29523236,0.318387,0.3187317,0.2851814,0.27858984,0.3116458,0.32222715,0.16918638,0.30514315,0.26595318,0.37096184,0.34238344,0.23436907,0.36566684,0.17060938,0.17107686,0.3218295,0.35028785,0.30018428,0.47526622,0.25822946,0.23790768,0.34737727,0.10228693,0.28236312,0.15438922,0.21679458,0.29242623,0.23306432,0.24374385,0.40580937,0.3097955,0.30548805,0.20519157,0.4553184,0.21881011,0.2798675,0.25844896,0.24266341,0.3758419,0.38059813,0.31817657,0.22024137,0.28942752,0.25342184,0.2761209,0.25650218,0.47982925,0.23893762,0.31233892
DIS_04_3296a,0.36290285,0.3140143,0.4236723,0.23130266,0.3944861,0.25571224,0.24542895,0.3475535,0.4002544,0.30201647,0.312874,0.39658123,0.3143593,0.267047,0.21430078,0.26746544,0.4275226,0.4527581,1.0000001,0.30708057,0.5051358,0.5122799,0.2755496,0.3235046,0.4033786,0.43024212,0.28262126,0.3597561,0.37587202,0.25882107,0.27149644,0.3628067,0.3398512,0.3532299,0.30067036,0.22092423,0.21451862,0.3414235,0.39223152,0.15183729,0.22293037,0.3290243,0.23937665,0.17252491,0.35749346,0.40370315,0.28382504,0.21587957,0.48221728,0.39521185,0.43889242,0.29781356,0.20892546,0.18127291,0.28659356,0.30673328,0.3383919,0.28755552,0.25578856,0.35026884,0.2852207,0.3021947,0.30778295,0.291382,0.24567439,0.39712444,0.3259668,0.3702134,0.49634582,0.28465548,0.5963102,0.375555,0.39473757,0.28537107,0.36459458,0.40341678,0.37220398,0.34003365,0.31834558,0.38652378,0.2443694,0.3886822,0.58057606,0.5537474,0.23556218,0.25540033,0.28150582,0.29286897,0.30859423,0.2136036,0.2958592,0.12977381,0.266973,0.36914468,0.31673127,0.20649196,0.38540322,0.32143027,0.28169775,0.22088516,0.22110236,0.29690006,0.37673992,0.34127542,0.37790647,0.33431244,0.40774843,0.53801405,0.2803392,0.28113586,0.38198733,0.29731482,0.29308864,0.40048164,0.28924447,0.29200798
DIS_05_4c0e5,0.1924922,0.22919458,0.3912087,0.354398,0.3081417,0.16158491,0.24107948,0.3874213,0.57912195,0.24778536,0.23654348,0.39670682,0.32705623,0.2056992,0.1627713,0.21623215,0.30600584,0.39473522,0.30708057,1.0,0.5270921,0.20424938,0.39897949,0.3693713,0.34910715,0.26588458,0.21862128,0.4084861,0.52019703,0.30879685,0.3223371,0.3041602,0.34232762,0.32065445,0.33669665,0.3534134,0.288032,0.35701367,0.43589425,0.20009077,0.32602364,0.30835423,0.29149687,0.2629295,0.3632157,0.34232715,0.32623333,0.23692062,0.42235935,0.6778228,0.3980608,0.29452193,0.453986,0.15875709,0.27495253,0.35870355,0.35123214,0.3991957,0.43234253,0.21778011,0.47306553,0.30083483,0.2781028,0.26971224,0.24035543,0.19280697,0.2460525,0.30024755,0.30621412,0.26304775,0.25132638,0.25768408,0.31721875,0.09379454,0.266784,0.36264333,0.3728708,0.37752447,0.3251315,0.38100845,0.12746397,0.1899237,0.24745205,0.33669826,0.35480642,0.4271684,0.2796153,0.21348369,0.2837898,0.17097418,0.4149831,0.29919565,0.27968925,0.29877236,0.32607406,0.355452,0.3755848,0.371562,0.34723678,0.30252087,0.3667475,0.2508115,0.3145416,0.33966345,0.1191698,0.42051905,0.35337657,0.33006454,0.27212718,0.26373696,0.2282338,0.38902345,0.21610746,0.48408547,0.27255386,0.31621736
DIS_06_605ba,0.29839504,0.3496493,0.49100637,0.31127852,0.39497092,0.29475176,0.27319118,0.40563637,0.4686882,0.36361435,0.45099598,0.4296351,0.42720884,0.27666736,0.23788044,0.24666718,0.4431678,0.45003337,0.5051358,0.5270921,1.0,0.2614408,0.40460455,0.36376375,0.42782757,0.34264207,0.32478875,0.40648645,0.4430431,0.34395972,0.29156196,0.39031893,0.29117072,0.3245418,0.42225593,0.26894873,0.2773822,0.37469482,0.39054054,0.23918608,0.30611578,0.24361193,0.25365996,0.33710247,0.56987166,0.4375569,0.47041968,0.26721832,0.6515727,0.6044631,0.46177998,0.33889088,0.30580258,0.24626094,0.3924703,0.45428777,0.5554811,0.42815787,0.33539015,0.24100062,0.37020767,0.2848277,0.33021772,0.35729638,0.3372404,0.27124467,0.2921272,0.31242073,0.3413139,0.26951796,0.40740833,0.31028086,0.41176593,0.20274244,0.39990544,0.3903881,0.40618035,0.40700376,0.39064866,0.4161519,0.20480761,0.26426893,0.45433754,0.4626779,0.3458283,0.55592257,0.34444162,0.26847818,0.32713172,0.24504665,0.32261738,0.2033686,0.24271488,0.37943077,0.41478947,0.28698525,0.39038736,0.3294397,0.32504758,0.31709087,0.38995525,0.27180934,0.47326386,0.45397407,0.34571496,0.39562574,0.4358189,0.5176789,0.36742213,0.3523725,0.32848287,0.45393932,0.30305648,0.46803975,0.30709177,0.41137755
DIS_07_67eb1,0.34634498,0.04611349,0.16161132,0.091864906,0.17318101,0.13673624,0.14718522,0.15326318,0.22736877,0.08402558,0.18118097,0.1710486,0.12944366,0.18010136,0.14233962,0.22381966,0.2334112,0.50644535,0.5122799,0.20424938,0.2614408,1.0000001,0.11491964,0.32072723,0.30167773,0.5334634,0.21428007,0.2787022,0.28965843,0.18310156,0.14743742,0.23622221,0.18990579,0.14237864,0.13286854,0.14681181,0.20484142,0.26736385,0.23057926,0.1907345,0.15924062,0.30415404,0.19175671,0.1843783,0.20546049,0.24912626,0.22777608,0.20528752,0.19791159,0.19434217,0.23009846,0.14057553,0.12703998,0.2177677,0.12368927,0.14112262,0.13812305,0.15491748,0.22194824,0.1589104,0.16088462,0.26538682,0.17952442,0.17228657,0.11652766,0.1634161,0.15896937,0.18943621,0.39409217,0.16871509,0.30583698,0.21679184,0.28122503,0.14623654,0.15810516,0.33524278,0.1709334,0.1379587,0.13412862,0.2084926,0.1373097,0.1864979,0.26973373,0.2277411,0.037671614,0.26636854,0.25997043,0.22150277,0.22104323,0.26819173,0.31061098,0.09220939,0.32486445,0.26394948,0.13182929,0.25405547,0.1895368,0.16236071,0.2458429,0.16679619,0.28354162,0.19783251,0.24102378,0.17640126,0.30480537,0.16277292,0.38521677,0.1624985,0.20979962,0.06512606,0.28046814,0.28814477,0.29221717,0.2701311,0.22770572,0.20750667
DIS_08_71203,0.2082079,0.42387664,0.25565624,0.16710518,0.432512,0.36847657,0.2188596,0.37611145,0.34924704,0.2154903,0.19158743,0.31486636,0.34021053,0.3641773,0.122251794,0.26317698,0.29445082,0.41715246,0.2755496,0.39897949,0.40460455,0.11491964,0.99999994,0.56173694,0.32286763,0.18694308,0.3913926,0.4530393,0.40161464,0.29332846,0.44562846,0.21522015,0.27547586,0.45215344,0.34085384,0.24533318,0.19356146,0.29517505,0.38368377,0.22347504,0.23900358,0.19497554,0.23726955,0.27122712,0.394404,0.36494595,0.3445623,0.18079664,0.32694322,0.4237632,0.41778657,0.42526254,0.37557197,0.13364947,0.3316809,0.3093094,0.27809134,0.37769586,0.15593183,0.16559635,0.37237266,0.27323097,0.26803356,0.32542974,0.27458733,0.13048106,0.2333759,0.35719508,0.22147766,0.2974107,0.25316778,0.17830864,0.23694332,0.03440138,0.35256192,0.2746138,0.36498943,0.45185226,0.3441686,0.36654073,0.2076933,0.17703366,0.23653293,0.2592531,0.3743108,0.35156363,0.22458681,0.24522156,0.41834038,0.123669386,0.20746633,0.08581605,0.1325739,0.32467565,0.30839965,0.22543281,0.46111438,0.26469305,0.16829881,0.23991951,0.38824296,0.21829581,0.2794599,0.43225628,0.1092206,0.4262495,0.25770658,0.34327915,0.22340518,0.5377491,0.24147983,0.21867949,0.23799987,0.39459598,0.21804093,0.28966582
DIS_09_891e7,0.20181811,0.27712134,0.3319289,0.12847239,0.3362263,0.2851018,0.18571682,0.3216985,0.307967,0.14843968,0.21719307,0.26550037,0.21901715,0.27491334,0.22281757,0.39146048,0.33784282,0.70351565,0.3235046,0.3693713,0.36376375,0.32072723,0.56173694,1.0,0.48599607,0.40071142,0.4133811,0.68058985,0.34526312,0.20954967,0.35808164,0.27296385,0.25288868,0.31077033,0.24912131,0.24903893,0.13620429,0.22792941,0.37620738,0.14977159,0.19686997,0.31965584,0.16424088,0.21504556,0.23330757,0.25572693,0.29451996,0.1641851,0.27868733,0.36336315,0.34847432,0.36167657,0.24657898,0.10654825,0.20041251,0.23093894,0.17189415,0.32545668,0.25833583,0.22433013,0.26789802,0.21885896,0.21181092,0.29618514,0.18012354,0.22183602,0.22764501,0.34029877,0.26602018,0.23846464,0.19595169,0.22219768,0.24072208,0.099750645,0.22542411,0.21506779,0.3151884,0.26285347,0.27947244,0.38629073,0.14147893,0.1510309,0.24396792,0.24681215,0.23164298,0.34295353,0.2995469,0.26978573,0.35901833,0.13768986,0.25900355,0.14686328,0.19918004,0.18544972,0.24015015,0.20818081,0.35979223,0.24399585,0.28925303,0.15191196,0.3702498,0.19626653,0.17578816,0.379021,0.10341644,0.3927428,0.31909174,0.22999167,0.1825165,0.2672971,0.26450667,0.19926842,0.18169309,0.34781986,0.12674533,0.23521796
DIS_10_9a1d5,0.4714635,0.3131842,0.38110566,0.26656345,0.50281876,0.42844185,0.24874395,0.35042867,0.39832008,0.23645791,0.31242126,0.2846198,0.33140996,0.3437301,0.50015676,0.4167763,0.5063457,0.55132973,0.4033786,0.34910715,0.42782757,0.30167773,0.32286763,0.48599607,1.0000001,0.4172731,0.37791288,0.51275504,0.38698813,0.31508458,0.24312367,0.5664651,0.3117395,0.39941868,0.29337725,0.261288,0.25736773,0.28528002,0.33992407,0.29394913,0.28701392,0.526695,0.21688387,0.23889387,0.4408406,0.54035825,0.368607,0.18256707,0.35723174,0.40668195,0.6346528,0.3308889,0.29356295,0.25178695,0.30842566,0.32282257,0.2763248,0.40107095,0.23271884,0.21971567,0.22427276,0.24917606,0.26268727,0.30247903,0.22370303,0.1832559,0.1614916,0.22373489,0.32932705,0.22380573,0.18806908,0.2061789,0.263878,0.10652538,0.24428213,0.3062938,0.4193232,0.28775918,0.26361975,0.28331593,0.14972508,0.23481894,0.3570344,0.35457966,0.19027516,0.33274114,0.3900438,0.21711504,0.2831772,0.19428137,0.2987449,0.16928187,0.21246314,0.32323042,0.3024985,0.25676548,0.5284049,0.35689884,0.33101228,0.22613268,0.38928682,0.27286246,0.43136048,0.32006013,0.23127596,0.37336957,0.37114125,0.35453707,0.35175067,0.33787325,0.35232627,0.24889734,0.482486,0.53275335,0.30394956,0.39235806
DIS_11_b2825,0.3129679,0.03221637,0.31436956,0.19899961,0.26626137,0.16311613,0.2864399,0.22541094,0.27753252,0.12721218,0.31652585,0.18767247,0.27421054,0.19556123,0.24853598,0.19928294,0.39300662,0.4367734,0.43024212,0.26588458,0.34264207,0.5334634,0.18694308,0.40071142,0.4172731,1.0000002,0.32473397,0.361304,0.32602543,0.11979593,0.15531044,0.25265113,0.24278934,0.20014246,0.15421203,0.27339607,0.11312562,0.2112712,0.26065975,0.19857839,0.10183643,0.3179228,0.2059491,0.28022808,0.30145943,0.34584346,0.33898628,0.2883193,0.2776943,0.29727507,0.29274026,0.24650577,0.16898504,0.24588595,0.19783896,0.24618372,0.28491208,0.28761157,0.3041814,0.25015116,0.24553838,0.18300529,0.15723714,0.10166492,0.13098505,0.17451641,0.08084638,0.20439014,0.37057093,0.09928057,0.23448743,0.1390832,0.22597915,0.21471132,0.12483499,0.2736657,0.25718448,0.24368,0.16233978,0.2866393,0.16669905,0.24244282,0.2864607,0.38706687,0.0893988,0.2729387,0.4243345,0.31106624,0.26559436,0.2806753,0.42993143,0.25550288,0.4441799,0.26965618,0.27064568,0.30879384,0.3119793,0.21292329,0.50693035,0.2592506,0.38203293,0.2943488,0.4189009,0.29131958,0.31314734,0.37551278,0.5576236,0.2665009,0.35802144,0.14762706,0.43840897,0.2921603,0.42172217,0.3435073,0.39359897,0.35303664
DIS_12_daad3,0.32556742,0.23000655,0.24317329,0.16794194,0.43242383,0.27686656,0.20467055,0.24585523,0.31232032,0.1692783,0.21412693,0.25194785,0.27184665,0.34052512,0.14072505,0.3066635,0.2118438,0.32448938,0.28262126,0.21862128,0.32478875,0.21428007,0.3913926,0.4133811,0.37791288,0.32473397,0.9999997,0.3868484,0.41767925,0.21434882,0.34726983,0.37431484,0.32379124,0.36717877,0.31601796,0.17065595,0.22900364,0.29293728,0.43349665,0.2294457,0.16295268,0.23596583,0.36646685,0.34796572,0.3316864,0.39878643,0.24825151,0.1580802,0.20817682,0.2922585,0.40033853,0.38612634,0.17520544,0.20956276,0.3022793,0.3074597,0.2639801,0.35571727,0.22136782,0.31737435,0.2135196,0.19812159,0.30744752,0.33165768,0.15354136,0.19724223,0.19174361,0.25526395,0.22779617,0.25709254,0.23176567,0.21840642,0.24846251,0.22516474,0.37416378,0.2701831,0.4165502,0.40426922,0.30957463,0.38801336,0.24723071,0.391621,0.30377728,0.32987335,0.22796056,0.26204476,0.32932967,0.3918158,0.42725253,0.21955499,0.35151517,0.17029025,0.27808815,0.30580437,0.33572465,0.2981595,0.40912402,0.2922528,0.28012824,0.30756482,0.338286,0.29020366,0.26494324,0.4478823,0.12489017,0.35441083,0.3069041,0.33682525,0.25251806,0.30366445,0.23096004,0.2719863,0.26561117,0.30758342,0.24270344,0.29877397
DIS_13_f7310,0.21147391,0.24084336,0.3780222,0.119520634,0.31459576,0.2320871,0.20514387,0.29100227,0.3212536,0.18881398,0.20428893,0.2506592,0.24454738,0.19316667,0.18466824,0.33737242,0.39054614,0.6305152,0.3597561,0.4084861,0.40648645,0.2787022,0.4530393,0.68058985,0.51275504,0.361304,0.3868484,0.9999999,0.37925315,0.22442856,0.39128584,0.39345902,0.2933591,0.271435,0.30809772,0.2259391,0.16225481,0.30900127,0.39615718,0.2039454,0.22096178,0.28837508,0.18792406,0.19028324,0.32027563,0.34841833,0.33167994,0.17759278,0.34445086,0.43784058,0.41488615,0.33643448,0.32565522,0.2146478,0.4290415,0.25131112,0.25988662,0.39657703,0.2311767,0.25575578,0.3150476,0.23590955,0.26378295,0.3172359,0.20052567,0.19092357,0.2857474,0.289718,0.21574427,0.26082262,0.24942383,0.2905871,0.2791851,0.09672984,0.24653934,0.30750135,0.28001285,0.29229194,0.27022925,0.38405153,0.104640216,0.12366213,0.25605863,0.30537975,0.20058796,0.34387708,0.23666894,0.2118348,0.30822575,0.098870195,0.25989604,0.115419894,0.13753682,0.24132642,0.23811588,0.17510423,0.3856191,0.21423703,0.268766,0.17456117,0.32786775,0.22117347,0.2639249,0.34712058,0.2046157,0.38838652,0.30262622,0.32470188,0.19266963,0.22223443,0.20279947,0.2866494,0.2247202,0.34179407,0.22889519,0.3082983
ENE_01_0ce22,0.31313926,0.27674934,0.4536936,0.23112708,0.5472005,0.28537574,0.3070924,0.45685512,0.47421414,0.3205119,0.3101155,0.39660546,0.43611085,0.37165588,0.17825031,0.18814458,0.30400306,0.35608473,0.37587202,0.52019703,0.4430431,0.28965843,0.40161464,0.34526312,0.38698813,0.32602543,0.41767925,0.37925315,1.0000002,0.5209873,0.55279905,0.4101943,0.49938074,0.4846747,0.4844079,0.30302227,0.3926018,0.58795637,0.5589258,0.400351,0.4575165,0.4406457,0.5451143,0.3377683,0.47837806,0.47471148,0.33593148,0.36411554,0.44105697,0.52024686,0.5004313,0.42104608,0.34144837,0.20882654,0.41284633,0.38892287,0.38218588,0.42449427,0.3076181,0.28463846,0.4320619,0.3085758,0.25476205,0.34959653,0.32305187,0.2294513,0.23665622,0.38097468,0.3064628,0.25619534,0.3506502,0.26171282,0.41342685,0.15632276,0.3885832,0.60701966,0.46084356,0.51235294,0.44065368,0.44197688,0.28882527,0.28548822,0.34481323,0.47913715,0.34924427,0.38113803,0.3573377,0.4114335,0.3834532,0.27945712,0.589084,0.31245142,0.36207202,0.47000965,0.38741654,0.45506817,0.585467,0.40125895,0.4745888,0.35298184,0.42483374,0.44304094,0.44474387,0.5106456,0.25890073,0.540729,0.51644164,0.4158035,0.3802552,0.40105015,0.40389025,0.4223404,0.34827244,0.4872042,0.3264768,0.35819644
ENE_02_24d51,0.2823689,0.3354892,0.36122268,0.30688336,0.24006815,0.29623747,0.2848943,0.26272297,0.3357966,0.33019537,0.19175845,0.36400518,0.21253994,0.27312702,0.19622499,0.09463018,0.26027375,0.23119044,0.25882107,0.30879685,0.34395972,0.18310156,0.29332846,0.20954967,0.31508458,0.11979593,0.21434882,0.22442856,0.5209873,1.0000001,0.42973787,0.38825956,0.4370458,0.19820395,0.4382106,0.27983782,0.49743092,0.577158,0.42270577,0.44029614,0.6431762,0.5246636,0.4683819,0.3850028,0.24938327,0.36276963,0.25180662,0.2512534,0.32614362,0.35185272,0.33957216,0.24401282,0.27152604,0.13410628,0.2595498,0.46714157,0.34294558,0.42733186,0.29109058,0.21906728,0.33555746,0.38828462,0.38000694,0.37588573,0.37182337,0.26790994,0.3643108,0.2734173,0.32638827,0.3571184,0.4117693,0.34480852,0.42213798,0.2034168,0.56554043,0.55825424,0.42663926,0.28919214,0.40327793,0.3890819,0.16931748,0.24380308,0.39785525,0.3327961,0.44239122,0.38203698,0.3737682,0.290863,0.37721843,0.32631373,0.4516455,0.24473707,0.2633134,0.41974926,0.3957148,0.52000606,0.34374696,0.44585335,0.3151936,0.34797937,0.28789943,0.353422,0.33135596,0.28536814,0.31124818,0.35644156,0.3366068,0.36728656,0.30318904,0.26047522,0.30554894,0.37542874,0.283181,0.3349023,0.18757685,0.3341502
ENE_03_31059,0.18873724,0.25849226,0.29811507,0.15249711,0.3832001,0.13670705,0.15946612,0.31999487,0.2936516,0.19631812,0.1164974,0.22391728,0.20335001,0.20968127,0.104559496,0.24912071,0.21208255,0.35748982,0.27149644,0.3223371,0.29156196,0.14743742,0.44562846,0.35808164,0.24312367,0.15531044,0.34726983,0.39128584,0.55279905,0.42973787,1.0000001,0.2808069,0.45984507,0.3828149,0.36111605,0.23254898,0.35665354,0.5062126,0.49401584,0.29767635,0.4520284,0.28846845,0.44278818,0.22313951,0.34605324,0.2661953,0.16918729,0.15944035,0.2632804,0.34891132,0.3148118,0.2805997,0.27702487,0.09331749,0.23981091,0.2868868,0.21550311,0.26567465,0.15773849,0.14283672,0.32325843,0.35664833,0.3126158,0.37284744,0.22657686,0.17447664,0.37654674,0.38973024,0.21442121,0.33277792,0.31934527,0.3676193,0.30467328,0.09951159,0.37152654,0.35028172,0.39462766,0.49810362,0.2631197,0.38364467,0.17675212,0.20338672,0.20413466,0.2713637,0.26284432,0.3197517,0.20474783,0.22510767,0.4292712,0.15228865,0.27947524,0.18114415,0.140571,0.31594157,0.24549685,0.2969601,0.41989195,0.40327698,0.21585783,0.25462925,0.3969856,0.26769325,0.2454471,0.42069864,0.1988912,0.36748713,0.27663907,0.30566397,0.2477021,0.3842157,0.21612798,0.24951413,0.17188379,0.300919,0.16516235,0.23093572
ENE_04_3143a,0.4778456,0.36869037,0.36629677,0.29270533,0.44903612,0.38739327,0.22641778,0.31232545,0.3939151,0.30559593,0.31161752,0.36471227,0.264076,0.31245816,0.30111006,0.32597154,0.385865,0.32175708,0.3628067,0.3041602,0.39031893,0.23622221,0.21522015,0.27296385,0.5664651,0.25265113,0.37431484,0.39345902,0.4101943,0.38825956,0.2808069,1.0,0.37106273,0.3236582,0.5649351,0.38670182,0.4331211,0.5068202,0.36749282,0.42231837,0.4198351,0.38794708,0.35145164,0.19477719,0.34703436,0.49702573,0.31308812,0.20274955,0.41188386,0.4033813,0.58807725,0.28742316,0.25925007,0.22754824,0.27242434,0.33768153,0.30050814,0.4537885,0.28817147,0.31340766,0.17796579,0.24428675,0.3813832,0.33341867,0.19782719,0.24340528,0.39048192,0.24861169,0.28299233,0.29912204,0.2959179,0.387707,0.38440624,0.07273103,0.3358373,0.50694776,0.36647767,0.25910634,0.35798138,0.36432505,0.13595332,0.33588526,0.372569,0.36241326,0.21384206,0.26092213,0.3184659,0.30319595,0.37957257,0.25527185,0.3727624,0.20629056,0.28096357,0.3223491,0.29976615,0.2987271,0.45279393,0.33295166,0.31017873,0.19866905,0.23769231,0.22870255,0.34949017,0.33851314,0.26500154,0.2813509,0.30565614,0.3145722,0.2826825,0.19629814,0.31528538,0.33816543,0.31726348,0.38375142,0.26490968,0.33851683
ENE_05_47c10,0.22648025,0.28199583,0.32175007,0.42365697,0.26965585,0.22712314,0.21340221,0.27915597,0.30317962,0.36140996,0.2765872,0.24648453,0.25432047,0.27891132,0.22191414,0.2134105,0.23814568,0.26509294,0.3398512,0.34232762,0.29117072,0.18990579,0.27547586,0.25288868,0.3117395,0.24278934,0.32379124,0.2933591,0.49938074,0.4370458,0.45984507,0.37106273,1.0000001,0.22283432,0.36794806,0.3021281,0.30137056,0.6834788,0.46812457,0.35944462,0.58369803,0.44315067,0.4518917,0.22624356,0.24370462,0.31804368,0.21392132,0.21794868,0.26531988,0.26563293,0.38265544,0.2950982,0.20947808,0.12910244,0.19362818,0.30610377,0.22478697,0.3327216,0.20772392,0.21670981,0.27154493,0.21784243,0.20788616,0.2532454,0.079643615,0.17723165,0.23808366,0.24342144,0.20677464,0.18909931,0.25214458,0.24508974,0.27573425,0.1024324,0.2654306,0.366264,0.32460827,0.28315198,0.23722628,0.3014311,0.18956031,0.33041453,0.32572204,0.3095958,0.25775766,0.18107134,0.24160483,0.26758575,0.287468,0.21470481,0.49959326,0.16344175,0.19111452,0.2635458,0.2924811,0.3773204,0.267855,0.3426891,0.30337936,0.23397137,0.19849737,0.32920116,0.2642574,0.26175,0.25309432,0.30952471,0.32679453,0.2756045,0.22729568,0.20809072,0.2148215,0.23058888,0.30872145,0.27559388,0.14382641,0.20416656
ENE_06_68cc5,0.273304,0.2983687,0.27218282,0.18541484,0.74503,0.27334723,0.17705959,0.3563107,0.35390934,0.16080667,0.16591166,0.2602413,0.3522457,0.2738021,0.18422295,0.2604388,0.28349173,0.33663642,0.3532299,0.32065445,0.3245418,0.14237864,0.45215344,0.31077033,0.39941868,0.20014246,0.36717877,0.271435,0.4846747,0.19820395,0.3828149,0.3236582,0.22283432,0.99999976,0.33226302,0.23406652,0.14804319,0.28609097,0.45009068,0.19231427,0.18565422,0.2078431,0.23889485,0.27665627,0.41961783,0.46188968,0.27750558,0.1727325,0.2995721,0.36164406,0.48651296,0.37090427,0.40007314,0.17188692,0.35897416,0.34481427,0.35376728,0.36670598,0.10943873,0.14910898,0.31994084,0.23388195,0.17865425,0.3033672,0.31521136,0.18736733,0.1991688,0.36078036,0.1765416,0.19899827,0.2170972,0.18024354,0.20069629,0.16259739,0.2902645,0.2868208,0.34145132,0.49277925,0.31535769,0.32497707,0.29547453,0.25581408,0.2951014,0.38738653,0.30736572,0.27960855,0.19840658,0.24432784,0.24852394,0.09841374,0.26165378,0.18527889,0.21922775,0.33017427,0.36566633,0.22484261,0.72444725,0.32811478,0.24537101,0.3200906,0.29538503,0.2603962,0.32871097,0.43536085,0.18570545,0.37739825,0.3542523,0.38038597,0.26491362,0.5266981,0.20391558,0.31033763,0.20777187,0.34915334,0.30135658,0.2330582
ENE_07_6b773,0.37749818,0.43301105,0.5234077,0.32932281,0.40483847,0.31835622,0.31095976,0.5169617,0.5250892,0.44196594,0.3246209,0.43873587,0.37700048,0.37333694,0.2584694,0.14187108,0.375561,0.24578542,0.30067036,0.33669665,0.42225593,0.13286854,0.34085384,0.24912131,0.29337725,0.15421203,0.31601796,0.30809772,0.4844079,0.4382106,0.36111605,0.5649351,0.36794806,0.33226302,0.9999999,0.2623442,0.44685408,0.55579144,0.5040883,0.4092582,0.48117042,0.31851083,0.39794385,0.27133748,0.37198344,0.39782912,0.2909671,0.23692074,0.45382506,0.42846057,0.47217184,0.33757454,0.32071227,0.18743503,0.41840494,0.4712326,0.39835796,0.45078582,0.21988243,0.32448995,0.38284302,0.35105988,0.42166013,0.4609959,0.3340609,0.27815455,0.4350415,0.34743676,0.28600323,0.3801129,0.42547724,0.43207818,0.4839521,0.1770201,0.5025314,0.58181906,0.56925976,0.49790362,0.6390513,0.56165695,0.23029938,0.2774434,0.394966,0.3956746,0.41190514,0.3250967,0.29297438,0.28612423,0.48322105,0.2321822,0.40344167,0.35930228,0.38696802,0.44961375,0.35367265,0.34672958,0.41256654,0.5458979,0.29204625,0.33086473,0.31714353,0.30480266,0.36345,0.39823034,0.29176784,0.3999936,0.3168837,0.42138237,0.35132793,0.3557069,0.2671152,0.46702164,0.24907541,0.4350865,0.28289992,0.3691781
ENE_08_76dd7,0.23774225,0.22846247,0.24145049,0.34971133,0.25777367,0.22266266,0.15986112,0.15088862,0.311375,0.22276965,0.19209915,0.21209083,0.13403502,0.23493762,0.28636068,0.18501517,0.19242325,0.21218531,0.22092423,0.3534134,0.26894873,0.14681181,0.24533318,0.24903893,0.261288,0.27339607,0.17065595,0.2259391,0.30302227,0.27983782,0.23254898,0.38670182,0.3021281,0.23406652,0.2623442,1.0000001,0.21860245,0.33602446,0.327589,0.38860375,0.29818287,0.24085812,0.20284432,0.22641061,0.17360255,0.28584683,0.26637465,0.1999331,0.27112675,0.36805853,0.2785291,0.30280092,0.18848169,0.19962636,0.18641634,0.25394773,0.23120883,0.2955994,0.36034888,0.17907853,0.17529783,0.16022716,0.12624156,0.11633003,0.080218375,0.042254537,0.20383398,0.12463881,0.12622872,0.13611338,0.15398648,0.23081332,0.19510522,0.0046609137,0.2036853,0.3430479,0.23825687,0.18861789,0.19768192,0.22783321,0.044192236,0.2128358,0.17511605,0.2510436,0.24148962,0.2787064,0.25009182,0.23706189,0.28249002,0.1764399,0.29113564,0.16394468,0.32519132,0.1878418,0.27748567,0.29054838,0.30782813,0.24350661,0.17167604,0.19809133,0.067428425,0.17697608,0.19196221,0.20595786,0.119848125,0.1658612,0.20761217,0.17170644,0.1694774,0.18238297,0.215927,0.26964107,0.11934211,0.24632356,0.1966342,0.16844632
ENE_09_82f47,0.28863975,0.28630614,0.28006786,0.24085653,0.14975105,0.29942098,0.17276752,0.21980147,0.3578982,0.2365254,0.13164212,0.42599812,0.13839692,0.31071442,0.19565293,0.14255774,0.24092531,0.21594101,0.21451862,0.288032,0.2773822,0.20484142,0.19356146,0.13620429,0.25736773,0.11312562,0.22900364,0.16225481,0.3926018,0.49743092,0.35665354,0.4331211,0.30137056,0.14804319,0.44685408,0.21860245,1.0000002,0.4731512,0.5275527,0.3914624,0.4943992,0.3638957,0.47854388,0.30569074,0.17923206,0.31845462,0.22109821,0.20264027,0.24279498,0.24007979,0.2771391,0.24361038,0.18571866,0.24405015,0.17356072,0.3439554,0.22052014,0.32641935,0.21903934,0.2607008,0.23255354,0.3359481,0.41212085,0.42382523,0.33575112,0.19534183,0.39149725,0.2415064,0.33253568,0.3791937,0.29115966,0.38306677,0.32169443,0.10370785,0.38437337,0.51092976,0.41795608,0.24340233,0.33016777,0.31767568,0.096702754,0.24952044,0.30124617,0.23607592,0.29161987,0.3687231,0.28968298,0.21081221,0.5073428,0.23005001,0.3165645,0.17249723,0.36910254,0.35433468,0.30455267,0.3890626,0.22594199,0.47427523,0.19149369,0.33017993,0.2509682,0.1766697,0.26444137,0.19971545,0.29191828,0.23865269,0.21468149,0.23389217,0.3246236,0.14102003,0.29646438,0.31385535,0.20420176,0.30281284,0.13642111,0.28993836
ENE_10_a6418,0.26559716,0.42057827,0.38012475,0.34732205,0.28401792,0.24711598,0.2042298,0.3158756,0.3582907,0.50335073,0.23442522,0.36416173,0.27164543,0.28804225,0.2023623,0.15421784,0.30009466,0.30757806,0.3414235,0.35701367,0.37469482,0.26736385,0.29517505,0.22792941,0.28528002,0.2112712,0.29293728,0.30900127,0.58795637,0.577158,0.5062126,0.5068202,0.6834788,0.28609097,0.55579144,0.33602446,0.4731512,1.0000002,0.5078105,0.4901129,0.83143926,0.47342986,0.48704523,0.2685459,0.25962096,0.34709972,0.21865812,0.3761439,0.35502148,0.3331804,0.39522877,0.27223787,0.24470666,0.2111435,0.29347417,0.45579886,0.29933977,0.3822613,0.27670217,0.27408695,0.31360355,0.33221397,0.37890586,0.4267937,0.23805822,0.2745324,0.50110275,0.31232548,0.29277492,0.3959122,0.37562692,0.51840603,0.45426598,0.094553486,0.45496544,0.63794076,0.37468982,0.328568,0.39893526,0.43446675,0.21167526,0.28741643,0.3748828,0.37765744,0.39411768,0.32821578,0.32200432,0.2859611,0.4328634,0.25417733,0.47861338,0.17795451,0.29524633,0.37455457,0.308948,0.4394601,0.33273733,0.41241965,0.26384744,0.28572085,0.29647857,0.2750731,0.37714145,0.3878308,0.33569682,0.37376347,0.313536,0.39435658,0.27153528,0.24333057,0.2352473,0.45372313,0.30830204,0.31736326,0.27627432,0.33576915
ENE_11_b6eb2,0.297972,0.35139984,0.47143143,0.33822492,0.42449373,0.30649963,0.25569087,0.44820794,0.5304653,0.24574015,0.22500315,0.48558533,0.2818859,0.36599457,0.24975577,0.16899946,0.2659065,0.38909075,0.39223152,0.43589425,0.39054054,0.23057926,0.38368377,0.37620738,0.33992407,0.26065975,0.43349665,0.39615718,0.5589258,0.42270577,0.49401584,0.36749282,0.46812457,0.45009068,0.5040883,0.327589,0.5275527,0.5078105,1.0,0.28108305,0.38779512,0.35729012,0.5194446,0.4164256,0.32235676,0.49105912,0.31754437,0.21284446,0.32648927,0.42747402,0.47398448,0.4402238,0.34891006,0.2241971,0.322908,0.49757564,0.3790961,0.4380291,0.24934515,0.37555653,0.4728007,0.44076562,0.40493867,0.51437247,0.30876875,0.26722872,0.42754966,0.38435715,0.3371522,0.37036806,0.38010046,0.42054284,0.41177857,0.2193784,0.44234943,0.5192197,0.52841586,0.4418759,0.409212,0.53558624,0.26339304,0.3604746,0.41060755,0.4276744,0.38989112,0.36733294,0.30117443,0.2757339,0.57691896,0.19485469,0.45916188,0.24562567,0.38844872,0.41762573,0.494202,0.41584474,0.49022558,0.60697776,0.30621853,0.45496014,0.35588455,0.27131313,0.3182859,0.4191625,0.2892974,0.47062314,0.34807065,0.4049291,0.29509187,0.2970909,0.29093853,0.42812443,0.2143192,0.41284603,0.24128306,0.2948741
ENE_12_bf662,0.41065222,0.29121542,0.20407248,0.2539965,0.23491128,0.3361914,0.24756649,0.2796611,0.33086228,0.23850225,0.22051951,0.16916579,0.2535473,0.3533823,0.3945058,0.14951746,0.23535047,0.19418792,0.15183729,0.20009077,0.23918608,0.1907345,0.22347504,0.14977159,0.29394913,0.19857839,0.2294457,0.2039454,0.400351,0.44029614,0.29767635,0.42231837,0.35944462,0.19231427,0.4092582,0.38860375,0.3914624,0.4901129,0.28108305,1.0,0.48420244,0.443783,0.45687103,0.3734213,0.2851366,0.27120864,0.2560889,0.14041542,0.17821582,0.21952274,0.24350503,0.22936824,0.21568277,0.36784214,0.23892853,0.3694756,0.21924746,0.35065866,0.17205681,0.16025835,0.19715294,0.17550074,0.18829304,0.21660599,0.17788723,0.10873123,0.17905772,0.16212618,0.22032343,0.19957584,0.08094127,0.1962999,0.17791328,0.056004018,0.30871278,0.45737487,0.27900457,0.26737267,0.25257948,0.26814568,0.109451324,0.24773702,0.1656518,0.23350392,0.18869278,0.2629952,0.34860682,0.20123082,0.22763747,0.27651945,0.42696807,0.31083655,0.3705557,0.24271321,0.2265375,0.36559078,0.25843227,0.26439947,0.30392712,0.31312016,0.20965412,0.23001097,0.23796943,0.20479569,0.21622959,0.2037113,0.2979428,0.18775189,0.35043317,0.24974594,0.27428594,0.34584373,0.30019373,0.23680651,0.123244405,0.22534068
ENE_13_d269b,0.21443294,0.3894406,0.2656215,0.3196366,0.16848373,0.18853919,0.19371347,0.23144664,0.31772557,0.4735574,0.16058931,0.30719668,0.18650618,0.20422667,0.24482054,0.083397076,0.26807055,0.25829983,0.22293037,0.32602364,0.30611578,0.15924062,0.23900358,0.19686997,0.28701392,0.10183643,0.16295268,0.22096178,0.4575165,0.6431762,0.4520284,0.4198351,0.58369803,0.18565422,0.48117042,0.29818287,0.4943992,0.83143926,0.38779512,0.48420244,1.0,0.5391654,0.406698,0.21155232,0.18905148,0.23879811,0.17430587,0.29672736,0.27605486,0.2722747,0.28115767,0.1769934,0.19870791,0.12788779,0.22356766,0.3793642,0.23274638,0.32679898,0.24177414,0.17208213,0.2645901,0.3051468,0.30075365,0.3326237,0.22602418,0.19219415,0.40305722,0.20912659,0.27339405,0.3323306,0.27132088,0.41753381,0.37439692,0.06802793,0.4433585,0.54121923,0.38814187,0.2264716,0.33202395,0.33856288,0.16648851,0.20699832,0.32010248,0.29530993,0.36380368,0.33716422,0.26066533,0.17343941,0.3414463,0.22026536,0.39394432,0.19897701,0.21620926,0.2984409,0.23749068,0.48496342,0.21084481,0.44969237,0.19605291,0.22514284,0.25967702,0.24153307,0.30929327,0.24541357,0.28673786,0.26162168,0.29040727,0.30276316,0.25516564,0.2095894,0.22100918,0.3606475,0.28840968,0.28750184,0.21983534,0.31348604
ENE_14_dc481,0.4166109,0.21946906,0.2675751,0.3016482,0.21656045,0.31300795,0.2822412,0.2455428,0.37453285,0.22896892,0.25896123,0.27068883,0.24176732,0.31910053,0.46150643,0.16763942,0.26715684,0.32383513,0.3290243,0.30835423,0.24361193,0.30415404,0.19497554,0.31965584,0.526695,0.3179228,0.23596583,0.28837508,0.4406457,0.5246636,0.28846845,0.38794708,0.44315067,0.2078431,0.31851083,0.24085812,0.3638957,0.47342986,0.35729012,0.443783,0.5391654,1.0,0.43433478,0.26466095,0.21815312,0.2979684,0.24153516,0.15415844,0.20953067,0.26543894,0.3174832,0.2016181,0.18857521,0.19258341,0.17215088,0.3085672,0.1607401,0.3351308,0.28938827,0.20356354,0.20481548,0.26438567,0.20699319,0.23275763,0.20952277,0.18872556,0.16321526,0.24154353,0.3935622,0.19753546,0.1940099,0.19560933,0.2810495,0.15590842,0.3303985,0.4883204,0.45422593,0.27009866,0.3202474,0.30084515,0.23062931,0.25432754,0.35507393,0.36253947,0.19204268,0.27790672,0.42465016,0.24815026,0.28441086,0.3118295,0.44810718,0.24820957,0.31267956,0.32075992,0.25466853,0.41985315,0.2902852,0.44216365,0.41653046,0.2717812,0.25911915,0.38266847,0.3678462,0.21778241,0.32023567,0.28107542,0.45142886,0.31116995,0.32722226,0.18039933,0.31086,0.25116584,0.49048406,0.37908137,0.2102561,0.34289247
ENE_15_f6fae,0.35368901,0.19305721,0.3013987,0.20928022,0.22741082,0.29819775,0.16462488,0.28337485,0.31985974,0.24055576,0.2617419,0.31152648,0.2561451,0.39971432,0.19902164,0.13035156,0.1486562,0.16377515,0.23937665,0.29149687,0.25365996,0.19175671,0.23726955,0.16424088,0.21688387,0.2059491,0.36646685,0.18792406,0.5451143,0.4683819,0.44278818,0.35145164,0.4518917,0.23889485,0.39794385,0.20284432,0.47854388,0.48704523,0.5194446,0.45687103,0.406698,0.43433478,0.9999999,0.5598963,0.3003192,0.51928604,0.3815926,0.18392089,0.20687093,0.27728298,0.3210791,0.35958436,0.2310058,0.33247033,0.30246484,0.5478968,0.39193112,0.442981,0.19820829,0.3262838,0.33123145,0.3299423,0.33857793,0.36404487,0.3325644,0.16592386,0.24299678,0.29681513,0.3288024,0.30000848,0.23784015,0.25239044,0.31991127,0.18863787,0.3599247,0.49140888,0.3977091,0.36880034,0.30604604,0.36290982,0.15692705,0.44404662,0.24022408,0.32019585,0.34336483,0.31854245,0.35568616,0.32428306,0.34369838,0.29738003,0.45632595,0.28250688,0.4846592,0.34577867,0.4623725,0.40664375,0.32433394,0.42995685,0.34984446,0.48400098,0.25251302,0.20353034,0.34696048,0.30421293,0.22988619,0.24958014,0.339128,0.222319,0.3718691,0.20303474,0.26130277,0.37341863,0.27650887,0.30505413,0.19484201,0.28756654
ENV_01_0cfd4,0.29325777,0.27542642,0.36509442,0.3448243,0.28063866,0.33937788,0.22026631,0.33065408,0.33644357,0.19104114,0.31846136,0.37898582,0.28647128,0.41935462,0.20370437,0.044251114,0.20788093,0.20883623,0.17252491,0.2629295,0.33710247,0.1843783,0.27122712,0.21504556,0.23889387,0.28022808,0.34796572,0.19028324,0.3377683,0.3850028,0.22313951,0.19477719,0.22624356,0.27665627,0.27133748,0.22641061,0.30569074,0.2685459,0.4164256,0.3734213,0.21155232,0.26466095,0.5598963,1.0000004,0.3919426,0.5810231,0.48724267,0.24379879,0.29433936,0.34185174,0.3361465,0.4803502,0.43252563,0.36645633,0.3372896,0.7542937,0.6540756,0.5761905,0.30658934,0.39942664,0.51812553,0.38421834,0.28897694,0.36019439,0.4247597,0.16057767,0.24063435,0.31110105,0.3756286,0.2928548,0.22725531,0.22311322,0.3350527,0.2113902,0.34013063,0.36930007,0.28812948,0.2982869,0.2523593,0.36045122,0.21023043,0.35796222,0.31423426,0.29211056,0.31704962,0.41223758,0.49468988,0.3462441,0.39346778,0.41426355,0.39611864,0.30837977,0.541892,0.4801697,0.81644726,0.40166903,0.39898717,0.41155463,0.2985588,0.7284936,0.2748872,0.16795129,0.33555427,0.27543026,0.15001968,0.31618968,0.2704811,0.22798641,0.3127452,0.28538322,0.28045142,0.5106096,0.28468323,0.32145342,0.18958965,0.34139985
ENV_02_0f9b0,0.41810864,0.38754803,0.46163547,0.23643887,0.5662197,0.3588385,0.4163736,0.54187524,0.47087255,0.3281918,0.5125789,0.30976117,0.48546034,0.42761773,0.2853372,0.21534228,0.2924154,0.3399336,0.35749346,0.3632157,0.56987166,0.20546049,0.394404,0.23330757,0.4408406,0.30145943,0.3316864,0.32027563,0.47837806,0.24938327,0.34605324,0.34703436,0.24370462,0.41961783,0.37198344,0.17360255,0.17923206,0.25962096,0.32235676,0.2851366,0.18905148,0.21815312,0.3003192,0.3919426,1.0,0.54406404,0.43744493,0.2352839,0.5139361,0.50537276,0.57114154,0.46564156,0.44226933,0.42602247,0.54230833,0.40834934,0.45341155,0.45186633,0.2234729,0.22814053,0.34756798,0.29050085,0.22169171,0.3092963,0.3110829,0.13841479,0.1414604,0.30949247,0.2712281,0.20946094,0.23973489,0.17794144,0.31705117,0.20869848,0.30807287,0.34697992,0.4112826,0.5920247,0.33098286,0.30781367,0.20961425,0.24858743,0.3185484,0.37089366,0.23114386,0.2883359,0.29953894,0.21587498,0.22394204,0.25796133,0.31896016,0.18618384,0.21754766,0.4693936,0.37446165,0.28835836,0.50803655,0.25576052,0.33222735,0.32161757,0.3295798,0.25979716,0.38711366,0.40058196,0.21604055,0.35946494,0.37512335,0.3567245,0.28637618,0.48326617,0.25045952,0.3619306,0.23881964,0.38635316,0.27071464,0.35927355
ENV_03_2f819,0.4553042,0.38618594,0.5022013,0.2861892,0.54582226,0.40054065,0.22257563,0.4386066,0.4379713,0.30247763,0.37032387,0.4799109,0.4024422,0.48885104,0.20498754,0.21903637,0.31038672,0.35910904,0.40370315,0.34232715,0.4375569,0.24912626,0.36494595,0.25572693,0.54035825,0.34584346,0.39878643,0.34841833,0.47471148,0.36276963,0.2661953,0.49702573,0.31804368,0.46188968,0.39782912,0.28584683,0.31845462,0.34709972,0.49105912,0.27120864,0.23879811,0.2979684,0.51928604,0.5810231,0.54406404,1.0,0.6530854,0.30616528,0.5004573,0.51144665,0.7322411,0.6137083,0.45624125,0.41817376,0.53233874,0.6861287,0.6756652,0.6901726,0.29776984,0.38632187,0.40037638,0.35300285,0.3621234,0.38405463,0.32664028,0.20803127,0.25335276,0.25795558,0.3728468,0.3112973,0.31146958,0.26633465,0.39538836,0.14470647,0.38798553,0.46417913,0.37823695,0.41320005,0.32443258,0.42984408,0.18156312,0.43084612,0.41065267,0.47238404,0.37560117,0.34451833,0.36039275,0.32932258,0.35487837,0.2632059,0.36521626,0.15806812,0.38848317,0.4935058,0.6682005,0.3099572,0.59681153,0.35172096,0.34725055,0.59417546,0.38335,0.36569518,0.55027115,0.435314,0.31767678,0.4290412,0.4787621,0.42458558,0.4349624,0.41369984,0.39520538,0.55641973,0.43765217,0.5659633,0.4223286,0.5422954
ENV_04_46549,0.28868824,0.25263435,0.39296,0.21934417,0.2984091,0.24558961,0.21900159,0.31687844,0.3341313,0.18859485,0.42699918,0.37380734,0.33945867,0.33941543,0.16641982,0.21076019,0.30140024,0.33191007,0.28382504,0.32623333,0.47041968,0.22777608,0.3445623,0.29451996,0.368607,0.33898628,0.24825151,0.33167994,0.33593148,0.25180662,0.16918729,0.31308812,0.21392132,0.27750558,0.2909671,0.26637465,0.22109821,0.21865812,0.31754437,0.2560889,0.17430587,0.24153516,0.3815926,0.48724267,0.43744493,0.6530854,1.0000001,0.2052835,0.46387804,0.42438594,0.40514898,0.5004393,0.4343257,0.35681608,0.41613173,0.53643155,0.6551053,0.7150704,0.29730582,0.27038017,0.35900468,0.22909334,0.22914997,0.2819072,0.2914387,0.1053039,0.17044707,0.17523316,0.3224391,0.21735398,0.21694075,0.17093107,0.300225,0.14425766,0.26193464,0.354351,0.29931152,0.34306633,0.29768312,0.3544168,0.12525877,0.25869194,0.27764526,0.37782645,0.26228243,0.37472114,0.3447407,0.25700963,0.29753742,0.31203803,0.25685966,0.20950983,0.33048072,0.37450945,0.49556828,0.2650352,0.3308952,0.27079895,0.34693694,0.5104052,0.3770116,0.35643345,0.43620273,0.37110662,0.28088072,0.30815032,0.41348678,0.31789201,0.37791827,0.39592984,0.39146194,0.51502717,0.41710734,0.46095288,0.30598846,0.4913828
ENV_05_4e2b7,0.1559803,0.25523138,0.34149843,0.15346278,0.25536162,0.14516777,0.2901895,0.25331342,0.21369462,0.4861456,0.29354975,0.4108827,0.3071639,0.18522699,0.09104553,0.10201825,0.14679222,0.2389307,0.21587957,0.23692062,0.26721832,0.20528752,0.18079664,0.1641851,0.18256707,0.2883193,0.1580802,0.17759278,0.36411554,0.2512534,0.15944035,0.20274955,0.21794868,0.1727325,0.23692074,0.1999331,0.20264027,0.3761439,0.21284446,0.14041542,0.29672736,0.15415844,0.18392089,0.24379879,0.2352839,0.30616528,0.2052835,1.0,0.3826894,0.36097538,0.35972664,0.25472614,0.19031207,0.1644476,0.28639147,0.2951284,0.26535878,0.23978566,0.24668324,0.20398955,0.32681197,0.2397538,0.19823498,0.16628386,0.19573152,0.17346156,0.25026855,0.21729842,0.23018877,0.1782247,0.31883267,0.3344238,0.39052245,0.21830675,0.30522114,0.37693036,0.2265375,0.26712894,0.23520297,0.34455538,0.23023152,0.13026737,0.24776529,0.308075,0.33513582,0.31591293,0.2126522,0.24479795,0.26638362,0.08553768,0.31230378,0.22065139,0.28868377,0.2417767,0.2681991,0.27806032,0.26813287,0.23360229,0.20962298,0.27689552,0.25313413,0.20151585,0.33098334,0.25868154,0.14702393,0.34658754,0.22622977,0.31647593,0.27903253,0.17195395,0.19350922,0.35834652,0.1460109,0.3039808,0.34032512,0.27803847
ENV_06_5bd1c,0.29924828,0.40123624,0.62223566,0.33989465,0.41497532,0.27299854,0.31854314,0.42537627,0.45123237,0.40144312,0.4311659,0.64915466,0.39175966,0.29389402,0.20349088,0.13798402,0.38864824,0.34284452,0.48221728,0.42235935,0.6515727,0.19791159,0.32694322,0.27868733,0.35723174,0.2776943,0.20817682,0.34445086,0.44105697,0.32614362,0.2632804,0.41188386,0.26531988,0.2995721,0.45382506,0.27112675,0.24279498,0.35502148,0.32648927,0.17821582,0.27605486,0.20953067,0.20687093,0.29433936,0.5139361,0.5004573,0.46387804,0.3826894,1.0,0.7636762,0.48217338,0.3670609,0.3980435,0.32621455,0.4236644,0.46136725,0.5318425,0.48854253,0.311106,0.26515847,0.35762236,0.35047317,0.34456515,0.3559209,0.31756163,0.29601306,0.35603988,0.3329674,0.3258347,0.2967997,0.4729179,0.36224926,0.47336426,0.19078751,0.35578758,0.40788287,0.33604681,0.35531718,0.37104195,0.43579805,0.16858625,0.24204977,0.40853697,0.40556285,0.27207598,0.37896848,0.3118785,0.30907822,0.30246723,0.21834819,0.28145874,0.20299232,0.22115715,0.37948364,0.43827963,0.2727796,0.39638543,0.32671317,0.24982318,0.37583748,0.2854215,0.39001614,0.42848286,0.42113966,0.34055835,0.45969987,0.38653344,0.4954421,0.35263708,0.3547198,0.35398144,0.46161097,0.29399127,0.4512947,0.28186446,0.4273084
ENV_07_6070a,0.28803107,0.3140294,0.51247907,0.3640805,0.45227104,0.22275773,0.28855962,0.424638,0.5993076,0.2932169,0.35402155,0.59255654,0.38197184,0.25555116,0.1699485,0.18927138,0.3381244,0.42261058,0.39521185,0.6778228,0.6044631,0.19434217,0.4237632,0.36336315,0.40668195,0.29727507,0.2922585,0.43784058,0.52024686,0.35185272,0.34891132,0.4033813,0.26563293,0.36164406,0.42846057,0.36805853,0.24007979,0.3331804,0.42747402,0.21952274,0.2722747,0.26543894,0.27728298,0.34185174,0.50537276,0.51144665,0.42438594,0.36097538,0.7636762,1.0000001,0.5270801,0.3510676,0.4734939,0.2637549,0.44993165,0.45027596,0.46591213,0.4992133,0.45856628,0.25028652,0.45204148,0.36647344,0.31433147,0.34201297,0.31793916,0.18949567,0.31582305,0.38346714,0.33455056,0.3264652,0.3893492,0.31810278,0.44643676,0.1318622,0.3485416,0.41341585,0.41245225,0.4264871,0.37900782,0.47119635,0.16429496,0.17027998,0.28610024,0.38713652,0.41252047,0.4995227,0.3299954,0.31107932,0.3448512,0.20025542,0.44077107,0.31947494,0.2937954,0.39885306,0.4377513,0.40063462,0.5044572,0.41455036,0.3404644,0.3964706,0.3564841,0.3613879,0.3947066,0.40711033,0.20983243,0.5325922,0.4046793,0.4023383,0.34926328,0.4019395,0.27528113,0.4475147,0.24825405,0.5394297,0.30749387,0.38600793
ENV_08_6c0c3,0.48800373,0.5292869,0.5084647,0.23633552,0.61478263,0.46317694,0.268351,0.4881757,0.511225,0.38995913,0.37540776,0.4333411,0.41550767,0.5303439,0.23222442,0.2896457,0.34129423,0.40636814,0.43889242,0.3980608,0.46177998,0.23009846,0.41778657,0.34847432,0.6346528,0.29274026,0.40033853,0.41488615,0.5004313,0.33957216,0.3148118,0.58807725,0.38265544,0.48651296,0.47217184,0.2785291,0.2771391,0.39522877,0.47398448,0.24350503,0.28115767,0.3174832,0.3210791,0.3361465,0.57114154,0.7322411,0.40514898,0.35972664,0.48217338,0.5270801,1.0000002,0.56248736,0.4558165,0.2944509,0.5375957,0.4951235,0.45330653,0.5433409,0.24531053,0.32492846,0.40718985,0.34981775,0.35789785,0.4110539,0.3026572,0.2533646,0.25908887,0.33745104,0.36899185,0.31834105,0.3763631,0.26763883,0.48354778,0.17802387,0.42026466,0.45248413,0.42294347,0.4425375,0.44957018,0.4848919,0.26459765,0.32916936,0.48145086,0.50969887,0.34857243,0.34127364,0.27679053,0.34854674,0.41771033,0.23613507,0.41152024,0.2012999,0.3155515,0.54630697,0.51087064,0.2755071,0.64029205,0.35119283,0.3150291,0.40755814,0.37945804,0.34015232,0.51782334,0.4917399,0.22902977,0.5057322,0.4060743,0.4816027,0.36195576,0.37954992,0.32196754,0.41617006,0.35011047,0.5134299,0.3688935,0.40218633
ENV_09_80007,0.36563778,0.61620325,0.53483,0.277327,0.4440412,0.60312724,0.2758676,0.50955945,0.45000517,0.29998565,0.3932382,0.3839086,0.4153302,0.69914746,0.25906178,0.28017855,0.21202585,0.2776096,0.29781356,0.29452193,0.33889088,0.14057553,0.42526254,0.36167657,0.3308889,0.24650577,0.38612634,0.33643448,0.42104608,0.24401282,0.2805997,0.28742316,0.2950982,0.37090427,0.33757454,0.30280092,0.24361038,0.27223787,0.4402238,0.22936824,0.1769934,0.2016181,0.35958436,0.4803502,0.46564156,0.6137083,0.5004393,0.25472614,0.3670609,0.3510676,0.56248736,0.99999976,0.42092162,0.37893724,0.4399526,0.49823374,0.502561,0.55054384,0.25076288,0.371676,0.38325924,0.28284413,0.22730668,0.24537972,0.20191427,0.15864274,0.20161267,0.2826801,0.23735026,0.18242238,0.23292735,0.18365076,0.28890643,0.22910509,0.2976318,0.36007398,0.36821392,0.38491827,0.3290953,0.4212364,0.1824755,0.3697766,0.3677902,0.34337777,0.30519325,0.2601996,0.29355228,0.29966384,0.3302309,0.23870002,0.22733608,0.10138711,0.27538136,0.4393964,0.5244986,0.18242732,0.4207778,0.27202642,0.25647563,0.40083176,0.31062165,0.2756429,0.30683374,0.49318603,0.18379395,0.41371578,0.30043393,0.36607057,0.29256892,0.39510348,0.2699843,0.43526447,0.24389102,0.34102836,0.1924773,0.3702168
ENV_10_8f360,0.3070775,0.3575114,0.35351145,0.4129191,0.37979424,0.2594727,0.24750504,0.37725723,0.44467452,0.2451345,0.16762608,0.3309666,0.29804936,0.31574333,0.16579376,0.12300941,0.19722188,0.2920757,0.20892546,0.453986,0.30580258,0.12703998,0.37557197,0.24657898,0.29356295,0.16898504,0.17520544,0.32565522,0.34144837,0.27152604,0.27702487,0.25925007,0.20947808,0.40007314,0.32071227,0.18848169,0.18571866,0.24470666,0.34891006,0.21568277,0.19870791,0.18857521,0.2310058,0.43252563,0.44226933,0.45624125,0.4343257,0.19031207,0.3980435,0.4734939,0.4558165,0.42092162,1.0000002,0.25323284,0.36067474,0.51757187,0.5240751,0.57584894,0.1624993,0.22189172,0.5350305,0.30447903,0.3404814,0.4049595,0.42872593,0.16102366,0.27339894,0.35602736,0.2991203,0.3308168,0.24327803,0.25768253,0.33606866,0.17255048,0.29735854,0.3386132,0.2977221,0.36979944,0.2884864,0.36986026,0.17853668,0.29218388,0.2528905,0.3530717,0.3076803,0.39337844,0.3169544,0.3345307,0.2803999,0.2362725,0.29987392,0.27443293,0.29417145,0.45539308,0.5396834,0.3111813,0.45973068,0.39131284,0.3074536,0.55336654,0.37514555,0.28318223,0.3201943,0.3144829,0.117438585,0.38340288,0.28159845,0.2889436,0.25343382,0.40762097,0.18860991,0.50254846,0.28600848,0.39269102,0.29400617,0.29924294
ENV_11_97928,0.3377602,0.24294242,0.2877105,0.14413968,0.17800264,0.3082535,0.1982849,0.21138023,0.25131068,0.16458221,0.31418857,0.19510785,0.33705133,0.38637152,0.23366335,0.21984157,0.17986877,0.17062053,0.18127291,0.15875709,0.24626094,0.2177677,0.13364947,0.10654825,0.25178695,0.24588595,0.20956276,0.2146478,0.20882654,0.13410628,0.09331749,0.22754824,0.12910244,0.17188692,0.18743503,0.19962636,0.24405015,0.2111435,0.2241971,0.36784214,0.12788779,0.19258341,0.33247033,0.36645633,0.42602247,0.41817376,0.35681608,0.1644476,0.32621455,0.2637549,0.2944509,0.37893724,0.25323284,1.0000004,0.40389216,0.2989338,0.25304282,0.35806513,0.16424195,0.2303792,0.12195036,0.1503521,0.21025825,0.20413113,0.09216629,0.049571604,0.145001,0.14176528,0.21142557,0.22578841,0.059351977,0.20766465,0.13009065,0.13581547,0.14224164,0.27159446,0.14385998,0.21912943,0.10125788,0.16662246,0.07263053,0.29451743,0.17390949,0.16452244,0.057750735,0.20016602,0.2599023,0.16608705,0.07685399,0.22981136,0.16977075,0.06460145,0.3040968,0.2689861,0.25574556,0.15179569,0.19133496,0.10810132,0.16428322,0.27078527,0.19064912,0.12672395,0.23970783,0.19580719,0.23828039,0.16435249,0.17803684,0.12817438,0.29597312,0.17031285,0.23799546,0.26338023,0.20614454,0.11679518,0.13870001,0.250053
ENV_12_d933a,0.23934065,0.35604966,0.34886256,0.17712891,0.37333483,0.28322548,0.2686046,0.35336524,0.33986434,0.31117237,0.34118026,0.27176392,0.34575707,0.34489077,0.11972374,0.121736005,0.2868243,0.22461978,0.28659356,0.27495253,0.3924703,0.12368927,0.3316809,0.20041251,0.30842566,0.19783896,0.3022793,0.4290415,0.41284633,0.2595498,0.23981091,0.27242434,0.19362818,0.35897416,0.41840494,0.18641634,0.17356072,0.29347417,0.322908,0.23892853,0.22356766,0.17215088,0.30246484,0.3372896,0.54230833,0.53233874,0.41613173,0.28639147,0.4236644,0.44993165,0.5375957,0.4399526,0.36067474,0.40389216,1.0,0.4698409,0.4995437,0.4627437,0.23384485,0.29749453,0.26737863,0.23748855,0.21992297,0.26459843,0.29656166,0.11356237,0.16010088,0.22429127,0.2267268,0.22178501,0.27259117,0.18663815,0.30628586,0.24450894,0.3367977,0.36829183,0.3370068,0.41417897,0.32126176,0.36215872,0.2401048,0.24250463,0.35951772,0.3876252,0.29132777,0.2627248,0.2318413,0.20837462,0.2284056,0.1673547,0.22312784,0.20101492,0.2580731,0.5126488,0.39621848,0.16928521,0.3981452,0.25149477,0.16704747,0.37220556,0.2684833,0.3125746,0.41668385,0.3630767,0.25241393,0.3931707,0.3184945,0.4773489,0.3080448,0.40000534,0.25364563,0.41046956,0.24107382,0.36277097,0.34744427,0.3942565
ENV_13_e223a,0.32804397,0.50819635,0.51623404,0.41378385,0.3622321,0.399768,0.27013326,0.42710346,0.44615227,0.39658633,0.36281785,0.45290384,0.34468955,0.4716933,0.22555128,0.07147073,0.30219933,0.28728858,0.30673328,0.35870355,0.45428777,0.14112262,0.3093094,0.23093894,0.32282257,0.24618372,0.3074597,0.25131112,0.38892287,0.46714157,0.2868868,0.33768153,0.30610377,0.34481427,0.4712326,0.25394773,0.3439554,0.45579886,0.49757564,0.3694756,0.3793642,0.3085672,0.5478968,0.7542937,0.40834934,0.6861287,0.53643155,0.2951284,0.46136725,0.45027596,0.4951235,0.49823374,0.51757187,0.2989338,0.4698409,1.0000001,0.79269665,0.66071534,0.3184229,0.38826323,0.5523075,0.36479256,0.3917929,0.45231372,0.45801884,0.23484956,0.34722078,0.2965116,0.3536585,0.4091981,0.35542202,0.35086808,0.42220062,0.24750723,0.5182818,0.50087184,0.41940722,0.40268642,0.4120756,0.4966954,0.25982204,0.4242007,0.43346372,0.41419166,0.4438172,0.40379572,0.4087675,0.37571216,0.4185957,0.27249098,0.40110433,0.3803987,0.48418838,0.53976685,0.7637494,0.38393992,0.425583,0.5197939,0.3029903,0.75741494,0.38660082,0.336028,0.5130917,0.39233163,0.2746397,0.42026645,0.39206004,0.45363092,0.42260313,0.43640083,0.33982694,0.7053714,0.3510324,0.52376044,0.33308533,0.5254855
ENV_14_e4670,0.25281638,0.33368087,0.47502407,0.30238485,0.34142113,0.2676165,0.2036793,0.34888607,0.332756,0.3036997,0.32806608,0.41531983,0.36276352,0.3287155,0.12296438,0.06134186,0.34851736,0.22460555,0.3383919,0.35123214,0.5554811,0.13812305,0.27809134,0.17189415,0.2763248,0.28491208,0.2639801,0.25988662,0.38218588,0.34294558,0.21550311,0.30050814,0.22478697,0.35376728,0.39835796,0.23120883,0.22052014,0.29933977,0.3790961,0.21924746,0.23274638,0.1607401,0.39193112,0.6540756,0.45341155,0.6756652,0.6551053,0.26535878,0.5318425,0.46591213,0.45330653,0.502561,0.5240751,0.25304282,0.4995437,0.79269665,1.0000002,0.7149881,0.3078344,0.3680339,0.5337986,0.2985354,0.32918504,0.3498032,0.43092042,0.22446907,0.24406911,0.25843915,0.33586937,0.28370827,0.3817494,0.23118094,0.38204646,0.21679842,0.39401606,0.44594744,0.32181424,0.32148698,0.33491454,0.4040742,0.19114473,0.34136856,0.4131958,0.450023,0.34975913,0.42342317,0.3616147,0.2800362,0.341554,0.2804953,0.2962149,0.27702814,0.4316485,0.5075393,0.76413393,0.2960261,0.38072377,0.37312368,0.30836058,0.63929254,0.37212533,0.33735672,0.54115266,0.4168386,0.32911468,0.38068533,0.44375432,0.4946724,0.41816765,0.39088428,0.37517667,0.7294244,0.36034152,0.44514418,0.38968182,0.53733283
ENV_15_f1429,0.3340636,0.40606087,0.47788864,0.34669968,0.37096646,0.33838153,0.27640516,0.3737781,0.39823347,0.26938802,0.2736542,0.44343898,0.34210497,0.42482942,0.22009745,0.13436352,0.3117118,0.34467453,0.28755552,0.3991957,0.42815787,0.15491748,0.37769586,0.32545668,0.40107095,0.28761157,0.35571727,0.39657703,0.42449427,0.42733186,0.26567465,0.4537885,0.3327216,0.36670598,0.45078582,0.2955994,0.32641935,0.3822613,0.4380291,0.35065866,0.32679898,0.3351308,0.442981,0.5761905,0.45186633,0.6901726,0.7150704,0.23978566,0.48854253,0.4992133,0.5433409,0.55054384,0.57584894,0.35806513,0.4627437,0.66071534,0.7149881,0.99999964,0.34726992,0.35104898,0.43551284,0.32229853,0.3922947,0.4298705,0.37406868,0.22579472,0.31173083,0.3064353,0.37414175,0.39108986,0.28295958,0.2990591,0.43785852,0.17364319,0.40557492,0.5106566,0.4085893,0.3674286,0.4240418,0.45641142,0.16773334,0.39541525,0.4134387,0.44315767,0.35282862,0.45108172,0.44624084,0.33654252,0.4030614,0.3771483,0.42181006,0.28806233,0.47919747,0.5952314,0.6427695,0.42045838,0.4713073,0.40053993,0.4275071,0.5990027,0.37368482,0.41103995,0.49939656,0.40488678,0.3148232,0.4454761,0.4829371,0.4235307,0.41761228,0.38644755,0.36670196,0.60558635,0.4337933,0.48822504,0.35857856,0.55477583
ENV_16_f8183,0.21601778,0.16529931,0.2584656,0.30968732,0.17550597,0.19594862,0.19514248,0.17104083,0.36616558,0.21137306,0.27270505,0.31920868,0.16378224,0.21116684,0.06280404,0.17854601,0.27589914,0.2335394,0.25578856,0.43234253,0.33539015,0.22194824,0.15593183,0.25833583,0.23271884,0.3041814,0.22136782,0.2311767,0.3076181,0.29109058,0.15773849,0.28817147,0.20772392,0.10943873,0.21988243,0.36034888,0.21903934,0.27670217,0.24934515,0.17205681,0.24177414,0.28938827,0.19820829,0.30658934,0.2234729,0.29776984,0.29730582,0.24668324,0.311106,0.45856628,0.24531053,0.25076288,0.1624993,0.16424195,0.23384485,0.3184229,0.3078344,0.34726992,1.0000002,0.32631564,0.19034198,0.20796955,0.13318482,0.1453235,0.15525076,0.122569755,0.23230012,0.18711883,0.3223697,0.21541551,0.27030662,0.28187275,0.26585916,0.044926617,0.19984758,0.314067,0.23268317,0.15353441,0.25955963,0.25287625,0.11461083,0.16109283,0.21575083,0.2420752,0.25159413,0.2950512,0.34739667,0.27095804,0.24431062,0.3008859,0.35515618,0.21355428,0.28017217,0.30014277,0.29944086,0.31484368,0.24215129,0.22437191,0.2789601,0.27932692,0.18220013,0.29036036,0.3722887,0.22808918,0.19692807,0.26479045,0.2939244,0.17728546,0.25217116,0.15444475,0.29480058,0.26172838,0.2458865,0.3641787,0.24311724,0.37967533
HEA_01_07f11,0.29146466,0.23171015,0.42768022,0.22423774,0.2531057,0.24507594,0.20328271,0.4228873,0.3300619,0.260105,0.25796342,0.49080426,0.24678575,0.29120976,0.13889615,0.12750609,0.2093769,0.168163,0.35026884,0.21778011,0.24100062,0.1589104,0.16559635,0.22433013,0.21971567,0.25015116,0.31737435,0.25575578,0.28463846,0.21906728,0.14283672,0.31340766,0.21670981,0.14910898,0.32448995,0.17907853,0.2607008,0.27408695,0.37555653,0.16025835,0.17208213,0.20356354,0.3262838,0.39942664,0.22814053,0.38632187,0.27038017,0.20398955,0.26515847,0.25028652,0.32492846,0.371676,0.22189172,0.2303792,0.29749453,0.38826323,0.3680339,0.35104898,0.32631564,0.99999994,0.41669458,0.37092358,0.37242037,0.36657226,0.2807243,0.48068225,0.44397765,0.47503895,0.43860227,0.33497867,0.43281025,0.4119646,0.33312613,0.18852893,0.30064338,0.37036172,0.32362747,0.27386972,0.36835983,0.45272747,0.18765885,0.33471856,0.3456907,0.3348294,0.22009209,0.26542145,0.32567242,0.35270804,0.43666428,0.3745106,0.29154074,0.19130863,0.41857746,0.40689954,0.47775498,0.21820144,0.28110296,0.3561253,0.22137454,0.3901505,0.21303444,0.19379953,0.22313806,0.3245089,0.23632146,0.3222617,0.23612085,0.26850164,0.2267017,0.15317228,0.30915248,0.2717265,0.20721601,0.29078165,0.22538994,0.30954474
HEA_02_0a422,0.22330596,0.29486078,0.43092036,0.26908028,0.35431808,0.20538604,0.26590425,0.4447489,0.43039426,0.2754659,0.26144445,0.42766264,0.3457585,0.27271244,0.10027971,0.07995706,0.21539316,0.34756383,0.2852207,0.47306553,0.37020767,0.16088462,0.37237266,0.26789802,0.22427276,0.24553838,0.2135196,0.3150476,0.4320619,0.33555746,0.32325843,0.17796579,0.27154493,0.31994084,0.38284302,0.17529783,0.23255354,0.31360355,0.4728007,0.19715294,0.2645901,0.20481548,0.33123145,0.51812553,0.34756798,0.40037638,0.35900468,0.32681197,0.35762236,0.45204148,0.40718985,0.38325924,0.5350305,0.12195036,0.26737863,0.5523075,0.5337986,0.43551284,0.19034198,0.41669458,1.0000001,0.45831567,0.32506022,0.44374362,0.5289237,0.31191087,0.35377607,0.5065165,0.41104084,0.36501598,0.43066448,0.3354813,0.49008384,0.24941763,0.35949433,0.3341109,0.352942,0.4161268,0.30821976,0.46252233,0.24626118,0.1781907,0.2890332,0.36292195,0.39586613,0.49859798,0.34482294,0.36635864,0.45271927,0.23517375,0.38723046,0.3628196,0.38438958,0.42020994,0.55304825,0.35548854,0.45521516,0.44666135,0.27167147,0.5126841,0.4093027,0.29702172,0.35471886,0.3318761,0.124697186,0.49995065,0.350721,0.31247878,0.2576996,0.36970782,0.27617854,0.4366866,0.19968438,0.42229146,0.26895514,0.32004905
HEA_03_12168,0.23784778,0.29844138,0.34196785,0.23396938,0.24317098,0.19414145,0.18936649,0.35456133,0.33133805,0.28672022,0.19392474,0.4813925,0.22352116,0.27358222,0.12946537,0.059216797,0.22502318,0.3186854,0.3021947,0.30083483,0.2848277,0.26538682,0.27323097,0.21885896,0.24917606,0.18300529,0.19812159,0.23590955,0.3085758,0.38828462,0.35664833,0.24428675,0.21784243,0.23388195,0.35105988,0.16022716,0.3359481,0.33221397,0.44076562,0.17550074,0.3051468,0.26438567,0.3299423,0.38421834,0.29050085,0.35300285,0.22909334,0.2397538,0.35047317,0.36647344,0.34981775,0.28284413,0.30447903,0.1503521,0.23748855,0.36479256,0.2985354,0.32229853,0.20796955,0.37092358,0.45831567,1.0000001,0.5446285,0.5670239,0.41478747,0.3555596,0.5748639,0.5005812,0.49783903,0.48853442,0.5232776,0.5532079,0.63268614,0.20025152,0.33592677,0.35871688,0.42133266,0.31620347,0.325729,0.41861475,0.17076007,0.23347461,0.34047055,0.32925949,0.31018445,0.36737415,0.258033,0.26197642,0.47575384,0.25394005,0.22947177,0.19857869,0.28385612,0.40607437,0.4158945,0.30245268,0.28591087,0.4223463,0.16205059,0.39807022,0.27290088,0.22803065,0.25762457,0.31354842,0.23774685,0.3049708,0.30572397,0.33148214,0.23805384,0.27950102,0.18531647,0.33986962,0.21690574,0.32500774,0.24169122,0.30399108
HEA_04_19bb1,0.25725538,0.35505155,0.3506165,0.18184055,0.18177378,0.20072341,0.20288971,0.27142617,0.32041025,0.30775198,0.13965714,0.42768884,0.22167617,0.26965833,0.14717665,0.08082899,0.2241971,0.24150434,0.30778295,0.2781028,0.33021772,0.17952442,0.26803356,0.21181092,0.26268727,0.15723714,0.30744752,0.26378295,0.25476205,0.38000694,0.3126158,0.3813832,0.20788616,0.17865425,0.42166013,0.12624156,0.41212085,0.37890586,0.40493867,0.18829304,0.30075365,0.20699319,0.33857793,0.28897694,0.22169171,0.3621234,0.22914997,0.19823498,0.34456515,0.31433147,0.35789785,0.22730668,0.3404814,0.21025825,0.21992297,0.3917929,0.32918504,0.3922947,0.13318482,0.37242037,0.32506022,0.5446285,1.0000001,0.7986648,0.46740565,0.42041168,0.6151929,0.47425717,0.5017886,0.7893201,0.48931813,0.60661346,0.573943,0.093442544,0.41948062,0.3995355,0.34007534,0.29343882,0.3848011,0.45226473,0.11595796,0.30467218,0.40330797,0.3406297,0.29443434,0.32697815,0.31997842,0.29187816,0.5158606,0.22886172,0.19924948,0.17175242,0.27607363,0.38420266,0.4328926,0.22561565,0.25843185,0.39368507,0.23097655,0.3645447,0.31179044,0.22247949,0.3136589,0.3463316,0.25200814,0.32890764,0.23804095,0.3859652,0.3235032,0.2349552,0.22484525,0.3619435,0.22534177,0.26870158,0.27413717,0.3562374
HEA_05_65dc0,0.21440166,0.33703938,0.37954825,0.22495048,0.2687428,0.16812757,0.19115832,0.33946085,0.36226636,0.2828412,0.120235234,0.45746818,0.24262273,0.28280526,0.14549348,0.077715345,0.22844982,0.32366496,0.291382,0.26971224,0.35729638,0.17228657,0.32542974,0.29618514,0.30247903,0.10166492,0.33165768,0.3172359,0.34959653,0.37588573,0.37284744,0.33341867,0.2532454,0.3033672,0.4609959,0.11633003,0.42382523,0.4267937,0.51437247,0.21660599,0.3326237,0.23275763,0.36404487,0.36019439,0.3092963,0.38405463,0.2819072,0.16628386,0.3559209,0.34201297,0.4110539,0.24537972,0.4049595,0.20413113,0.26459843,0.45231372,0.3498032,0.4298705,0.1453235,0.36657226,0.44374362,0.5670239,0.7986648,0.99999994,0.627465,0.39698383,0.6314021,0.5627801,0.47795027,0.8144572,0.48258036,0.61004716,0.59108406,0.108798504,0.4550994,0.39752486,0.35028708,0.35583797,0.40986717,0.49208432,0.19675332,0.254907,0.36111435,0.30507854,0.3477376,0.39805573,0.3260365,0.31342298,0.57570916,0.23161602,0.29470107,0.2149928,0.29470944,0.43811452,0.4596678,0.32187116,0.35340816,0.46346265,0.23299941,0.43629825,0.38652572,0.21342328,0.31710273,0.3886436,0.18420212,0.43023264,0.26452702,0.3623383,0.26598465,0.33350232,0.1869548,0.3796129,0.20976731,0.31239006,0.20221555,0.32692802
HEA_06_6bf25,0.19649464,0.21693337,0.2746153,0.14774491,0.25722432,0.21100947,0.21511425,0.26930326,0.29477808,0.21973477,0.1701659,0.38990602,0.27802393,0.2256391,0.120161004,-0.0018237308,0.17428294,0.20573735,0.24567439,0.24035543,0.3372404,0.11652766,0.27458733,0.18012354,0.22370303,0.13098505,0.15354136,0.20052567,0.32305187,0.37182337,0.22657686,0.19782719,0.079643615,0.31521136,0.3340609,0.080218375,0.33575112,0.23805822,0.30876875,0.17788723,0.22602418,0.20952277,0.3325644,0.4247597,0.3110829,0.32664028,0.2914387,0.19573152,0.31756163,0.31793916,0.3026572,0.20191427,0.42872593,0.09216629,0.29656166,0.45801884,0.43092042,0.37406868,0.15525076,0.2807243,0.5289237,0.41478747,0.46740565,0.627465,0.9999998,0.3359751,0.35256425,0.47766137,0.47333652,0.4226635,0.3732046,0.34278485,0.42889273,0.14357759,0.3554801,0.3383569,0.30260327,0.271704,0.3572752,0.35790122,0.18540844,0.10168716,0.30897334,0.29669586,0.3040064,0.39771032,0.39700574,0.24487004,0.38978207,0.2387568,0.23927872,0.22296146,0.32798296,0.38385653,0.47110087,0.3148178,0.3960345,0.4051688,0.21578653,0.45659405,0.28747928,0.17457426,0.37337613,0.23271453,0.14884241,0.33254057,0.26783067,0.30773497,0.22731873,0.32126722,0.2252915,0.36780307,0.21423179,0.30399314,0.23899741,0.27952865
HEA_07_7822c,0.24366581,0.25246948,0.32390696,0.11032032,0.24826014,0.15038782,0.15382338,0.29863596,0.21036562,0.24203423,0.16668992,0.37806335,0.22583798,0.18012565,0.16959031,0.101118006,0.20715559,0.19382933,0.39712444,0.19280697,0.27124467,0.1634161,0.13048106,0.22183602,0.1832559,0.17451641,0.19724223,0.19092357,0.2294513,0.26790994,0.17447664,0.24340528,0.17723165,0.18736733,0.27815455,0.042254537,0.19534183,0.2745324,0.26722872,0.10873123,0.19219415,0.18872556,0.16592386,0.16057767,0.13841479,0.20803127,0.1053039,0.17346156,0.29601306,0.18949567,0.2533646,0.15864274,0.16102366,0.049571604,0.11356237,0.23484956,0.22446907,0.22579472,0.122569755,0.48068225,0.31191087,0.3555596,0.42041168,0.39698383,0.3359751,1.0,0.4562454,0.43608364,0.42504266,0.34345356,0.4975825,0.4140636,0.3669272,0.20662284,0.3241226,0.25862738,0.28131354,0.21067688,0.3337764,0.32267684,0.18657091,0.27949518,0.3772505,0.32344198,0.15898274,0.16888887,0.22446859,0.20683983,0.32016507,0.24320792,0.19038348,0.14325207,0.20293601,0.27017736,0.25811943,0.12401886,0.24997875,0.2748475,0.23052633,0.15132155,0.1746113,0.19737662,0.21005349,0.25361776,0.27124152,0.27094066,0.27050173,0.32517028,0.18493377,0.11189712,0.28537664,0.20144938,0.13177966,0.23573694,0.20991424,0.24347696
HEA_08_7c732,0.16699709,0.37452972,0.3517599,0.24635783,0.19922434,0.08982469,0.15111676,0.29983595,0.2905155,0.39244032,0.122484475,0.45785218,0.18508628,0.14958945,0.1211831,0.085411325,0.19449124,0.29523236,0.3259668,0.2460525,0.2921272,0.15896937,0.2333759,0.22764501,0.1614916,0.08084638,0.19174361,0.2857474,0.23665622,0.3643108,0.37654674,0.39048192,0.23808366,0.1991688,0.4350415,0.20383398,0.39149725,0.50110275,0.42754966,0.17905772,0.40305722,0.16321526,0.24299678,0.24063435,0.1414604,0.25335276,0.17044707,0.25026855,0.35603988,0.31582305,0.25908887,0.20161267,0.27339894,0.145001,0.16010088,0.34722078,0.24406911,0.31173083,0.23230012,0.44397765,0.35377607,0.5748639,0.6151929,0.6314021,0.35256425,0.4562454,1.0000002,0.61293477,0.4312822,0.6432758,0.61995256,0.9126376,0.5224561,0.1047095,0.41179568,0.38969392,0.31284124,0.27889508,0.35269243,0.4840177,0.12282471,0.21868786,0.2950332,0.22844523,0.3168385,0.34745696,0.24122167,0.2654182,0.5306567,0.21187529,0.21519136,0.1670817,0.20493415,0.3071292,0.2970214,0.2661304,0.21931727,0.41700274,0.13948476,0.2861576,0.31129444,0.20501909,0.21683863,0.3150183,0.19205922,0.315821,0.17629056,0.3159965,0.1987609,0.22660208,0.114666514,0.31331652,0.14542745,0.207571,0.20704281,0.2901578
HEA_09_8b6f3,0.16893649,0.2680307,0.36629617,0.15827072,0.32376558,0.15299931,0.24254583,0.37676337,0.31111875,0.22111711,0.20076361,0.39304838,0.30081758,0.22586733,0.16852406,0.2001337,0.16947162,0.318387,0.3702134,0.30024755,0.31242073,0.18943621,0.35719508,0.34029877,0.22373489,0.20439014,0.25526395,0.289718,0.38097468,0.2734173,0.38973024,0.24861169,0.24342144,0.36078036,0.34743676,0.12463881,0.2415064,0.31232548,0.38435715,0.16212618,0.20912659,0.24154353,0.29681513,0.31110105,0.30949247,0.25795558,0.17523316,0.21729842,0.3329674,0.38346714,0.33745104,0.2826801,0.35602736,0.14176528,0.22429127,0.2965116,0.25843915,0.3064353,0.18711883,0.47503895,0.5065165,0.5005812,0.47425717,0.5627801,0.47766137,0.43608364,0.61293477,0.9999999,0.5698276,0.5094471,0.5720985,0.5093937,0.42650604,0.15581721,0.3422454,0.34291703,0.3683792,0.42886057,0.33419108,0.48530278,0.21127453,0.22129226,0.31134212,0.28444844,0.3079233,0.3895316,0.39647362,0.37527576,0.4694552,0.3304685,0.32143468,0.24931504,0.2983306,0.4391448,0.36318558,0.29616466,0.42256933,0.38080546,0.29368004,0.33269018,0.39106068,0.2785745,0.28369078,0.34786442,0.19917789,0.49572325,0.3293015,0.31756088,0.2710097,0.37514094,0.25099194,0.25796282,0.16226073,0.2827259,0.2416805,0.24461076
HEA_10_95108,0.3055836,0.23379573,0.36169216,0.18788218,0.21645895,0.18078291,0.2353154,0.2874213,0.3245577,0.27676606,0.28712755,0.41497558,0.2582574,0.2663994,0.17030507,0.1418413,0.2630669,0.3187317,0.49634582,0.30621412,0.3413139,0.39409217,0.22147766,0.26602018,0.32932705,0.37057093,0.22779617,0.21574427,0.3064628,0.32638827,0.21442121,0.28299233,0.20677464,0.1765416,0.28600323,0.12622872,0.33253568,0.29277492,0.3371522,0.22032343,0.27339405,0.3935622,0.3288024,0.3756286,0.2712281,0.3728468,0.3224391,0.23018877,0.3258347,0.33455056,0.36899185,0.23735026,0.2991203,0.21142557,0.2267268,0.3536585,0.33586937,0.37414175,0.3223697,0.43860227,0.41104084,0.49783903,0.5017886,0.47795027,0.47333652,0.42504266,0.4312822,0.5698276,1.0,0.44246858,0.54674405,0.45750713,0.46654907,0.1641584,0.35167015,0.37613583,0.36912227,0.2918293,0.32198048,0.40006804,0.20960467,0.2736892,0.4928807,0.47818422,0.24529928,0.37527996,0.5472774,0.35918802,0.4536298,0.53595877,0.3398262,0.23273252,0.41353828,0.4558261,0.43341684,0.32230127,0.32102957,0.3891536,0.3051504,0.37739763,0.27304134,0.27013576,0.39074308,0.3062959,0.35650736,0.32669517,0.42879277,0.35752928,0.33509603,0.2438432,0.5750505,0.2854355,0.36611974,0.36353046,0.31215185,0.3496976
HEA_11_a46bf,0.18742861,0.37227553,0.3021599,0.20549521,0.18000594,0.12206074,0.19222021,0.25451908,0.3213643,0.31311944,0.081585005,0.38989258,0.2127186,0.21281502,0.11160828,0.08377153,0.20886393,0.2851814,0.28465548,0.26304775,0.26951796,0.16871509,0.2974107,0.23846464,0.22380573,0.09928057,0.25709254,0.26082262,0.25619534,0.3571184,0.33277792,0.29912204,0.18909931,0.19899827,0.3801129,0.13611338,0.3791937,0.3959122,0.37036806,0.19957584,0.3323306,0.19753546,0.30000848,0.2928548,0.20946094,0.3112973,0.21735398,0.1782247,0.2967997,0.3264652,0.31834105,0.18242238,0.3308168,0.22578841,0.22178501,0.4091981,0.28370827,0.39108986,0.21541551,0.33497867,0.36501598,0.48853442,0.7893201,0.8144572,0.4226635,0.34345356,0.6432758,0.5094471,0.44246858,1.0000004,0.5104595,0.6450709,0.5374243,0.10136029,0.46146727,0.35197592,0.30857918,0.31667992,0.35124242,0.4477339,0.1575804,0.26073962,0.33070338,0.2825521,0.37098917,0.3536061,0.27851743,0.32461116,0.47724652,0.19079262,0.24738723,0.1743443,0.28484136,0.42839858,0.3670677,0.30354133,0.26110023,0.38769677,0.17773499,0.3706817,0.32561553,0.23719153,0.29923207,0.3223251,0.19249363,0.3868413,0.2416609,0.31095582,0.27376148,0.26320034,0.16902256,0.33727142,0.18436772,0.28170344,0.24128973,0.33128476
HEA_12_cb742,0.22480589,0.32964566,0.4050523,0.20289889,0.2900036,0.13067219,0.28902733,0.3339883,0.27650028,0.3874882,0.22195631,0.4836949,0.2671058,0.19377637,0.06703012,0.08451279,0.2569876,0.27858984,0.5963102,0.25132638,0.40740833,0.30583698,0.25316778,0.19595169,0.18806908,0.23448743,0.23176567,0.24942383,0.3506502,0.4117693,0.31934527,0.2959179,0.25214458,0.2170972,0.42547724,0.15398648,0.29115966,0.37562692,0.38010046,0.08094127,0.27132088,0.1940099,0.23784015,0.22725531,0.23973489,0.31146958,0.21694075,0.31883267,0.4729179,0.3893492,0.3763631,0.23292735,0.24327803,0.059351977,0.27259117,0.35542202,0.3817494,0.28295958,0.27030662,0.43281025,0.43066448,0.5232776,0.48931813,0.48258036,0.3732046,0.4975825,0.61995256,0.5720985,0.54674405,0.5104595,1.0000004,0.5887813,0.55094624,0.30896446,0.5351153,0.45111603,0.46527058,0.36656883,0.44029498,0.5315083,0.34199828,0.26117325,0.49807483,0.4621931,0.3757258,0.3498779,0.29378974,0.3930468,0.5169062,0.28610843,0.2987406,0.22504252,0.28690457,0.46415275,0.37185392,0.2656659,0.33681777,0.4197175,0.22575343,0.29639494,0.29331878,0.29577202,0.35916752,0.38598907,0.36137998,0.408984,0.34688824,0.48570305,0.28864262,0.2834116,0.34520274,0.3577583,0.22179219,0.314048,0.2684124,0.3054954
HEA_13_e6d1e,0.20391233,0.3487209,0.35331416,0.26599145,0.2028693,0.08791657,0.17420119,0.29236913,0.30470148,0.44630975,0.15248919,0.43038172,0.21127397,0.14510486,0.14133826,0.0854169,0.23090482,0.3116458,0.375555,0.25768408,0.31028086,0.21679184,0.17830864,0.22219768,0.2061789,0.1390832,0.21840642,0.2905871,0.26171282,0.34480852,0.3676193,0.387707,0.24508974,0.18024354,0.43207818,0.23081332,0.38306677,0.51840603,0.42054284,0.1962999,0.41753381,0.19560933,0.25239044,0.22311322,0.17794144,0.26633465,0.17093107,0.3344238,0.36224926,0.31810278,0.26763883,0.18365076,0.25768253,0.20766465,0.18663815,0.35086808,0.23118094,0.2990591,0.28187275,0.4119646,0.3354813,0.5532079,0.60661346,0.61004716,0.34278485,0.4140636,0.9126376,0.5093937,0.45750713,0.6450709,0.5887813,1.0000002,0.5852826,0.12774578,0.4071817,0.4126817,0.3545326,0.29716924,0.34684873,0.4670325,0.13659053,0.24414882,0.3152691,0.28825834,0.3336113,0.33764485,0.23881838,0.25705114,0.46906996,0.19632104,0.22889361,0.18209302,0.23580107,0.30783692,0.2755805,0.27335137,0.22339335,0.4478795,0.12861589,0.2832673,0.2776597,0.19690119,0.24444667,0.30901766,0.22105847,0.2638703,0.171944,0.31136063,0.20907006,0.18842691,0.13776186,0.31367633,0.1550512,0.2311784,0.24270494,0.2882734
HEA_14_eb0b8,0.26810208,0.33958238,0.44161373,0.2782154,0.30183005,0.18131365,0.32790372,0.33208463,0.3824169,0.4308157,0.28556222,0.48907137,0.23408431,0.25704235,0.13035294,0.053319395,0.25922027,0.32222715,0.39473757,0.31721875,0.41176593,0.28122503,0.23694332,0.24072208,0.263878,0.22597915,0.24846251,0.2791851,0.41342685,0.42213798,0.30467328,0.38440624,0.27573425,0.20069629,0.4839521,0.19510522,0.32169443,0.45426598,0.41177857,0.17791328,0.37439692,0.2810495,0.31991127,0.3350527,0.31705117,0.39538836,0.300225,0.39052245,0.47336426,0.44643676,0.48354778,0.28890643,0.33606866,0.13009065,0.30628586,0.42220062,0.38204646,0.43785852,0.26585916,0.33312613,0.49008384,0.63268614,0.573943,0.59108406,0.42889273,0.3669272,0.5224561,0.42650604,0.46654907,0.5374243,0.55094624,0.5852826,0.9999999,0.30451983,0.47027034,0.4914775,0.4548859,0.3608174,0.42900372,0.5320786,0.295606,0.29613984,0.48582008,0.49750084,0.45689595,0.3903128,0.26003933,0.3495397,0.4984907,0.24186039,0.32853493,0.22434872,0.30049533,0.44744498,0.4477027,0.33078375,0.33564046,0.41789293,0.23518379,0.39439613,0.31241655,0.29817325,0.38860184,0.41180953,0.23200397,0.41974586,0.3665281,0.45098418,0.29037428,0.2332342,0.24005243,0.4136123,0.21786511,0.3683762,0.30036536,0.35613593
MAN_01_00138,0.18531546,0.17500691,0.27248445,0.26660421,0.19261065,0.1781088,0.43544728,0.24495277,0.21108931,0.24505462,0.27112162,0.17483477,0.24898316,0.17075923,0.22477245,0.00433136,0.061502315,0.16918638,0.28537107,0.09379454,0.20274244,0.14623654,0.03440138,0.099750645,0.10652538,0.21471132,0.22516474,0.09672984,0.15632276,0.2034168,0.09951159,0.07273103,0.1024324,0.16259739,0.1770201,0.0046609137,0.10370785,0.094553486,0.2193784,0.056004018,0.06802793,0.15590842,0.18863787,0.2113902,0.20869848,0.14470647,0.14425766,0.21830675,0.19078751,0.1318622,0.17802387,0.22910509,0.17255048,0.13581547,0.24450894,0.24750723,0.21679842,0.17364319,0.044926617,0.18852893,0.24941763,0.20025152,0.093442544,0.108798504,0.14357759,0.20662284,0.1047095,0.15581721,0.1641584,0.10136029,0.30896446,0.12774578,0.30451983,1.0,0.45340693,0.18764555,0.36415145,0.37577274,0.24146868,0.40664223,0.53999025,0.43501526,0.4934181,0.4354763,0.20812364,0.20412587,0.17246911,0.29808864,0.20108882,0.22155064,0.18293637,0.29605204,0.2061834,0.34999755,0.2058894,0.17255488,0.18357202,0.24884656,0.15864156,0.24712539,0.17846188,0.2511579,0.22189635,0.23481825,0.2703095,0.24810828,0.24376363,0.48715892,0.25336593,0.1435201,0.19606239,0.21972102,0.08880398,0.15501724,0.17431226,0.19310214
MAN_02_0bce5,0.30402794,0.4155816,0.42188805,0.27464542,0.33740956,0.26581833,0.37722105,0.37109143,0.40582535,0.4637469,0.20898747,0.4239054,0.33708763,0.2955234,0.22321948,0.08196605,0.16055673,0.30514315,0.36459458,0.266784,0.39990544,0.15810516,0.35256192,0.22542411,0.24428213,0.12483499,0.37416378,0.24653934,0.3885832,0.56554043,0.37152654,0.3358373,0.2654306,0.2902645,0.5025314,0.2036853,0.38437337,0.45496544,0.44234943,0.30871278,0.4433585,0.3303985,0.3599247,0.34013063,0.30807287,0.38798553,0.26193464,0.30522114,0.35578758,0.3485416,0.42026466,0.2976318,0.29735854,0.14224164,0.3367977,0.5182818,0.39401606,0.40557492,0.19984758,0.30064338,0.35949433,0.33592677,0.41948062,0.4550994,0.3554801,0.3241226,0.41179568,0.3422454,0.35167015,0.46146727,0.5351153,0.4071817,0.47027034,0.45340693,1.0,0.5525871,0.59804064,0.53752863,0.5691377,0.5914579,0.524436,0.45106947,0.59479856,0.49806577,0.56249094,0.4106198,0.3311032,0.33480883,0.48331663,0.28586352,0.32454166,0.24914673,0.28306353,0.52483517,0.4126647,0.3390333,0.4007125,0.4470801,0.20202662,0.40517014,0.36813706,0.284935,0.3578666,0.3972674,0.30031022,0.4112606,0.34188923,0.554263,0.36916283,0.370865,0.30636495,0.45542973,0.21635507,0.3603283,0.2681151,0.35431635
MAN_03_368c1,0.40078363,0.35993963,0.42177364,0.28300527,0.32440835,0.33955273,0.31320414,0.3621874,0.43165198,0.3900262,0.26930904,0.48201534,0.31789035,0.35286778,0.23842993,0.09032816,0.23742446,0.26595318,0.40341678,0.36264333,0.3903881,0.33524278,0.2746138,0.21506779,0.3062938,0.2736657,0.2701831,0.30750135,0.60701966,0.55825424,0.35028172,0.50694776,0.366264,0.2868208,0.58181906,0.3430479,0.51092976,0.63794076,0.5192197,0.45737487,0.54121923,0.4883204,0.49140888,0.36930007,0.34697992,0.46417913,0.354351,0.37693036,0.40788287,0.41341585,0.45248413,0.36007398,0.3386132,0.27159446,0.36829183,0.50087184,0.44594744,0.5106566,0.314067,0.37036172,0.3341109,0.35871688,0.3995355,0.39752486,0.3383569,0.25862738,0.38969392,0.34291703,0.37613583,0.35197592,0.45111603,0.4126817,0.4914775,0.18764555,0.5525871,1.0,0.5384904,0.40909916,0.5305896,0.53411835,0.24339004,0.33679605,0.48409027,0.4706233,0.378633,0.39903975,0.37775812,0.31038618,0.48206848,0.43559742,0.5309954,0.27557245,0.5215713,0.536212,0.45391884,0.54491484,0.43416858,0.49334496,0.36236537,0.44300538,0.3610501,0.3508422,0.48546395,0.35737827,0.45831653,0.40087423,0.4544036,0.4658115,0.45157474,0.28644794,0.35188803,0.5900003,0.3359175,0.3960967,0.36822477,0.44638634
MAN_04_38948,0.34490436,0.32499638,0.41076726,0.35870868,0.3900115,0.2885337,0.43176025,0.43750918,0.47649783,0.3548402,0.30861825,0.42124808,0.32951674,0.33356893,0.410043,0.1612041,0.29719973,0.37096184,0.37220398,0.3728708,0.40618035,0.1709334,0.36498943,0.3151884,0.4193232,0.25718448,0.4165502,0.28001285,0.46084356,0.42663926,0.39462766,0.36647767,0.32460827,0.34145132,0.56925976,0.23825687,0.41795608,0.37468982,0.52841586,0.27900457,0.38814187,0.45422593,0.3977091,0.28812948,0.4112826,0.37823695,0.29931152,0.2265375,0.33604681,0.41245225,0.42294347,0.36821392,0.2977221,0.14385998,0.3370068,0.41940722,0.32181424,0.4085893,0.23268317,0.32362747,0.352942,0.42133266,0.34007534,0.35028708,0.30260327,0.28131354,0.31284124,0.3683792,0.36912227,0.30857918,0.46527058,0.3545326,0.4548859,0.36415145,0.59804064,0.5384904,1.0000001,0.6450478,0.57385767,0.5811865,0.43913507,0.42983794,0.46827534,0.47622102,0.4467438,0.40072685,0.3106256,0.33701873,0.52093554,0.28715912,0.4125787,0.31986815,0.33330566,0.5081811,0.36607355,0.436427,0.44753587,0.7265117,0.33888477,0.3808746,0.44670704,0.3703575,0.3487307,0.41898593,0.38507035,0.3992742,0.4397458,0.48325622,0.38264567,0.4157017,0.3378503,0.353298,0.28620875,0.5030897,0.29738128,0.37457997
MAN_05_5144b,0.2876436,0.31116918,0.46123716,0.23016107,0.5424334,0.23563656,0.4291972,0.54515237,0.45970845,0.31565702,0.3437488,0.3442594,0.4264828,0.3572632,0.25693643,0.1620141,0.21894774,0.34238344,0.34003365,0.37752447,0.40700376,0.1379587,0.45185226,0.26285347,0.28775918,0.24368,0.40426922,0.29229194,0.51235294,0.28919214,0.49810362,0.25910634,0.28315198,0.49277925,0.49790362,0.18861789,0.24340233,0.328568,0.4418759,0.26737267,0.2264716,0.27009866,0.36880034,0.2982869,0.5920247,0.41320005,0.34306633,0.26712894,0.35531718,0.4264871,0.4425375,0.38491827,0.36979944,0.21912943,0.41417897,0.40268642,0.32148698,0.3674286,0.15353441,0.27386972,0.4161268,0.31620347,0.29343882,0.35583797,0.271704,0.21067688,0.27889508,0.42886057,0.2918293,0.31667992,0.36656883,0.29716924,0.3608174,0.37577274,0.53752863,0.40909916,0.6450478,1.0000004,0.55125284,0.566559,0.43312162,0.4094907,0.4337,0.4423959,0.3981501,0.34515762,0.31266662,0.34720367,0.42814988,0.2508018,0.35883287,0.2825935,0.28009433,0.5083386,0.31711164,0.30429083,0.53963614,0.44761196,0.32710034,0.38269344,0.4736082,0.36847815,0.37625697,0.5241239,0.26648968,0.48173258,0.38573018,0.49933153,0.39258146,0.584994,0.31300563,0.33431846,0.22362398,0.40738648,0.27923894,0.31638858
MAN_06_5a689,0.2759388,0.35031742,0.46613574,0.17677672,0.34319907,0.26695427,0.27766588,0.4195145,0.47742122,0.37744832,0.21677321,0.39031476,0.3229728,0.31896755,0.17413473,0.1522957,0.2537076,0.23436907,0.31834558,0.3251315,0.39064866,0.13412862,0.3441686,0.27947244,0.26361975,0.16233978,0.30957463,0.27022925,0.44065368,0.40327793,0.2631197,0.35798138,0.23722628,0.31535769,0.6390513,0.19768192,0.33016777,0.39893526,0.409212,0.25257948,0.33202395,0.3202474,0.30604604,0.2523593,0.33098286,0.32443258,0.29768312,0.23520297,0.37104195,0.37900782,0.44957018,0.3290953,0.2884864,0.10125788,0.32126176,0.4120756,0.33491454,0.4240418,0.25955963,0.36835983,0.30821976,0.325729,0.3848011,0.40986717,0.3572752,0.3337764,0.35269243,0.33419108,0.32198048,0.35124242,0.44029498,0.34684873,0.42900372,0.24146868,0.5691377,0.5305896,0.57385767,0.55125284,1.0000002,0.67030513,0.36815315,0.27436683,0.44557154,0.426137,0.44704312,0.30957776,0.29179227,0.2857242,0.47604787,0.3071159,0.3308425,0.27496484,0.29000798,0.46891487,0.31345087,0.23729046,0.36409146,0.40297014,0.32732016,0.32715344,0.3688385,0.25531214,0.32737732,0.4374178,0.26416838,0.41442743,0.30243874,0.42393357,0.34254315,0.33244053,0.29086864,0.41238174,0.25161254,0.4275767,0.25407508,0.33136445
MAN_07_5faab,0.29927498,0.3714418,0.5406399,0.26888,0.34647992,0.2496964,0.38753557,0.44952962,0.50449985,0.40291888,0.27008143,0.5295339,0.353576,0.33470428,0.25140485,0.15291527,0.25278217,0.36566684,0.38652378,0.38100845,0.4161519,0.2084926,0.36654073,0.38629073,0.28331593,0.2866393,0.38801336,0.38405153,0.44197688,0.3890819,0.38364467,0.36432505,0.3014311,0.32497707,0.56165695,0.22783321,0.31767568,0.43446675,0.53558624,0.26814568,0.33856288,0.30084515,0.36290982,0.36045122,0.30781367,0.42984408,0.3544168,0.34455538,0.43579805,0.47119635,0.4848919,0.4212364,0.36986026,0.16662246,0.36215872,0.4966954,0.4040742,0.45641142,0.25287625,0.45272747,0.46252233,0.41861475,0.45226473,0.49208432,0.35790122,0.32267684,0.4840177,0.48530278,0.40006804,0.4477339,0.5315083,0.4670325,0.5320786,0.40664223,0.5914579,0.53411835,0.5811865,0.566559,0.67030513,1.0,0.48124492,0.37098363,0.480897,0.56481534,0.48293194,0.46568406,0.3632513,0.43954307,0.55028677,0.30406314,0.3724542,0.3423101,0.3792601,0.5043173,0.43014383,0.33260435,0.41219777,0.4893903,0.3258322,0.4497016,0.5441335,0.32662126,0.3962717,0.5239328,0.29257706,0.64192235,0.384551,0.52057946,0.4003721,0.34339565,0.32384318,0.45456892,0.30362466,0.4251808,0.36415488,0.43405366
MAN_08_678a7,0.14400749,0.13351256,0.23011382,0.18619868,0.2708726,0.08463351,0.3889975,0.23719198,0.16628502,0.30987403,0.25557113,0.22067139,0.27124518,0.14860694,0.17531133,0.01745815,0.1348251,0.17060938,0.2443694,0.12746397,0.20480761,0.1373097,0.2076933,0.14147893,0.14972508,0.16669905,0.24723071,0.104640216,0.28882527,0.16931748,0.17675212,0.13595332,0.18956031,0.29547453,0.23029938,0.044192236,0.096702754,0.21167526,0.26339304,0.109451324,0.16648851,0.23062931,0.15692705,0.21023043,0.20961425,0.18156312,0.12525877,0.23023152,0.16858625,0.16429496,0.26459765,0.1824755,0.17853668,0.07263053,0.2401048,0.25982204,0.19114473,0.16773334,0.11461083,0.18765885,0.24626118,0.17076007,0.11595796,0.19675332,0.18540844,0.18657091,0.12282471,0.21127453,0.20960467,0.1575804,0.34199828,0.13659053,0.295606,0.53999025,0.524436,0.24339004,0.43913507,0.43312162,0.36815315,0.48124492,1.0000002,0.35443085,0.43549317,0.4292158,0.33197373,0.22909065,0.20653428,0.35610408,0.29821956,0.19832695,0.21186484,0.24049234,0.11531755,0.34155595,0.21343169,0.1814419,0.2555627,0.2862271,0.17195427,0.22032505,0.23600793,0.24100664,0.23161379,0.4036087,0.21382494,0.3118593,0.22349027,0.38427883,0.2363576,0.22821991,0.24830672,0.17106077,0.16857857,0.17720893,0.17862952,0.1648544
MAN_09_678b1,0.28611508,0.28526664,0.33010256,0.43619764,0.26929933,0.2829134,0.2640403,0.28720844,0.31258547,0.25062662,0.22264019,0.2761625,0.26746327,0.3619693,0.34930927,0.072077274,0.17520182,0.17107686,0.3886822,0.1899237,0.26426893,0.1864979,0.17703366,0.1510309,0.23481894,0.24244282,0.391621,0.12366213,0.28548822,0.24380308,0.20338672,0.33588526,0.33041453,0.25581408,0.2774434,0.2128358,0.24952044,0.28741643,0.3604746,0.24773702,0.20699832,0.25432754,0.44404662,0.35796222,0.24858743,0.43084612,0.25869194,0.13026737,0.24204977,0.17027998,0.32916936,0.3697766,0.29218388,0.29451743,0.24250463,0.4242007,0.34136856,0.39541525,0.16109283,0.33471856,0.1781907,0.23347461,0.30467218,0.254907,0.10168716,0.27949518,0.21868786,0.22129226,0.2736892,0.26073962,0.26117325,0.24414882,0.29613984,0.43501526,0.45106947,0.33679605,0.42983794,0.4094907,0.27436683,0.37098363,0.35443085,0.9999998,0.64567614,0.5031288,0.24737856,0.1851082,0.30929098,0.45944545,0.23620981,0.25569996,0.28568745,0.16271022,0.33039603,0.44044536,0.43560228,0.21822903,0.2630003,0.33720773,0.28354305,0.3685594,0.1854021,0.253957,0.23518226,0.3098227,0.26012936,0.20866147,0.29516363,0.42609587,0.27868897,0.16144577,0.26744118,0.32383594,0.2708432,0.2463065,0.21184826,0.22584757
MAN_10_b0685,0.31174672,0.41918787,0.48779395,0.33899847,0.35096776,0.35266775,0.37120342,0.38421357,0.37879673,0.3885411,0.31957513,0.41773394,0.3351928,0.3695714,0.2964453,0.058995493,0.31648162,0.3218295,0.58057606,0.24745205,0.45433754,0.26973373,0.23653293,0.24396792,0.3570344,0.2864607,0.30377728,0.25605863,0.34481323,0.39785525,0.20413466,0.372569,0.32572204,0.2951014,0.394966,0.17511605,0.30124617,0.3748828,0.41060755,0.1656518,0.32010248,0.35507393,0.24022408,0.31423426,0.3185484,0.41065267,0.27764526,0.24776529,0.40853697,0.28610024,0.48145086,0.3677902,0.2528905,0.17390949,0.35951772,0.43346372,0.4131958,0.4134387,0.21575083,0.3456907,0.2890332,0.34047055,0.40330797,0.36111435,0.30897334,0.3772505,0.2950332,0.31134212,0.4928807,0.33070338,0.49807483,0.3152691,0.48582008,0.4934181,0.59479856,0.48409027,0.46827534,0.4337,0.44557154,0.480897,0.43549317,0.64567614,1.0,0.7069913,0.31651562,0.30039012,0.41171515,0.35537687,0.40495804,0.35127294,0.2892072,0.14816165,0.31193388,0.55501175,0.47105795,0.2278087,0.36845368,0.36317033,0.27938652,0.3556291,0.24744684,0.3392446,0.40209168,0.40461344,0.47398257,0.38689762,0.40263104,0.7343394,0.36087114,0.26408347,0.45808646,0.41790742,0.34506497,0.35584417,0.3245441,0.3314592
MAN_11_d7e72,0.337025,0.3078758,0.43048197,0.28848428,0.41219407,0.26612788,0.344213,0.3597452,0.42184508,0.4013935,0.34933025,0.40523142,0.3419179,0.30311963,0.25400418,0.13285193,0.33270484,0.35028785,0.5537474,0.33669826,0.4626779,0.2277411,0.2592531,0.24681215,0.35457966,0.38706687,0.32987335,0.30537975,0.47913715,0.3327961,0.2713637,0.36241326,0.3095958,0.38738653,0.3956746,0.2510436,0.23607592,0.37765744,0.4276744,0.23350392,0.29530993,0.36253947,0.32019585,0.29211056,0.37089366,0.47238404,0.37782645,0.308075,0.40556285,0.38713652,0.50969887,0.34337777,0.3530717,0.16452244,0.3876252,0.41419166,0.450023,0.44315767,0.2420752,0.3348294,0.36292195,0.32925949,0.3406297,0.30507854,0.29669586,0.32344198,0.22844523,0.28444844,0.47818422,0.2825521,0.4621931,0.28825834,0.49750084,0.4354763,0.49806577,0.4706233,0.47622102,0.4423959,0.426137,0.56481534,0.4292158,0.5031288,0.7069913,1.0,0.39872912,0.3338939,0.36527893,0.42642146,0.3632598,0.29590553,0.37310338,0.30835772,0.32449004,0.46401185,0.45402935,0.26272392,0.44939783,0.32987985,0.42101586,0.36367288,0.3060529,0.35649052,0.48388454,0.43962955,0.44258514,0.4799711,0.5131451,0.6434449,0.37881318,0.28797272,0.47797424,0.39563656,0.38313508,0.49752146,0.5069968,0.43546408
MAN_12_da3b4,0.13948543,0.3272144,0.36768425,0.27649486,0.30603936,0.20300967,0.27477026,0.32293394,0.3999896,0.4419994,0.18031159,0.42075512,0.28524056,0.16944534,0.12443523,0.14648344,0.1338365,0.30018428,0.23556218,0.35480642,0.3458283,0.037671614,0.3743108,0.23164298,0.19027516,0.0893988,0.22796056,0.20058796,0.34924427,0.44239122,0.26284432,0.21384206,0.25775766,0.30736572,0.41190514,0.24148962,0.29161987,0.39411768,0.38989112,0.18869278,0.36380368,0.19204268,0.34336483,0.31704962,0.23114386,0.37560117,0.26228243,0.33513582,0.27207598,0.41252047,0.34857243,0.30519325,0.3076803,0.057750735,0.29132777,0.4438172,0.34975913,0.35282862,0.25159413,0.22009209,0.39586613,0.31018445,0.29443434,0.3477376,0.3040064,0.15898274,0.3168385,0.3079233,0.24529928,0.37098917,0.3757258,0.3336113,0.45689595,0.20812364,0.56249094,0.378633,0.4467438,0.3981501,0.44704312,0.48293194,0.33197373,0.24737856,0.31651562,0.39872912,1.0000004,0.45918116,0.19259751,0.22170869,0.4013525,0.13219287,0.27866012,0.19338544,0.23263939,0.32929802,0.35894173,0.30668098,0.36485827,0.34557986,0.18369047,0.31538457,0.251349,0.21091533,0.24639057,0.34707522,0.17034909,0.3896799,0.23663971,0.39007878,0.24372458,0.33625084,0.1973513,0.3510059,0.12630299,0.3625378,0.2727699,0.29658604
SMA_01_0592f,0.25671563,0.17824382,0.28985918,0.2640859,0.22334573,0.13364582,0.14582603,0.24896699,0.37379354,0.23081926,0.1317197,0.3765056,0.29317558,0.17767501,0.11541929,0.1111598,0.23249008,0.47526622,0.25540033,0.4271684,0.55592257,0.26636854,0.35156363,0.34295353,0.33274114,0.2729387,0.26204476,0.34387708,0.38113803,0.38203698,0.3197517,0.26092213,0.18107134,0.27960855,0.3250967,0.2787064,0.3687231,0.32821578,0.36733294,0.2629952,0.33716422,0.27790672,0.31854245,0.41223758,0.2883359,0.34451833,0.37472114,0.31591293,0.37896848,0.4995227,0.34127364,0.2601996,0.39337844,0.20016602,0.2627248,0.40379572,0.42342317,0.45108172,0.2950512,0.26542145,0.49859798,0.36737415,0.32697815,0.39805573,0.39771032,0.16888887,0.34745696,0.3895316,0.37527996,0.3536061,0.3498779,0.33764485,0.3903128,0.20412587,0.4106198,0.39903975,0.40072685,0.34515762,0.30957776,0.46568406,0.22909065,0.1851082,0.30039012,0.3338939,0.45918116,1.0000001,0.39006323,0.37280065,0.50000584,0.32608575,0.32664436,0.27341494,0.39539754,0.44106406,0.4301412,0.41680622,0.38280368,0.43186432,0.21428184,0.41166335,0.42357522,0.20108134,0.3825593,0.3249941,0.2572834,0.40180737,0.3231644,0.36130327,0.3033655,0.26992553,0.24784139,0.38898084,0.26651338,0.3524783,0.2878838,0.35972983
SMA_02_1b70d,0.33814174,0.21855938,0.35644668,0.33847928,0.24847671,0.2936158,0.27158588,0.27694824,0.32657814,0.19873302,0.3072923,0.2765837,0.3379612,0.31744492,0.34113878,0.09499764,0.23046741,0.25822946,0.28150582,0.2796153,0.34444162,0.25997043,0.22458681,0.2995469,0.3900438,0.4243345,0.32932967,0.23666894,0.3573377,0.3737682,0.20474783,0.3184659,0.24160483,0.19840658,0.29297438,0.25009182,0.28968298,0.32200432,0.30117443,0.34860682,0.26066533,0.42465016,0.35568616,0.49468988,0.29953894,0.36039275,0.3447407,0.2126522,0.3118785,0.3299954,0.27679053,0.29355228,0.3169544,0.2599023,0.2318413,0.4087675,0.3616147,0.44624084,0.34739667,0.32567242,0.34482294,0.258033,0.31997842,0.3260365,0.39700574,0.22446859,0.24122167,0.39647362,0.5472774,0.27851743,0.29378974,0.23881838,0.26003933,0.17246911,0.3311032,0.37775812,0.3106256,0.31266662,0.29179227,0.3632513,0.20653428,0.30929098,0.41171515,0.36527893,0.19259751,0.39006323,1.0,0.4997576,0.3858524,0.524349,0.45009738,0.29613864,0.43871957,0.4612801,0.4418354,0.40697667,0.40261835,0.3451466,0.41710693,0.44605958,0.28029162,0.29429662,0.40229836,0.2659797,0.27094287,0.41009808,0.36564338,0.31629938,0.34378648,0.27043724,0.5083127,0.34261024,0.48787275,0.318136,0.2754974,0.34638897
SMA_03_20b1e,0.21802326,0.20570412,0.27102247,0.35891494,0.2896927,0.22816473,0.257553,0.2500706,0.25347587,0.25549155,0.31536707,0.27095622,0.24849783,0.28716302,0.1409275,0.12589613,0.16595834,0.23790768,0.29286897,0.21348369,0.26847818,0.22150277,0.24522156,0.26978573,0.21711504,0.31106624,0.3918158,0.2118348,0.4114335,0.290863,0.22510767,0.30319595,0.26758575,0.24432784,0.28612423,0.23706189,0.21081221,0.2859611,0.2757339,0.20123082,0.17343941,0.24815026,0.32428306,0.3462441,0.21587498,0.32932258,0.25700963,0.24479795,0.30907822,0.31107932,0.34854674,0.29966384,0.3345307,0.16608705,0.20837462,0.37571216,0.2800362,0.33654252,0.27095804,0.35270804,0.36635864,0.26197642,0.29187816,0.31342298,0.24487004,0.20683983,0.2654182,0.37527576,0.35918802,0.32461116,0.3930468,0.25705114,0.3495397,0.29808864,0.33480883,0.31038618,0.33701873,0.34720367,0.2857242,0.43954307,0.35610408,0.45944545,0.35537687,0.42642146,0.22170869,0.37280065,0.4997576,1.0000002,0.4323489,0.35900182,0.42258763,0.31727862,0.345776,0.44623423,0.38422295,0.3078441,0.4005,0.3198759,0.3346808,0.44350278,0.2662515,0.4272747,0.31470183,0.3860362,0.2163287,0.38458174,0.3646683,0.30361176,0.29994324,0.23700169,0.4001877,0.2440292,0.30889276,0.3181761,0.2848377,0.25982642
SMA_04_28b4e,0.22449186,0.31698316,0.3704418,0.25878665,0.30681726,0.19288293,0.22566614,0.34570548,0.3594091,0.26622427,0.1602025,0.49916145,0.17036244,0.27791715,0.14680621,0.16863507,0.2317452,0.34737727,0.30859423,0.2837898,0.32713172,0.22104323,0.41834038,0.35901833,0.2831772,0.26559436,0.42725253,0.30822575,0.3834532,0.37721843,0.4292712,0.37957257,0.287468,0.24852394,0.48322105,0.28249002,0.5073428,0.4328634,0.57691896,0.22763747,0.3414463,0.28441086,0.34369838,0.39346778,0.22394204,0.35487837,0.29753742,0.26638362,0.30246723,0.3448512,0.41771033,0.3302309,0.2803999,0.07685399,0.2284056,0.4185957,0.341554,0.4030614,0.24431062,0.43666428,0.45271927,0.47575384,0.5158606,0.57570916,0.38978207,0.32016507,0.5306567,0.4694552,0.4536298,0.47724652,0.5169062,0.46906996,0.4984907,0.20108882,0.48331663,0.48206848,0.52093554,0.42814988,0.47604787,0.55028677,0.29821956,0.23620981,0.40495804,0.3632598,0.4013525,0.50000584,0.3858524,0.4323489,1.0000002,0.39969367,0.37795606,0.28152865,0.40873054,0.4989483,0.482205,0.39016664,0.41423106,0.55049056,0.26044804,0.42896223,0.38325086,0.2681877,0.32602528,0.46190637,0.27486032,0.44135988,0.3573483,0.42931464,0.2935772,0.3290381,0.3620832,0.35384345,0.25406682,0.40913394,0.26302406,0.37688127
SMA_05_29f8e,0.26197615,0.15803641,0.22320998,0.26586536,0.15315154,0.20894378,0.16732961,0.164637,0.19465758,0.12997997,0.25515252,0.18896177,0.18746206,0.23759338,0.16171923,0.047184125,0.08263442,0.10228693,0.2136036,0.17097418,0.24504665,0.26819173,0.123669386,0.13768986,0.19428137,0.2806753,0.21955499,0.098870195,0.27945712,0.32631373,0.15228865,0.25527185,0.21470481,0.09841374,0.2321822,0.1764399,0.23005001,0.25417733,0.19485469,0.27651945,0.22026536,0.3118295,0.29738003,0.41426355,0.25796133,0.2632059,0.31203803,0.08553768,0.21834819,0.20025542,0.23613507,0.23870002,0.2362725,0.22981136,0.1673547,0.27249098,0.2804953,0.3771483,0.3008859,0.3745106,0.23517375,0.25394005,0.22886172,0.23161602,0.2387568,0.24320792,0.21187529,0.3304685,0.53595877,0.19079262,0.28610843,0.19632104,0.24186039,0.22155064,0.28586352,0.43559742,0.28715912,0.2508018,0.3071159,0.30406314,0.19832695,0.25569996,0.35127294,0.29590553,0.13219287,0.32608575,0.524349,0.35900182,0.39969367,1.0000001,0.4640817,0.27884522,0.43963963,0.48463422,0.38559437,0.45330817,0.27099556,0.29054537,0.31350982,0.3348649,0.17705062,0.22811943,0.2773926,0.20446244,0.33206972,0.21778688,0.3317403,0.22974283,0.24793094,0.15623862,0.46931458,0.2192753,0.2732718,0.19424507,0.1696847,0.2994194
SMA_06_2df5b,0.29960945,0.1947872,0.33059147,0.45143062,0.33613127,0.2107574,0.26967132,0.31672123,0.42628986,0.24801642,0.2881921,0.3238869,0.26049942,0.2748819,0.21887611,0.07912768,0.2270575,0.28236312,0.2958592,0.4149831,0.32261738,0.31061098,0.20746633,0.25900355,0.2987449,0.42993143,0.35151517,0.25989604,0.589084,0.4516455,0.27947524,0.3727624,0.49959326,0.26165378,0.40344167,0.29113564,0.3165645,0.47861338,0.45916188,0.42696807,0.39394432,0.44810718,0.45632595,0.39611864,0.31896016,0.36521626,0.25685966,0.31230378,0.28145874,0.44077107,0.41152024,0.22733608,0.29987392,0.16977075,0.22312784,0.40110433,0.2962149,0.42181006,0.35515618,0.29154074,0.38723046,0.22947177,0.19924948,0.29470107,0.23927872,0.19038348,0.21519136,0.32143468,0.3398262,0.24738723,0.2987406,0.22889361,0.32853493,0.18293637,0.32454166,0.5309954,0.4125787,0.35883287,0.3308425,0.3724542,0.21186484,0.28568745,0.2892072,0.37310338,0.27866012,0.32664436,0.45009738,0.42258763,0.37795606,0.4640817,1.0000004,0.5624747,0.5596852,0.46372622,0.41606697,0.7869347,0.48257962,0.47657335,0.6240753,0.38524503,0.29406366,0.32892266,0.35729033,0.26501518,0.25883174,0.40138513,0.54239196,0.24587435,0.28285462,0.18242879,0.32212892,0.32975543,0.2753713,0.39230305,0.21335757,0.26516438
SMA_07_57127,0.19674236,0.15769795,0.24823678,0.3471357,0.2042352,0.15667269,0.30004555,0.261683,0.33540788,0.18224844,0.23673636,0.21432911,0.18997206,0.16127668,0.17684385,0.07146629,0.17640305,0.15438922,0.12977381,0.29919565,0.2033686,0.09220939,0.08581605,0.14686328,0.16928187,0.25550288,0.17029025,0.115419894,0.31245142,0.24473707,0.18114415,0.20629056,0.16344175,0.18527889,0.35930228,0.16394468,0.17249723,0.17795451,0.24562567,0.31083655,0.19897701,0.24820957,0.28250688,0.30837977,0.18618384,0.15806812,0.20950983,0.22065139,0.20299232,0.31947494,0.2012999,0.10138711,0.27443293,0.06460145,0.20101492,0.3803987,0.27702814,0.28806233,0.21355428,0.19130863,0.3628196,0.19857869,0.17175242,0.2149928,0.22296146,0.14325207,0.1670817,0.24931504,0.23273252,0.1743443,0.22504252,0.18209302,0.22434872,0.29605204,0.24914673,0.27557245,0.31986815,0.2825935,0.27496484,0.3423101,0.24049234,0.16271022,0.14816165,0.30835772,0.19338544,0.27341494,0.29613864,0.31727862,0.28152865,0.27884522,0.5624747,1.0000001,0.42199787,0.3341171,0.2633735,0.35814816,0.3253376,0.37354952,0.48707566,0.35287794,0.24646908,0.30824685,0.21160856,0.17129356,0.12746546,0.26611125,0.2888633,0.18386626,0.2371848,0.23692968,0.27671197,0.27781832,0.1641114,0.36517864,0.19439988,0.2765585
SMA_08_6d7ad,0.4070425,0.20937891,0.3409401,0.26379836,0.2594267,0.2968982,0.2484647,0.31361642,0.37594053,0.20220715,0.26369777,0.34790018,0.26727816,0.37818882,0.24017164,0.025759257,0.24367738,0.21679458,0.266973,0.27968925,0.24271488,0.32486445,0.1325739,0.19918004,0.21246314,0.4441799,0.27808815,0.13753682,0.36207202,0.2633134,0.140571,0.28096357,0.19111452,0.21922775,0.38696802,0.32519132,0.36910254,0.29524633,0.38844872,0.3705557,0.21620926,0.31267956,0.4846592,0.541892,0.21754766,0.38848317,0.33048072,0.28868377,0.22115715,0.2937954,0.3155515,0.27538136,0.29417145,0.3040968,0.2580731,0.48418838,0.4316485,0.47919747,0.28017217,0.41857746,0.38438958,0.28385612,0.27607363,0.29470944,0.32798296,0.20293601,0.20493415,0.2983306,0.41353828,0.28484136,0.28690457,0.23580107,0.30049533,0.2061834,0.28306353,0.5215713,0.33330566,0.28009433,0.29000798,0.3792601,0.11531755,0.33039603,0.31193388,0.32449004,0.23263939,0.39539754,0.43871957,0.345776,0.40873054,0.43963963,0.5596852,0.42199787,1.0,0.54290867,0.52183074,0.5278444,0.37106854,0.48679802,0.3406303,0.49572787,0.21334633,0.2429259,0.36817878,0.20658952,0.253792,0.31402424,0.43594486,0.25192794,0.44066375,0.12999643,0.34266192,0.4367981,0.29451168,0.30226645,0.29867077,0.28564283
SMA_09_87975,0.32636827,0.41687745,0.4212402,0.30080184,0.4042275,0.30396882,0.37871173,0.4322265,0.41097933,0.33481586,0.2343609,0.39736807,0.39165938,0.42590588,0.2570863,0.039477203,0.22852454,0.29242623,0.36914468,0.29877236,0.37943077,0.26394948,0.32467565,0.18544972,0.32323042,0.26965618,0.30580437,0.24132642,0.47000965,0.41974926,0.31594157,0.3223491,0.2635458,0.33017427,0.44961375,0.1878418,0.35433468,0.37455457,0.41762573,0.24271321,0.2984409,0.32075992,0.34577867,0.4801697,0.4693936,0.4935058,0.37450945,0.2417767,0.37948364,0.39885306,0.54630697,0.4393964,0.45539308,0.2689861,0.5126488,0.53976685,0.5075393,0.5952314,0.30014277,0.40689954,0.42020994,0.40607437,0.38420266,0.43811452,0.38385653,0.27017736,0.3071292,0.4391448,0.4558261,0.42839858,0.46415275,0.30783692,0.44744498,0.34999755,0.52483517,0.536212,0.5081811,0.5083386,0.46891487,0.5043173,0.34155595,0.44044536,0.55501175,0.46401185,0.32929802,0.44106406,0.4612801,0.44623423,0.4989483,0.48463422,0.46372622,0.3341171,0.54290867,1.0,0.553303,0.3997454,0.5242214,0.47560734,0.33121532,0.5191872,0.37999454,0.37854403,0.47314423,0.3571879,0.32431978,0.48916048,0.4199357,0.49390182,0.3692912,0.3628974,0.41093773,0.48524225,0.34021536,0.43723893,0.35797966,0.3980981
SMA_10_8b8dc,0.27445075,0.36605626,0.45525128,0.45068616,0.3798759,0.3411662,0.19750732,0.3482778,0.39312652,0.24142894,0.28582183,0.48888034,0.26924282,0.4066121,0.15373588,0.04078014,0.30741397,0.23306432,0.31673127,0.32607406,0.41478947,0.13182929,0.30839965,0.24015015,0.3024985,0.27064568,0.33572465,0.23811588,0.38741654,0.3957148,0.24549685,0.29976615,0.2924811,0.36566633,0.35367265,0.27748567,0.30455267,0.308948,0.494202,0.2265375,0.23749068,0.25466853,0.4623725,0.81644726,0.37446165,0.6682005,0.49556828,0.2681991,0.43827963,0.4377513,0.51087064,0.5244986,0.5396834,0.25574556,0.39621848,0.7637494,0.76413393,0.6427695,0.29944086,0.47775498,0.55304825,0.4158945,0.4328926,0.4596678,0.47110087,0.25811943,0.2970214,0.36318558,0.43341684,0.3670677,0.37185392,0.2755805,0.4477027,0.2058894,0.4126647,0.45391884,0.36607355,0.31711164,0.31345087,0.43014383,0.21343169,0.43560228,0.47105795,0.45402935,0.35894173,0.4301412,0.4418354,0.38422295,0.482205,0.38559437,0.41606697,0.2633735,0.52183074,0.553303,1.0000004,0.4278654,0.51569587,0.5219168,0.31023183,0.7275374,0.29407543,0.22485037,0.42397442,0.36378103,0.23952425,0.40855187,0.35919905,0.4092457,0.34033275,0.3102591,0.31475732,0.5600723,0.27305532,0.41234124,0.2741203,0.39646035
SMA_11_a504b,0.24606106,0.18046753,0.23672111,0.40646416,0.24596015,0.13605194,0.25442037,0.2207422,0.35603407,0.20938838,0.19646503,0.34307098,0.18546489,0.19896103,0.18562445,-0.012548219,0.17668709,0.24374385,0.20649196,0.355452,0.28698525,0.25405547,0.22543281,0.20818081,0.25676548,0.30879384,0.2981595,0.17510423,0.45506817,0.52000606,0.2969601,0.2987271,0.3773204,0.22484261,0.34672958,0.29054838,0.3890626,0.4394601,0.41584474,0.36559078,0.48496342,0.41985315,0.40664375,0.40166903,0.28835836,0.3099572,0.2650352,0.27806032,0.2727796,0.40063462,0.2755071,0.18242732,0.3111813,0.15179569,0.16928521,0.38393992,0.2960261,0.42045838,0.31484368,0.21820144,0.35548854,0.30245268,0.22561565,0.32187116,0.3148178,0.12401886,0.2661304,0.29616466,0.32230127,0.30354133,0.2656659,0.27335137,0.33078375,0.17255488,0.3390333,0.54491484,0.436427,0.30429083,0.23729046,0.33260435,0.1814419,0.21822903,0.2278087,0.26272392,0.30668098,0.41680622,0.40697667,0.3078441,0.39016664,0.45330817,0.7869347,0.35814816,0.5278444,0.3997454,0.4278654,1.0000002,0.39022446,0.56964445,0.44004005,0.40078217,0.27751976,0.26541692,0.3519024,0.17461976,0.27727014,0.32009578,0.47053742,0.20549127,0.2733103,0.2012578,0.2013906,0.31060565,0.23632807,0.29380083,0.19352978,0.31295323
SMA_12_c6e00,0.41738307,0.3708794,0.40594527,0.3153378,0.7836676,0.431161,0.2779801,0.45202276,0.45157462,0.19597793,0.25804788,0.3377825,0.35349265,0.32861382,0.21273279,0.23078242,0.25013304,0.40580937,0.38540322,0.3755848,0.39038736,0.1895368,0.46111438,0.35979223,0.5284049,0.3119793,0.40912402,0.3856191,0.585467,0.34374696,0.41989195,0.45279393,0.267855,0.72444725,0.41256654,0.30782813,0.22594199,0.33273733,0.49022558,0.25843227,0.21084481,0.2902852,0.32433394,0.39898717,0.50803655,0.59681153,0.3308952,0.26813287,0.39638543,0.5044572,0.64029205,0.4207778,0.45973068,0.19133496,0.3981452,0.425583,0.38072377,0.4713073,0.24215129,0.28110296,0.45521516,0.28591087,0.25843185,0.35340816,0.3960345,0.24997875,0.21931727,0.42256933,0.32102957,0.26110023,0.33681777,0.22339335,0.33564046,0.18357202,0.4007125,0.43416858,0.44753587,0.53963614,0.36409146,0.41219777,0.2555627,0.2630003,0.36845368,0.44939783,0.36485827,0.38280368,0.40261835,0.4005,0.41423106,0.27099556,0.48257962,0.3253376,0.37106854,0.5242214,0.51569587,0.39022446,1.0,0.42653203,0.39407918,0.42203102,0.338019,0.32974535,0.4304687,0.41415024,0.19260678,0.47367957,0.40299985,0.3896681,0.29261842,0.500151,0.3408503,0.34123367,0.26558635,0.5018396,0.35135335,0.31643724
SMA_13_c9088,0.29612827,0.3030647,0.37585697,0.49536204,0.3162015,0.2182365,0.27527806,0.38508508,0.48011503,0.25579545,0.20803894,0.44456866,0.2256414,0.27922976,0.32649207,0.020306543,0.30210868,0.3097955,0.32143027,0.371562,0.3294397,0.16236071,0.26469305,0.24399585,0.35689884,0.21292329,0.2922528,0.21423703,0.40125895,0.44585335,0.40327698,0.33295166,0.3426891,0.32811478,0.5458979,0.24350661,0.47427523,0.41241965,0.60697776,0.26439947,0.44969237,0.44216365,0.42995685,0.41155463,0.25576052,0.35172096,0.27079895,0.23360229,0.32671317,0.41455036,0.35119283,0.27202642,0.39131284,0.10810132,0.25149477,0.5197939,0.37312368,0.40053993,0.22437191,0.3561253,0.44666135,0.4223463,0.39368507,0.46346265,0.4051688,0.2748475,0.41700274,0.38080546,0.3891536,0.38769677,0.4197175,0.4478795,0.41789293,0.24884656,0.4470801,0.49334496,0.7265117,0.44761196,0.40297014,0.4893903,0.2862271,0.33720773,0.36317033,0.32987985,0.34557986,0.43186432,0.3451466,0.3198759,0.55049056,0.29054537,0.47657335,0.37354952,0.48679802,0.47560734,0.5219168,0.56964445,0.42653203,1.0000004,0.26826623,0.53604746,0.35221004,0.32187754,0.31470913,0.3018912,0.2970534,0.36808658,0.36000282,0.37664837,0.31460267,0.2953827,0.252818,0.3615095,0.25615832,0.44421226,0.21199304,0.2985952
SMA_14_cdb07,0.25195098,0.15116447,0.34882382,0.3039688,0.293203,0.23186217,0.2844837,0.2927773,0.3394209,0.17079775,0.24827829,0.22355732,0.28722295,0.26592037,0.22414565,0.1370517,0.2396056,0.30548805,0.28169775,0.34723678,0.32504758,0.2458429,0.16829881,0.28925303,0.33101228,0.50693035,0.28012824,0.268766,0.4745888,0.3151936,0.21585783,0.31017873,0.30337936,0.24537101,0.29204625,0.17167604,0.19149369,0.26384744,0.30621853,0.30392712,0.19605291,0.41653046,0.34984446,0.2985588,0.33222735,0.34725055,0.34693694,0.20962298,0.24982318,0.3404644,0.3150291,0.25647563,0.3074536,0.16428322,0.16704747,0.3029903,0.30836058,0.4275071,0.2789601,0.22137454,0.27167147,0.16205059,0.23097655,0.23299941,0.21578653,0.23052633,0.13948476,0.29368004,0.3051504,0.17773499,0.22575343,0.12861589,0.23518379,0.15864156,0.20202662,0.36236537,0.33888477,0.32710034,0.32732016,0.3258322,0.17195427,0.28354305,0.27938652,0.42101586,0.18369047,0.21428184,0.41710693,0.3346808,0.26044804,0.31350982,0.6240753,0.48707566,0.3406303,0.33121532,0.31023183,0.44004005,0.39407918,0.26826623,1.0,0.32208982,0.44368106,0.36192077,0.3588397,0.37556958,0.2282865,0.41325462,0.57940036,0.2823811,0.33518103,0.2822585,0.36666936,0.34460127,0.40237552,0.47169536,0.29900676,0.39097023
TRA_01_10265,0.27038756,0.26605543,0.3652379,0.38894135,0.2947334,0.2809952,0.24098527,0.35384884,0.40436235,0.20764011,0.22938746,0.42257,0.26047105,0.35356593,0.1620374,-0.03415133,0.17853554,0.20519157,0.22088516,0.30252087,0.31709087,0.16679619,0.23991951,0.15191196,0.22613268,0.2592506,0.30756482,0.17456117,0.35298184,0.34797937,0.25462925,0.19866905,0.23397137,0.3200906,0.33086473,0.19809133,0.33017993,0.28572085,0.45496014,0.31312016,0.22514284,0.2717812,0.48400098,0.7284936,0.32161757,0.59417546,0.5104052,0.27689552,0.37583748,0.3964706,0.40755814,0.40083176,0.55336654,0.27078527,0.37220556,0.75741494,0.63929254,0.5990027,0.27932692,0.3901505,0.5126841,0.39807022,0.3645447,0.43629825,0.45659405,0.15132155,0.2861576,0.33269018,0.37739763,0.3706817,0.29639494,0.2832673,0.39439613,0.24712539,0.40517014,0.44300538,0.3808746,0.38269344,0.32715344,0.4497016,0.22032505,0.3685594,0.3556291,0.36367288,0.31538457,0.41166335,0.44605958,0.44350278,0.42896223,0.3348649,0.38524503,0.35287794,0.49572787,0.5191872,0.7275374,0.40078217,0.42203102,0.53604746,0.32208982,1.0,0.4115358,0.44970188,0.46039492,0.34434736,0.27251548,0.40164232,0.40935332,0.40178812,0.4630979,0.39898556,0.32211038,0.6055341,0.4115903,0.48909765,0.34209627,0.43189657
TRA_02_12fb4,0.25950631,0.19584627,0.28884917,0.14846818,0.3130362,0.16679937,0.24802828,0.3538642,0.38727856,0.20230049,0.113756426,0.26785266,0.3293258,0.23635006,0.19254123,0.26290667,0.2691681,0.4553184,0.22110236,0.3667475,0.38995525,0.28354162,0.38824296,0.3702498,0.38928682,0.38203293,0.338286,0.32786775,0.42483374,0.28789943,0.3969856,0.23769231,0.19849737,0.29538503,0.31714353,0.067428425,0.2509682,0.29647857,0.35588455,0.20965412,0.25967702,0.25911915,0.25251302,0.2748872,0.3295798,0.38335,0.3770116,0.25313413,0.2854215,0.3564841,0.37945804,0.31062165,0.37514555,0.19064912,0.2684833,0.38660082,0.37212533,0.37368482,0.18220013,0.21303444,0.4093027,0.27290088,0.31179044,0.38652572,0.28747928,0.1746113,0.31129444,0.39106068,0.27304134,0.32561553,0.29331878,0.2776597,0.31241655,0.17846188,0.36813706,0.3610501,0.44670704,0.4736082,0.3688385,0.5441335,0.23600793,0.1854021,0.24744684,0.3060529,0.251349,0.42357522,0.28029162,0.2662515,0.38325086,0.17705062,0.29406366,0.24646908,0.21334633,0.37999454,0.29407543,0.27751976,0.338019,0.35221004,0.44368106,0.4115358,1.0,0.33575672,0.5196759,0.4822244,0.20915657,0.59102917,0.47783086,0.39561826,0.4959492,0.52260476,0.3178476,0.46524853,0.4315905,0.531264,0.43247297,0.5211868
TRA_03_21d93,0.25565478,0.23140606,0.3688133,0.2543238,0.33713052,0.22551715,0.39547086,0.3245989,0.3052985,0.2713253,0.3007867,0.2973107,0.33145213,0.24542879,0.20737958,0.06742756,0.19391826,0.21881011,0.29690006,0.2508115,0.27180934,0.19783251,0.21829581,0.19626653,0.27286246,0.2943488,0.29020366,0.22117347,0.44304094,0.353422,0.26769325,0.22870255,0.32920116,0.2603962,0.30480266,0.17697608,0.1766697,0.2750731,0.27131313,0.23001097,0.24153307,0.38266847,0.20353034,0.16795129,0.25979716,0.36569518,0.35643345,0.20151585,0.39001614,0.3613879,0.34015232,0.2756429,0.28318223,0.12672395,0.3125746,0.336028,0.33735672,0.41103995,0.29036036,0.19379953,0.29702172,0.22803065,0.22247949,0.21342328,0.17457426,0.19737662,0.20501909,0.2785745,0.27013576,0.23719153,0.29577202,0.19690119,0.29817325,0.2511579,0.284935,0.3508422,0.3703575,0.36847815,0.25531214,0.32662126,0.24100664,0.253957,0.3392446,0.35649052,0.21091533,0.20108134,0.29429662,0.4272747,0.2681877,0.22811943,0.32892266,0.30824685,0.2429259,0.37854403,0.22485037,0.26541692,0.32974535,0.32187754,0.36192077,0.44970188,0.33575672,1.0000002,0.4729018,0.41655368,0.36362818,0.38926083,0.54932433,0.48471242,0.478635,0.39923948,0.41472638,0.38268068,0.4818262,0.43259943,0.41656348,0.45370996
TRA_04_2ad9e,0.374826,0.29233968,0.35894036,0.17382494,0.36306936,0.31625563,0.27698836,0.28874135,0.32241613,0.35812128,0.29474103,0.308639,0.35505837,0.3424098,0.1874181,0.08701255,0.34564188,0.2798675,0.37673992,0.3145416,0.47326386,0.24102378,0.2794599,0.17578816,0.43136048,0.4189009,0.26494324,0.2639249,0.44474387,0.33135596,0.2454471,0.34949017,0.2642574,0.32871097,0.36345,0.19196221,0.26444137,0.37714145,0.3182859,0.23796943,0.30929327,0.3678462,0.34696048,0.33555427,0.38711366,0.55027115,0.43620273,0.33098334,0.42848286,0.3947066,0.51782334,0.30683374,0.3201943,0.23970783,0.41668385,0.5130917,0.54115266,0.49939656,0.3722887,0.22313806,0.35471886,0.25762457,0.3136589,0.31710273,0.37337613,0.21005349,0.21683863,0.28369078,0.39074308,0.29923207,0.35916752,0.24444667,0.38860184,0.22189635,0.3578666,0.48546395,0.3487307,0.37625697,0.32737732,0.3962717,0.23161379,0.23518226,0.40209168,0.48388454,0.24639057,0.3825593,0.40229836,0.31470183,0.32602528,0.2773926,0.35729033,0.21160856,0.36817878,0.47314423,0.42397442,0.3519024,0.4304687,0.31470913,0.3588397,0.46039492,0.5196759,0.4729018,0.9999999,0.41864038,0.4205398,0.50755435,0.60008925,0.5372538,0.67459893,0.41548908,0.4391547,0.49109155,0.62235457,0.52149034,0.7167285,0.7149919
TRA_05_4f9a6,0.2326791,0.3403518,0.46364528,0.1419069,0.44875175,0.28917813,0.22546422,0.41559482,0.34115925,0.31851852,0.25086462,0.3396898,0.3584346,0.35801712,0.07625328,0.20838058,0.33531958,0.25844896,0.34127542,0.33966345,0.45397407,0.17640126,0.43225628,0.379021,0.32006013,0.29131958,0.4478823,0.34712058,0.5106456,0.28536814,0.42069864,0.33851314,0.26175,0.43536085,0.39823034,0.20595786,0.19971545,0.3878308,0.4191625,0.20479569,0.24541357,0.21778241,0.30421293,0.27543026,0.40058196,0.435314,0.37110662,0.25868154,0.42113966,0.40711033,0.4917399,0.49318603,0.3144829,0.19580719,0.3630767,0.39233163,0.4168386,0.40488678,0.22808918,0.3245089,0.3318761,0.31354842,0.3463316,0.3886436,0.23271453,0.25361776,0.3150183,0.34786442,0.3062959,0.3223251,0.38598907,0.30901766,0.41180953,0.23481825,0.3972674,0.35737827,0.41898593,0.5241239,0.4374178,0.5239328,0.4036087,0.3098227,0.40461344,0.43962955,0.34707522,0.3249941,0.2659797,0.3860362,0.46190637,0.20446244,0.26501518,0.17129356,0.20658952,0.3571879,0.36378103,0.17461976,0.41415024,0.3018912,0.37556958,0.34434736,0.4822244,0.41655368,0.41864038,1.0000001,0.274539,0.57838726,0.47690827,0.57663625,0.39044058,0.46341285,0.3736384,0.40342155,0.2955272,0.41245586,0.35368812,0.39486748
TRA_06_50971,0.2322441,0.18176691,0.3064791,0.16809417,0.15479963,0.16535386,0.22774139,0.21436068,0.16929942,0.21303807,0.26059458,0.2703694,0.22545081,0.17976472,0.19271562,0.04962057,0.28543386,0.24266341,0.37790647,0.1191698,0.34571496,0.30480537,0.1092206,0.10341644,0.23127596,0.31314734,0.12489017,0.2046157,0.25890073,0.31124818,0.1988912,0.26500154,0.25309432,0.18570545,0.29176784,0.119848125,0.29191828,0.33569682,0.2892974,0.21622959,0.28673786,0.32023567,0.22988619,0.15001968,0.21604055,0.31767678,0.28088072,0.14702393,0.34055835,0.20983243,0.22902977,0.18379395,0.117438585,0.23828039,0.25241393,0.2746397,0.32911468,0.3148232,0.19692807,0.23632146,0.124697186,0.23774685,0.25200814,0.18420212,0.14884241,0.27124152,0.19205922,0.19917789,0.35650736,0.19249363,0.36137998,0.22105847,0.23200397,0.2703095,0.30031022,0.45831653,0.38507035,0.26648968,0.26416838,0.29257706,0.21382494,0.26012936,0.47398257,0.44258514,0.17034909,0.2572834,0.27094287,0.2163287,0.27486032,0.33206972,0.25883174,0.12746546,0.253792,0.32431978,0.23952425,0.27727014,0.19260678,0.2970534,0.2282865,0.27251548,0.20915657,0.36362818,0.4205398,0.274539,1.0000002,0.23791838,0.48404,0.48005074,0.4342848,0.16651449,0.48514444,0.3242731,0.345568,0.2879494,0.32574084,0.4391619
TRA_07_669a5,0.21912342,0.31500834,0.46593773,0.19666499,0.39290497,0.2392642,0.35415885,0.42092493,0.44030216,0.228791,0.21518171,0.42756096,0.37436247,0.3238299,0.14694157,0.18784067,0.29595807,0.3758419,0.33431244,0.42051905,0.39562574,0.16277292,0.4262495,0.3927428,0.37336957,0.37551278,0.35441083,0.38838652,0.540729,0.35644156,0.36748713,0.2813509,0.30952471,0.37739825,0.3999936,0.1658612,0.23865269,0.37376347,0.47062314,0.2037113,0.26162168,0.28107542,0.24958014,0.31618968,0.35946494,0.4290412,0.30815032,0.34658754,0.45969987,0.5325922,0.5057322,0.41371578,0.38340288,0.16435249,0.3931707,0.42026645,0.38068533,0.4454761,0.26479045,0.3222617,0.49995065,0.3049708,0.32890764,0.43023264,0.33254057,0.27094066,0.315821,0.49572325,0.32669517,0.3868413,0.408984,0.2638703,0.41974586,0.24810828,0.4112606,0.40087423,0.3992742,0.48173258,0.41442743,0.64192235,0.3118593,0.20866147,0.38689762,0.4799711,0.3896799,0.40180737,0.41009808,0.38458174,0.44135988,0.21778688,0.40138513,0.26611125,0.31402424,0.48916048,0.40855187,0.32009578,0.47367957,0.36808658,0.41325462,0.40164232,0.59102917,0.38926083,0.50755435,0.57838726,0.23791838,1.0,0.5130702,0.5375811,0.4298303,0.45395598,0.4165256,0.39047563,0.34301597,0.5042902,0.4197734,0.4620517
TRA_08_6d02c,0.3313164,0.20950496,0.3614038,0.2365027,0.38029727,0.21956937,0.3190614,0.32539874,0.35564122,0.22128743,0.30719352,0.32142073,0.31573403,0.291747,0.22120014,0.11925807,0.30666572,0.38059813,0.40774843,0.35337657,0.4358189,0.38521677,0.25770658,0.31909174,0.37114125,0.5576236,0.3069041,0.30262622,0.51644164,0.3366068,0.27663907,0.30565614,0.32679453,0.3542523,0.3168837,0.20761217,0.21468149,0.313536,0.34807065,0.2979428,0.29040727,0.45142886,0.339128,0.2704811,0.37512335,0.4787621,0.41348678,0.22622977,0.38653344,0.4046793,0.4060743,0.30043393,0.28159845,0.17803684,0.3184945,0.39206004,0.44375432,0.4829371,0.2939244,0.23612085,0.350721,0.30572397,0.23804095,0.26452702,0.26783067,0.27050173,0.17629056,0.3293015,0.42879277,0.2416609,0.34688824,0.171944,0.3665281,0.24376363,0.34188923,0.4544036,0.4397458,0.38573018,0.30243874,0.384551,0.22349027,0.29516363,0.40263104,0.5131451,0.23663971,0.3231644,0.36564338,0.3646683,0.3573483,0.3317403,0.54239196,0.2888633,0.43594486,0.4199357,0.35919905,0.47053742,0.40299985,0.36000282,0.57940036,0.40935332,0.47783086,0.54932433,0.60008925,0.47690827,0.48404,0.5130702,0.99999976,0.4794601,0.5514082,0.3997885,0.49342284,0.4531117,0.5380365,0.5624249,0.5365976,0.59978986
TRA_09_74397,0.27831596,0.40748572,0.46875745,0.29321963,0.4053402,0.3142883,0.34982222,0.4242565,0.39723954,0.4151706,0.27741194,0.40113378,0.41010723,0.30487138,0.25311464,0.091858715,0.35431933,0.31817657,0.53801405,0.33006454,0.5176789,0.1624985,0.34327915,0.22999167,0.35453707,0.2665009,0.33682525,0.32470188,0.4158035,0.36728656,0.30566397,0.3145722,0.2756045,0.38038597,0.42138237,0.17170644,0.23389217,0.39435658,0.4049291,0.18775189,0.30276316,0.31116995,0.222319,0.22798641,0.3567245,0.42458558,0.31789201,0.31647593,0.4954421,0.4023383,0.4816027,0.36607057,0.2889436,0.12817438,0.4773489,0.45363092,0.4946724,0.4235307,0.17728546,0.26850164,0.31247878,0.33148214,0.3859652,0.3623383,0.30773497,0.32517028,0.3159965,0.31756088,0.35752928,0.31095582,0.48570305,0.31136063,0.45098418,0.48715892,0.554263,0.4658115,0.48325622,0.49933153,0.42393357,0.52057946,0.38427883,0.42609587,0.7343394,0.6434449,0.39007878,0.36130327,0.31629938,0.30361176,0.42931464,0.22974283,0.24587435,0.18386626,0.25192794,0.49390182,0.4092457,0.20549127,0.3896681,0.37664837,0.2823811,0.40178812,0.39561826,0.48471242,0.5372538,0.57663625,0.48005074,0.5375811,0.4794601,1.0000001,0.49560744,0.43253258,0.4153968,0.4946558,0.38833076,0.46356,0.4572202,0.46046427
TRA_10_785d6,0.3770191,0.2490071,0.34230256,0.1580576,0.3123178,0.31069392,0.31088185,0.311957,0.34110644,0.28229186,0.27449366,0.32093674,0.37710595,0.35598633,0.27297077,0.15828244,0.29425532,0.22024137,0.2803392,0.27212718,0.36742213,0.20979962,0.22340518,0.1825165,0.35175067,0.35802144,0.25251806,0.19266963,0.3802552,0.30318904,0.2477021,0.2826825,0.22729568,0.26491362,0.35132793,0.1694774,0.3246236,0.27153528,0.29509187,0.35043317,0.25516564,0.32722226,0.3718691,0.3127452,0.28637618,0.4349624,0.37791827,0.27903253,0.35263708,0.34926328,0.36195576,0.29256892,0.25343382,0.29597312,0.3080448,0.42260313,0.41816765,0.41761228,0.25217116,0.2267017,0.2576996,0.23805384,0.3235032,0.26598465,0.22731873,0.18493377,0.1987609,0.2710097,0.33509603,0.27376148,0.28864262,0.20907006,0.29037428,0.25336593,0.36916283,0.45157474,0.38264567,0.39258146,0.34254315,0.4003721,0.2363576,0.27868897,0.36087114,0.37881318,0.24372458,0.3033655,0.34378648,0.29994324,0.2935772,0.24793094,0.28285462,0.2371848,0.44066375,0.3692912,0.34033275,0.2733103,0.29261842,0.31460267,0.33518103,0.4630979,0.4959492,0.478635,0.67459893,0.39044058,0.4342848,0.4298303,0.5514082,0.49560744,1.0000002,0.43840465,0.48682326,0.47962302,0.5589324,0.4654857,0.55264163,0.58153236
TRA_11_7d8bf,0.26878893,0.38656944,0.33454186,0.1993495,0.56132054,0.3296857,0.34945732,0.4148397,0.3737011,0.2727248,0.28330547,0.27042234,0.465509,0.34279725,0.1519839,0.21486244,0.24720666,0.28942752,0.28113586,0.26373696,0.3523725,0.06512606,0.5377491,0.2672971,0.33787325,0.14762706,0.30366445,0.22223443,0.40105015,0.26047522,0.3842157,0.19629814,0.20809072,0.5266981,0.3557069,0.18238297,0.14102003,0.24333057,0.2970909,0.24974594,0.2095894,0.18039933,0.20303474,0.28538322,0.48326617,0.41369984,0.39592984,0.17195395,0.3547198,0.4019395,0.37954992,0.39510348,0.40762097,0.17031285,0.40000534,0.43640083,0.39088428,0.38644755,0.15444475,0.15317228,0.36970782,0.27950102,0.2349552,0.33350232,0.32126722,0.11189712,0.22660208,0.37514094,0.2438432,0.26320034,0.2834116,0.18842691,0.2332342,0.1435201,0.370865,0.28644794,0.4157017,0.584994,0.33244053,0.34339565,0.22821991,0.16144577,0.26408347,0.28797272,0.33625084,0.26992553,0.27043724,0.23700169,0.3290381,0.15623862,0.18242879,0.23692968,0.12999643,0.3628974,0.3102591,0.2012578,0.500151,0.2953827,0.2822585,0.39898556,0.52260476,0.39923948,0.41548908,0.46341285,0.16651449,0.45395598,0.3997885,0.43253258,0.43840465,1.0000001,0.34717053,0.4133966,0.36048973,0.5376789,0.35241994,0.478571
TRA_12_9234f,0.32425088,0.20221199,0.34295642,0.1564385,0.29885417,0.27333382,0.29605737,0.23248568,0.23893258,0.2144413,0.30241624,0.2683928,0.28101072,0.2881922,0.2033126,0.21602705,0.31824023,0.25342184,0.38198733,0.2282338,0.32848287,0.28046814,0.24147983,0.26450667,0.35232627,0.43840897,0.23096004,0.20279947,0.40389025,0.30554894,0.21612798,0.31528538,0.2148215,0.20391558,0.2671152,0.215927,0.29646438,0.2352473,0.29093853,0.27428594,0.22100918,0.31086,0.26130277,0.28045142,0.25045952,0.39520538,0.39146194,0.19350922,0.35398144,0.27528113,0.32196754,0.2699843,0.18860991,0.23799546,0.25364563,0.33982694,0.37517667,0.36670196,0.29480058,0.30915248,0.27617854,0.18531647,0.22484525,0.1869548,0.2252915,0.28537664,0.114666514,0.25099194,0.5750505,0.16902256,0.34520274,0.13776186,0.24005243,0.19606239,0.30636495,0.35188803,0.3378503,0.31300563,0.29086864,0.32384318,0.24830672,0.26744118,0.45808646,0.47797424,0.1973513,0.24784139,0.5083127,0.4001877,0.3620832,0.46931458,0.32212892,0.27671197,0.34266192,0.41093773,0.31475732,0.2013906,0.3408503,0.252818,0.36666936,0.32211038,0.3178476,0.41472638,0.4391547,0.3736384,0.48514444,0.4165256,0.49342284,0.4153968,0.48682326,0.34717053,1.0000001,0.32395455,0.47224462,0.463825,0.3462651,0.46798483
TRA_13_99007,0.31805468,0.39602837,0.4611758,0.3044346,0.3309779,0.28653058,0.2560748,0.3720271,0.43574294,0.37084413,0.2592482,0.40264684,0.36118227,0.33807188,0.18518972,0.07489785,0.20604391,0.2761209,0.29731482,0.38902345,0.45393932,0.28814477,0.21867949,0.19926842,0.24889734,0.2921603,0.2719863,0.2866494,0.4223404,0.37542874,0.24951413,0.33816543,0.23058888,0.31033763,0.46702164,0.26964107,0.31385535,0.45372313,0.42812443,0.34584373,0.3606475,0.25116584,0.37341863,0.5106096,0.3619306,0.55641973,0.51502717,0.35834652,0.46161097,0.4475147,0.41617006,0.43526447,0.50254846,0.26338023,0.41046956,0.7053714,0.7294244,0.60558635,0.26172838,0.2717265,0.4366866,0.33986962,0.3619435,0.3796129,0.36780307,0.20144938,0.31331652,0.25796282,0.2854355,0.33727142,0.3577583,0.31367633,0.4136123,0.21972102,0.45542973,0.5900003,0.353298,0.33431846,0.41238174,0.45456892,0.17106077,0.32383594,0.41790742,0.39563656,0.3510059,0.38898084,0.34261024,0.2440292,0.35384345,0.2192753,0.32975543,0.27781832,0.4367981,0.48524225,0.5600723,0.31060565,0.34123367,0.3615095,0.34460127,0.6055341,0.46524853,0.38268068,0.49109155,0.40342155,0.3242731,0.39047563,0.4531117,0.4946558,0.47962302,0.4133966,0.32395455,1.0,0.35155284,0.5156201,0.43916476,0.52432
TRA_14_9c743,0.3704067,0.19881858,0.26054052,0.25030997,0.2505287,0.28873146,0.17923565,0.2143067,0.25697926,0.191778,0.1840136,0.23197833,0.32981533,0.3160019,0.27640373,0.10755108,0.31648794,0.25650218,0.29308864,0.21610746,0.30305648,0.29221717,0.23799987,0.18169309,0.482486,0.42172217,0.26561117,0.2247202,0.34827244,0.283181,0.17188379,0.31726348,0.30872145,0.20777187,0.24907541,0.11934211,0.20420176,0.30830204,0.2143192,0.30019373,0.28840968,0.49048406,0.27650887,0.28468323,0.23881964,0.43765217,0.41710734,0.1460109,0.29399127,0.24825405,0.35011047,0.24389102,0.28600848,0.20614454,0.24107382,0.3510324,0.36034152,0.4337933,0.2458865,0.20721601,0.19968438,0.21690574,0.22534177,0.20976731,0.21423179,0.13177966,0.14542745,0.16226073,0.36611974,0.18436772,0.22179219,0.1550512,0.21786511,0.08880398,0.21635507,0.3359175,0.28620875,0.22362398,0.25161254,0.30362466,0.16857857,0.2708432,0.34506497,0.38313508,0.12630299,0.26651338,0.48787275,0.30889276,0.25406682,0.2732718,0.2753713,0.1641114,0.29451168,0.34021536,0.27305532,0.23632807,0.26558635,0.25615832,0.40237552,0.4115903,0.4315905,0.4818262,0.62235457,0.2955272,0.345568,0.34301597,0.5380365,0.38833076,0.5589324,0.36048973,0.47224462,0.35155284,0.99999994,0.47704598,0.501883,0.58746755
TRA_15_a15d9,0.3548761,0.34399793,0.40922222,0.37834206,0.4332009,0.37458083,0.29717085,0.44085926,0.5278728,0.30769038,0.319617,0.45218527,0.33092755,0.32358032,0.23996598,0.27085328,0.36097825,0.47982925,0.40048164,0.48408547,0.46803975,0.2701311,0.39459598,0.34781986,0.53275335,0.3435073,0.30758342,0.34179407,0.4872042,0.3349023,0.300919,0.38375142,0.27559388,0.34915334,0.4350865,0.24632356,0.30281284,0.31736326,0.41284603,0.23680651,0.28750184,0.37908137,0.30505413,0.32145342,0.38635316,0.5659633,0.46095288,0.3039808,0.4512947,0.5394297,0.5134299,0.34102836,0.39269102,0.11679518,0.36277097,0.52376044,0.44514418,0.48822504,0.3641787,0.29078165,0.42229146,0.32500774,0.26870158,0.31239006,0.30399314,0.23573694,0.207571,0.2827259,0.36353046,0.28170344,0.314048,0.2311784,0.3683762,0.15501724,0.3603283,0.3960967,0.5030897,0.40738648,0.4275767,0.4251808,0.17720893,0.2463065,0.35584417,0.49752146,0.3625378,0.3524783,0.318136,0.3181761,0.40913394,0.19424507,0.39230305,0.36517864,0.30226645,0.43723893,0.41234124,0.29380083,0.5018396,0.44421226,0.47169536,0.48909765,0.531264,0.43259943,0.52149034,0.41245586,0.2879494,0.5042902,0.5624249,0.46356,0.4654857,0.5376789,0.463825,0.5156201,0.47704598,0.9999999,0.45230934,0.6017458
TRA_16_aad47,0.28733277,0.2106099,0.2382688,0.10174114,0.32143596,0.19088374,0.2386582,0.20954609,0.2701373,0.35576054,0.18126097,0.24863905,0.2803157,0.17029133,0.1559974,0.074388064,0.2376151,0.23893762,0.28924447,0.27255386,0.30709177,0.22770572,0.21804093,0.12674533,0.30394956,0.39359897,0.24270344,0.22889519,0.3264768,0.18757685,0.16516235,0.26490968,0.14382641,0.30135658,0.28289992,0.1966342,0.13642111,0.27627432,0.24128306,0.123244405,0.21983534,0.2102561,0.19484201,0.18958965,0.27071464,0.4223286,0.30598846,0.34032512,0.28186446,0.30749387,0.3688935,0.1924773,0.29400617,0.13870001,0.34744427,0.33308533,0.38968182,0.35857856,0.24311724,0.22538994,0.26895514,0.24169122,0.27413717,0.20221555,0.23899741,0.20991424,0.20704281,0.2416805,0.31215185,0.24128973,0.2684124,0.24270494,0.30036536,0.17431226,0.2681151,0.36822477,0.29738128,0.27923894,0.25407508,0.36415488,0.17862952,0.21184826,0.3245441,0.5069968,0.2727699,0.2878838,0.2754974,0.2848377,0.26302406,0.1696847,0.21335757,0.19439988,0.29867077,0.35797966,0.2741203,0.19352978,0.35135335,0.21199304,0.29900676,0.34209627,0.43247297,0.41656348,0.7167285,0.35368812,0.32574084,0.4197734,0.5365976,0.4572202,0.55264163,0.35241994,0.3462651,0.43916476,0.501883,0.45230934,0.9999999,0.59536314
TRA_17_b751a,0.3372705,0.35623237,0.39611354,0.19452953,0.28383148,0.2917276,0.27579218,0.28615025,0.3299837,0.31210446,0.31040177,0.38193285,0.28605312,0.31985208,0.1801519,0.14122206,0.2593262,0.31233892,0.29200798,0.31621736,0.41137755,0.20750667,0.28966582,0.23521796,0.39235806,0.35303664,0.29877397,0.3082983,0.35819644,0.3341502,0.23093572,0.33851683,0.20416656,0.2330582,0.3691781,0.16844632,0.28993836,0.33576915,0.2948741,0.22534068,0.31348604,0.34289247,0.28756654,0.34139985,0.35927355,0.5422954,0.4913828,0.27803847,0.4273084,0.38600793,0.40218633,0.3702168,0.29924294,0.250053,0.3942565,0.5254855,0.53733283,0.55477583,0.37967533,0.30954474,0.32004905,0.30399108,0.3562374,0.32692802,0.27952865,0.24347696,0.2901578,0.24461076,0.3496976,0.33128476,0.3054954,0.2882734,0.35613593,0.19310214,0.35431635,0.44638634,0.37457997,0.31638858,0.33136445,0.43405366,0.1648544,0.22584757,0.3314592,0.43546408,0.29658604,0.35972983,0.34638897,0.25982642,0.37688127,0.2994194,0.26516438,0.2765585,0.28564283,0.3980981,0.39646035,0.31295323,0.31643724,0.2985952,0.39097023,0.43189657,0.5211868,0.45370996,0.7149919,0.39486748,0.4391619,0.4620517,0.59978986,0.46046427,0.58153236,0.478571,0.46798483,0.52432,0.58746755,0.6017458,0.59536314,0.9999998
