,AGR_01_06825,AGR_02_225ce,AGR_03_3834d,AGR_04_4248c,AGR_05_7d386,AGR_06_86d5e,AGR_07_8b7c5,AGR_08_8dbee,AGR_09_8dd61,AGR_10_9781f,AGR_11_a8ba8,AGR_12_c170b,AGR_13_d7fa3,AGR_14_f501a,AGR_15_fe6d3,DIS_01_0c5e4,DIS_02_24fa8,DIS_03_28e55,DIS_04_3296a,DIS_05_4c0e5,DIS_06_605ba,DIS_07_67eb1,DIS_08_71203,DIS_09_891e7,DIS_10_9a1d5,DIS_11_b2825,DIS_12_daad3,DIS_13_f7310,ENE_01_0ce22,ENE_02_24d51,ENE_03_31059,ENE_04_3143a,ENE_05_47c10,ENE_06_68cc5,ENE_07_6b773,ENE_08_76dd7,ENE_09_82f47,ENE_10_a6418,ENE_11_b6eb2,ENE_12_bf662,ENE_13_d269b,ENE_14_dc481,ENE_15_f6fae,ENV_01_0cfd4,ENV_02_0f9b0,ENV_03_2f819,ENV_04_46549,ENV_05_4e2b7,ENV_06_5bd1c,ENV_07_6070a,ENV_08_6c0c3,ENV_09_80007,ENV_10_8f360,ENV_11_97928,ENV_12_d933a,ENV_13_e223a,ENV_14_e4670,ENV_15_f1429,ENV_16_f8183,HEA_01_07f11,HEA_02_0a422,HEA_03_12168,HEA_04_19bb1,HEA_05_65dc0,HEA_06_6bf25,HEA_07_7822c,HEA_08_7c732,HEA_09_8b6f3,HEA_10_95108,HEA_11_a46bf,HEA_12_cb742,HEA_13_e6d1e,HEA_14_eb0b8,MAN_01_00138,MAN_02_0bce5,MAN_03_368c1,MAN_04_38948,MAN_05_5144b,MAN_06_5a689,MAN_07_5faab,MAN_08_678a7,MAN_09_678b1,MAN_10_b0685,MAN_11_d7e72,MAN_12_da3b4,SMA_01_0592f,SMA_02_1b70d,SMA_03_20b1e,SMA_04_28b4e,SMA_05_29f8e,SMA_06_2df5b,SMA_07_57127,SMA_08_6d7ad,SMA_09_87975,SMA_10_8b8dc,SMA_11_a504b,SMA_12_c6e00,SMA_13_c9088,SMA_14_cdb07,TRA_01_10265,TRA_02_12fb4,TRA_03_21d93,TRA_04_2ad9e,TRA_05_4f9a6,TRA_06_50971,TRA_07_669a5,TRA_08_6d02c,TRA_09_74397,TRA_10_785d6,TRA_11_7d8bf,TRA_12_9234f,TRA_13_99007,TRA_14_9c743,TRA_15_a15d9,TRA_16_aad47,TRA_17_b751a
AGR_01_06825,1.0,0.1797326155056267,0.05140028920471203,0.07084979857689468,0.21977084314607104,0.266222274819186,0.08585179368112583,0.04443875827505095,0.07497990338250099,0.08583178577175471,0.06548695924732278,0.02194002321303871,0.0319820329379458,0.1282239383017336,0.12723070039367862,0.011779085611720969,0.004854616771424303,0.008516085960924716,0.014327341064912387,0.0002481677193053922,0.005676735341575071,0.009032195985779343,0.0022851026050748264,0.008411907549990235,0.029080495251918196,0.005367117658569054,0.0032219864726451912,0.005675472192670393,0.00016187370048593278,0.004315304949302376,0.00027492500804231435,0.04120283622061521,0.00025810306049430654,0.002519673973568108,0.0031566697771794414,0.007477044056564002,0.0008188492621037769,0.003062540259930088,0.00031447938998437167,0.0208390892692136,0.007950569268818354,0.0033337875085227764,0.0018141096804705182,0.0009274228874347653,0.007080212047291817,0.017287591192760934,0.001885764124962425,0.001109515189700784,0.0038642147906682326,0.00037352750342417053,0.03588166169965729,0.015017328950660883,0.00027119432606814454,0.010328023452018484,0.0001609957721045131,0.0032055571226225553,0.009871043031403537,0.002357474296551461,0.004855724223052204,0.00027780645254564323,4.7629107706753273e-08,0.0002350115958816696,0.002234795483495557,3.075743728913776e-05,4.80249219760394e-08,0.003231447286712097,0.0031778417614206148,0.0,0.02127736431623847,7.256772506831796e-08,0.0012506541230794112,0.0031778417614206148,0.001108754545728013,0.0009001176928263075,0.004458769921119515,0.008715129157411955,0.0018478672436546798,0.0005854898039118199,2.808250695476978e-05,1.5267002429833228e-06,0.0,0.002563508947658242,0.004869530210082629,0.001589053904845207,0.0003184870040324279,0.00035468351622198715,0.00010057534903094392,0.0013823078632624628,1.7307460152431193e-07,0.0044016567651996115,0.0004876340325921527,6.7206951372598396e-06,0.0032953600053972796,0.0026096724797002725,0.000683358351238995,0.0008967795036207612,0.0060759615314864394,0.00023906534038465826,0.0008126858438545514,2.0930131788289774e-06,0.0001679900171775391,0.0036798247079057674,0.0015700714795017447,0.0005262029672855684,0.0023697977880354436,0.0,0.002094060801302268,0.0021968607512330403,0.0020503493322708848,0.0020704807708901976,0.003618589325983588,0.001731937671956543,0.003210932649270891,0.005947050432931383,0.0017411681846395137,0.0019321147168083893
AGR_02_225ce,0.1797326155056267,1.0,0.10774799653200234,0.06018701624066048,0.18843017001746962,0.25848808823075486,0.13095463239475033,0.13096459286932033,0.022611781087712543,0.5530000932154636,0.0508610692872195,0.02384648317393648,0.02103319108776208,0.13720252540972938,0.083991911052854,0.0010507462436067667,2.4364606468184587e-05,0.02464919980289541,0.004983331211932444,0.004016409941279808,0.0040905524656231,2.2350558588723353e-05,0.01260977770522405,0.005314389806152486,0.00744943469235159,4.146831458199133e-10,0.00013421048163041288,0.0009239224899484041,0.0046352612391316805,0.030665898053239445,0.005061215230961199,0.0012937280932528404,0.0006020067193181714,0.004739581823203624,0.02481787457930562,0.0006396313653222868,0.0029490617028714652,0.03829587206257627,0.0006579904597791964,0.0021292075625335984,0.041400745040152356,0.0010311242152903407,0.0001404377600435925,0.0026317725805578727,0.019341039852859045,0.05443136414928842,0.004422085041317596,0.01697125661585129,0.010751622416824232,0.008081267772034316,0.07035596785488697,0.053652975104207315,0.005607901284854878,0.0011330445512175028,0.012482817161966189,0.023459158224454667,0.03219254831659085,0.03390676441689408,0.0008179027519031462,0.000548715429206419,0.0011450210272792344,0.008734673734915458,0.016209920891321884,0.004554497497816503,0.0015881287954798123,0.001109275654717019,0.004596377318491086,0.0038286666592785993,0.0006577605207206796,0.0027357712283201325,0.019164013850170584,0.004596377318491086,0.02222618931754145,0.004212575414616369,0.011168340895634149,0.0005824290950723852,0.006324816230496823,0.004983498155371362,0.021602936053860516,0.010294943138385254,0.00019305749255284192,0.0047795420913631734,0.011166143202330975,0.0011857119007916592,0.03223978266837056,0.010503387784267196,0.009489894499213655,0.01093540928576348,0.011368265597391099,0.016032079149142515,0.019414081463540612,0.007774036411800529,0.006550881741860883,0.0707200012634172,0.017643328408695886,0.018986747789080664,0.04983519685366416,0.015987950559005554,0.005053507468979776,0.0,0.00014080380135717658,3.700089525496828e-06,0.021497778343489093,0.009957005556436523,0.0,0.0,6.0369412399221046e-05,0.007263480660271596,0.00047795671173539385,0.01122735730962928,5.177525744478863e-05,0.007210140599913286,0.0003150585883001013,0.0038223989508908377,0.007811068846525083,0.018421724039377026
AGR_03_3834d,0.05140028920471203,0.10774799653200234,1.0,0.1015657215256107,0.0571004474303951,0.0865652277727964,0.1398680128690607,0.28410892077310973,0.054999702931727804,0.12918878774546771,0.1654008423436332,0.14730345838646047,0.12766199309546322,0.05427492917742167,0.09628651167649112,0.005727764296047314,0.005463654477339698,0.010403895448151363,0.003349242569187503,0.00451069041144616,0.02297574090743701,0.000981997772125085,0.0018883199525534156,0.01039599772655035,0.007024553353663036,0.0021845427013967643,6.34890595377719e-05,0.010121143421469303,0.00361851767750949,0.004358789165317308,0.001986025388071018,9.559727538591126e-05,3.4747698899045135e-05,0.00024029138840949883,0.013910854744655164,0.00041804718762317546,0.0007734632780818887,0.004920793322205966,0.001489630327397666,0.001316558782970663,0.0032229188469335714,0.0002684198742476948,0.00016386979916568976,0.007073640621372641,0.017884661028304612,0.024087774726505827,0.01638095205827954,0.03706415714448207,0.08812090829324605,0.0092215695822766,0.01326801747903356,0.05759003733563514,0.005400987274536813,0.04486524221779319,0.004449461238781406,0.024769008777276072,0.06403100705081578,0.03823428698910848,0.00453628904827132,0.0006830004930907567,0.004019225402470942,0.004835953912843971,0.0033004271459029155,1.1704842695323609e-05,0.00041127192854098146,0.00040387619565871813,0.010056531479056953,0.00015970905197017224,0.001930356601125984,0.0,0.006600167650630359,0.010056531479056953,0.009579221075733991,0.004381315438890234,0.007133446866694306,0.004510031425746165,0.002256240985173662,0.007115623873014627,0.00683736538925357,0.018176017999282888,0.0003225487056897739,0.012675747220111524,0.018991265979656047,0.003149287622029373,0.006833043985077933,0.010361837448296518,0.005669631144946254,0.0061635701492698085,0.002162941550301235,0.0070737394592253495,0.0015839095028533031,0.0005681743193135296,0.003521853226036021,0.020918907397688057,0.008201255135943606,0.0018094245489702113,0.0028393716038359234,0.0013867993364751591,0.0012585999727804207,0.0011155147769699237,0.004024285689984038,0.001728808857251933,0.007250357185888772,0.008658773893186514,0.0022287063311050314,0.00015355451616512076,5.830642339696481e-05,0.0138875241480754,0.005429677769436969,0.002074227309206006,0.0009491169994811389,0.01892551121207283,0.0024663985462260274,0.009690401403470385,0.0015969196287760534,0.019847622194757008
AGR_04_4248c,0.07084979857689468,0.06018701624066048,0.1015657215256107,1.0,0.021854425681323893,0.11424395928671477,0.09114262807779566,0.07018557079961579,0.2179911190814289,0.06087458211171859,0.05137700666325283,0.025721506513042777,0.014944685526546896,0.03881727146543828,0.1342028882969479,0.0005935129428875036,0.001932788851599705,0.0054311804258635014,0.002256453238443921,0.01310009680215348,0.004746931706478358,0.0012968919131248707,0.00039773095566242653,0.001808373298818403,0.005766685991457428,0.001151976855943766,4.5002788842985355e-08,0.003024865199508016,0.001860546259263243,0.003043941781608314,4.673714001200417e-06,0.0031251572470606206,0.004686607064792201,3.420616006303573e-05,0.005396672906579378,0.010803944847058378,0.00015058552453329083,0.010894100161534677,0.000122075010795749,0.01406641758684846,0.018669231796522575,0.01074233953399913,0.00037802587582327354,0.002633811406870156,0.005368268845309624,0.008347851252764844,0.0038700388399934603,0.003772646358529253,0.00965437583278032,0.021202279438504532,0.0016747234446660825,0.005917347435095307,0.0002773225391004265,0.01054949134632667,0.002978355583083341,0.032225928026323784,0.020403429439538573,0.011964273598635167,0.04217845598433447,1.3549778344524136e-06,4.993791654585659e-05,0.0,2.931792503037365e-05,0.0,1.2400133618228554e-05,0.0,0.001022646461987155,0.0,0.00017105662482551,2.9015152053295446e-06,0.0003154371054975666,0.001022646461987155,0.0004048676967694898,0.0008739551451585276,0.0006502240231820437,0.012448093857657149,0.00023183566934918904,0.0,0.0,3.779625797541411e-05,1.0396363983351738e-05,0.0016823581748431164,0.0015959279762688793,0.0009506133287620655,0.0002908220431495006,0.0015898429659922735,0.0007469983757975765,0.00653146870780662,4.5077339759693895e-07,0.004167305695903071,0.005771327675584034,0.0024156592478302994,0.008486330158961613,0.003324259320290415,0.0017272072516917912,0.014805988336949587,0.0002040084692679516,0.00942676380949022,0.002301805129567079,0.0004955272693159718,5.336090836771905e-07,0.00037037018124059644,0.00047778511537447895,0.0,0.00045815952571988546,0.0,0.00045410985983570997,0.001551919052031403,0.00021300007745651562,0.0,0.0001448466723665364,0.01120503844412649,0.0004054286998122937,0.013159140930199544,0.0005321047244081001,0.0004982723003177913
AGR_05_7d386,0.21977084314607104,0.18843017001746962,0.0571004474303951,0.021854425681323893,1.0,0.1611352537310678,0.06129512267619321,0.12903530774663605,0.014793290958567197,0.07653412449582177,0.03355153560645681,0.00955387803327911,0.041973906106765324,0.030034557537032883,0.03654929665774845,0.009335613951086917,0.0016778068761968742,0.01082363677876988,0.010653604659860993,0.009316575938886199,0.0053199515905239326,0.00027805395254364585,0.007261958384284276,0.0070522145768553215,0.013835251952804849,0.000905442537719929,0.004519214190086977,0.0038450483001583463,0.03466988015612223,0.002142338981028673,0.032632960343164624,0.011541186778857,4.7662410366943404e-06,0.2014643062859192,0.015453833368785846,0.001317252699132807,0.0012669981045453072,0.001465932527467897,0.0025712369055043284,0.0014508610401035677,0.0035599878229928645,0.0,9.314184150680698e-05,0.0010691435566423883,0.03641210719866784,0.049955523164533625,0.0024025708385113573,0.023741233897237764,0.007762071160603711,0.005983610018958058,0.08350313469064366,0.024119809644550613,0.012065655459532039,0.0007694038078070601,0.01524515668147318,0.0041504268067456,0.016955461165173564,0.012359732049110119,4.727193425026777e-05,0.0007684252924603793,0.004278790222739971,0.0039821563344106265,0.0031791985904286416,0.0025872515863564582,0.006184488463705137,0.0012848443691975853,0.002233829763855555,0.006340019344114945,0.0022133891224340313,1.3368476318720788e-05,0.005785244620954783,0.002233829763855555,0.0038284697324905814,0.0011349326570178418,0.007714877480434226,4.829736387297689e-05,0.002715805909754261,0.032868643879618305,0.007743376423738434,0.005921841339885787,2.7196434524363463e-06,0.003857943523442318,0.004449746647744632,0.007440258055441763,0.013409945920830082,0.000989356358081077,0.0009209013621809227,0.0013169046364080092,0.00029700093068785107,2.211473391180474e-05,3.347153933556986e-05,0.00016644809875286594,1.8846165279418172e-05,0.017222409722914094,0.0005149981427285114,4.962846398959333e-06,0.20047747242663294,0.0009484229325493195,0.0,0.0001928091223669192,0.007217403975799078,0.0004910028466210716,0.001616026295101059,0.017967664572626774,6.889970385637349e-05,0.0,7.641357083961195e-08,0.00408006051577653,0.0009304309860415638,0.05129772086820667,0.0007112690252866641,0.007419947692706034,0.002106330451505657,0.003664902146512545,0.0002652589248558371,0.006038670560849848
AGR_06_86d5e,0.266222274819186,0.25848808823075486,0.0865652277727964,0.11424395928671477,0.1611352537310678,1.0,0.08872474072979177,0.11650167411143939,0.08451292580668777,0.2538511635542203,0.10068839070315456,0.025389926127556247,0.04125595289304985,0.262864612419986,0.17165621930417532,0.00711705946916817,0.004903535095815305,0.0141962071135762,0.007414133074234919,0.0012815841411797481,0.007825381839262298,0.0013985132848237873,0.002637482581860857,0.007794952454285917,0.029935097001936813,0.0034058501462749004,0.0017936826837509504,0.002979458786508077,0.0007187626236508913,0.0063178226563493705,0.00014673283702536946,0.009816843988240637,2.236831740706174e-06,0.0023206788160795833,0.005860417847820097,0.004895570698776708,0.0080631350449776,0.003328710189721749,0.0002529691187579119,0.007968390227148299,0.007826918424423398,0.0019220850752559217,0.00047265196278655793,0.007460277740705296,0.037395670580418414,0.029166362534077946,0.004692694082884329,0.008292154618822179,0.008675161135931654,0.006704151634084197,0.03900669015011323,0.08312744510011312,0.0022894205023277544,0.013490254050807237,0.0024482453470459245,0.010026511273190132,0.0182866039782262,0.010025239213023259,0.0017699955324352614,9.86300616560507e-06,0.00022149253539527114,0.0008926917428307706,0.0011111123314664747,0.0,0.00035566192203331944,0.00012830011372806782,7.188793236214846e-05,8.964639631510115e-05,0.0030705492817029215,0.0,0.00022517721568467402,7.188793236214846e-05,0.0005175528521921714,0.0010510752456390742,0.0017364803802535254,0.00614129573646094,0.0014498575205053525,0.0013605249649618523,0.0008776576788035164,6.589125813927463e-05,0.0,0.0026288014624736597,0.006958916662288864,0.00016412427834614185,0.001123960142742219,0.00044162907160954937,0.0021218528954630865,0.0012320289099836252,0.0005328929846461702,0.0036323971665073373,0.0005769021220393804,0.00014491079546041983,0.0036514699175121106,0.014779211617925773,0.004613284117745253,0.0008631013129800062,0.018122632078291793,0.0010634661814808183,0.000985804433888358,0.0006650239203532761,0.000309573382155113,0.0012767251913901561,0.00230794233039325,0.004547897389902753,0.0004391677044895151,0.0,0.0003599110142911572,0.004856401081952219,0.003928944328823116,0.009653386757930312,0.002720437877861996,0.010244185803707685,0.0025007262390029468,0.02560474724782083,0.0006910895551952102,0.0030832442489722623
AGR_07_8b7c5,0.08585179368112583,0.13095463239475033,0.1398680128690607,0.09114262807779566,0.06129512267619321,0.08872474072979177,1.0,0.10322098185376422,0.02422623389271119,0.1727611918654824,0.15981134668915747,0.018892183457453218,0.07643360064282875,0.04984311571792541,0.16021215344615097,0.002790458571819666,0.0060280982446275656,0.00615495420400577,0.009491802220847553,0.0015694024698506678,0.013108525102354367,0.0019172543902517037,0.0015865715282649628,0.003158420883350972,0.0068205215674632174,0.007983508964051415,0.00015481161668159636,0.005374713046564481,0.011361305752252679,0.009003384824960473,0.0007667733081931529,0.002884354096880244,0.0006143105916146588,0.0011731246292511236,0.009496909439539016,0.0016957410304813975,0.000976302653829829,0.009080644217415137,4.553403072175371e-05,0.007633876036543541,0.011635107856131088,0.0024778114297840693,6.381403082196686e-05,7.838286939757218e-06,0.04761489439904187,0.0005368943932138871,0.002455879958946132,0.019486244940061095,0.04650782410033662,0.004935883385524325,0.005504715836968357,0.004199534120799561,0.009424641418060263,0.006887176379122245,0.0032380100257688436,0.0019938899595999724,0.023377983421912676,0.007071176561891577,0.0003925133499531681,0.0,0.0002831420308720713,0.0008741071656909206,0.00397455999728512,9.209250581893725e-07,0.00032213594875750445,3.982964185851437e-05,0.0010285676076569458,9.538209894469719e-05,0.0009570171901906174,0.0003220779724539639,0.005998084443165424,0.0010285676076569458,0.006910414102949729,0.024337025065235014,0.005952563613123095,0.007478445801461175,0.007355808946972602,0.008798039107847414,0.0011351583587350712,0.0014270106207890105,0.009436558063271955,0.002483621232535626,0.02095297360784814,0.005157752064269889,0.007084854702474163,0.0030136739781325634,0.006668003571374417,0.006741693535959019,0.001058821004271119,0.00922649288109663,0.0036033999785779957,0.002251104828140851,0.002418873511792159,0.02996161900713625,0.0012177262170893462,0.004423337702935108,0.002307064920344821,0.0030327334999942276,0.0023961228456923296,0.0,0.000682332271164241,0.005719067717120299,0.00814464958974658,0.0011126687636378422,0.0028214853872833884,4.7394773940767106e-05,0.0009855865952120132,0.023951136719306404,0.0023361496432958047,0.011783381436047513,0.003567948234065747,0.00507039783371783,0.0005840530622066775,0.0006452656357061583,0.0061767439025725455,0.006745567770367559
AGR_08_8dbee,0.04443875827505095,0.13096459286932033,0.28410892077310973,0.07018557079961579,0.12903530774663605,0.11650167411143939,0.10322098185376422,1.0,0.07903329978719338,0.11932776138919218,0.10728554252123133,0.1821042467727037,0.14298163039493084,0.10965853435975212,0.1153855566399343,0.0010809750335408733,0.001413463871739553,0.01054822703016357,0.0022539501127244385,0.008101353340010999,0.005563486403184177,0.0001692605864650295,0.003448108639466811,0.005781459441518207,0.002098864434636249,4.191331331930797e-05,1.5512017146285426e-05,0.002980528931881842,0.007899868609647047,0.00040536699350852463,0.012418900145592479,3.295637197053255e-06,7.737713624153883e-08,0.004873821027755358,0.014541685810866284,0.0,0.0012982044217357868,0.0017658150887538088,0.0003162697481626225,0.0004165314255521393,0.0020217309504253,2.7383780746179223e-05,6.350186638811369e-05,0.0037418720407992228,0.02734244078880012,0.0229591689675913,0.0026003220918830133,0.02864203385322923,0.010921953681835721,0.008237698157265539,0.008879786212653243,0.03745927473676878,0.00831171481840323,0.00438446178871064,0.004012503014400794,0.012744131653990074,0.015228495842010142,0.013254322614271572,1.063409362471867e-05,0.007862541673371934,0.019803009412367338,0.022017723808193952,0.008205924657034897,0.004961384606929379,0.009366885096293055,0.0012051154652796766,0.008123126748139012,0.010628716061690942,0.006103212108795311,0.0006556759348200291,0.007469689477717533,0.008123126748139012,0.011086729124247257,0.0006889643875360822,0.006254984857883378,2.492885863970152e-05,0.0015334172012715069,0.025138005744481783,0.007917933408648697,0.016186670828780232,7.620753159879112e-06,0.004124890474788601,0.005032247774023616,0.001334354825671484,0.017147830399537677,0.003095381647997209,0.0007660649710043953,0.0002627708485946463,0.0009397310210826928,0.00014727373531395023,6.042639202458001e-05,0.0011280921837381885,0.0001415664458180149,0.010382665025259953,0.0019966276096687525,0.00011270506462173056,0.013090678876395792,0.001421071622591894,1.8789514937797867e-07,0.00042105557980533226,0.013478999158240416,3.962686140322662e-05,0.0017884979114136126,0.008639899882269283,5.2129533970218636e-05,0.0,0.0,0.005880452648002446,0.0012251021416420298,0.009450011258959272,9.0575458410356e-05,0.004496801855665806,0.0009314197802434397,0.0061393770112716725,0.0002938077949281626,0.005813394184119044
AGR_09_8dd61,0.07497990338250099,0.022611781087712543,0.054999702931727804,0.2179911190814289,0.014793290958567197,0.08451292580668777,0.02422623389271119,0.07903329978719338,1.0,0.018875331438739713,0.03777109004603861,0.06661376808864736,0.023188063432136405,0.03632313311053659,0.07860406306457712,0.002284289921226481,0.001963694029232406,0.008533584486232796,0.0012905800211503314,0.03983577347864563,0.005856013170320346,0.002139190605826141,0.001657468918103802,0.007907545449656475,0.0021960691274543094,0.0002819716824637434,0.0023233847939246235,0.0029942969809805646,0.0002794212696987846,0.0005156268315902757,0.0,0.002918536088700027,3.343942056204546e-05,0.0,0.0014018366845166214,0.00828341086540093,0.0008028792567817532,0.0011274160441077947,0.002026472044953282,0.006339970341722718,0.0028021636769331535,0.0029212246660096806,0.000954113188664281,0.0016776452933072346,1.749156722678197e-05,0.0005916622558522537,0.0005896783513193243,0.0002563564407523752,0.0007829822420581587,0.023610693366325514,3.4355042546151144e-05,0.0031830044092777433,7.337645436418692e-08,0.0036955612981431265,2.8937376474852578e-06,0.007293997772478075,0.0005043488261638661,0.00047439117374438374,0.03600969666827799,0.0002619112876456756,3.6225944026584903e-05,0.0,5.017593086423846e-05,2.2594198462571346e-05,0.0,0.0,0.0007348883791661594,0.0,0.0005611562817842377,3.550312559116713e-05,0.0,0.0007348883791661594,4.394643855684957e-06,0.0003121022252479339,0.0005239568010892089,0.0131603868117923,0.0006750298373734273,9.928260427394656e-07,0.0013516415028950433,0.0031597298249274506,0.0,0.002596928724943663,0.0008224212673399894,0.00013665888367934333,0.000755211898275403,0.0006639550385022748,1.4775348267302346e-07,7.647702129583386e-05,0.0003016311692373298,0.00034859471259612537,0.0015509101816656835,0.0007890558116760354,0.007324950941281303,0.0002859353536980717,0.0011755289598800204,0.0030995840318730674,5.860218321448617e-07,0.0024359003932803982,0.0002584424509107346,0.002182475125833499,0.00022910332946453796,3.859503084354818e-07,2.459850782230374e-07,0.0,5.1974728919379785e-08,4.034718099060048e-06,0.0,8.383900403952667e-06,0.0003648352705779507,0.0,5.53123224370903e-07,0.0006473682529890385,8.923841260525662e-06,0.029453312741664146,2.2218443960024166e-05,0.0
AGR_10_9781f,0.08583178577175471,0.5530000932154636,0.12918878774546771,0.06087458211171859,0.07653412449582177,0.2538511635542203,0.1727611918654824,0.11932776138919218,0.018875331438739713,1.0,0.08816712586147722,0.032666735109660915,0.028214050419464835,0.20195988935917764,0.08083575502681375,0.0036750447489903443,0.0014500407772044942,0.026277457285708523,0.004661548140086504,0.005318480418223992,0.01160588001563351,0.0005472473970455125,0.01866463901022213,0.012645984979791584,0.006203358988172063,0.00029334730681270736,0.0005309091368258866,0.002915652087820405,0.0028576825244878614,0.01755452675714751,0.001667330581575146,0.00030985659889863284,1.5853376217690643e-05,0.002031016927621656,0.01766899607482362,0.00194379407681401,0.003555041492041725,0.015861615333671423,0.00010387864489548628,0.001864771904903242,0.0107873669206282,0.0002447537149091245,0.00023504837014352972,0.00718989835160958,0.04217611601121803,0.04776920699320764,0.02486535740503165,0.0492644286150238,0.029066783641183112,0.01657997882386888,0.040889274129543345,0.11839650631008644,0.012527440470434643,0.009770392935658212,0.019827730720195915,0.03122733479599771,0.059058469254326826,0.06079069443523557,0.0021935806800601784,0.00015853236777315372,0.0009193484680692988,0.008800211171494416,0.010109376032171609,0.0010008628464683042,0.0010515041603554422,0.00028995166337474114,0.001939105022970017,0.0016129231372358026,0.0008208197147684577,0.001491940511527666,0.008654137610824904,0.001939105022970017,0.015275443212838177,0.0031803199085662956,0.006704088057693099,0.0021012572695906923,0.0030067735898807357,0.005070287006734137,0.010552467618484319,0.0073414869404548775,0.0003694284915286818,0.0073547877445544,0.0170423036025286,0.0013679262984359914,0.01694736655221483,0.006030195132390644,0.00834969835206485,0.008279421832643871,0.007326960930938995,0.012857794398687318,0.007061898653067867,0.0009859124796091298,0.0033198044615174145,0.05934339306210919,0.01741687312103649,0.006434991009595925,0.01400898935313396,0.001609492397938238,0.00180722959797623,0.00012829238111553064,0.000985347540924879,0.0004295663741289944,0.019888626377359893,0.01010344143917708,0.00027446181651612065,9.970889116833962e-05,0.0011475612464684672,0.013796787163011935,0.004129564962208573,0.019810915899152123,0.0024435158204897662,0.024899404425573243,0.002028990091611284,0.009993796220549939,0.012601177268282802,0.024960306133408435
AGR_11_a8ba8,0.06548695924732278,0.0508610692872195,0.1654008423436332,0.05137700666325283,0.03355153560645681,0.10068839070315456,0.15981134668915747,0.10728554252123133,0.03777109004603861,0.08816712586147722,1.0,0.039257561714361594,0.09629868310734903,0.0542065176054022,0.11992738439108423,0.007178952963590687,0.008887410167807249,0.007247745104293635,0.00293632368396472,0.00014138972183526608,0.016829497212470592,0.00234634902174396,0.0010768668788628756,0.003508665699408993,0.003646655240081139,0.0026188312172127554,0.000811044084109758,0.0028044638124823974,0.00012589584365904134,0.00043997817643519815,3.472980361172454e-05,2.112168699311183e-05,0.00011307470644382418,2.702632423958495e-08,0.002848758006011556,0.0003176163426371999,2.60005705551156e-05,0.0001359877369614888,0.0,0.0034896002657142274,0.0003839877311152781,0.00015064981141426508,2.1843944277703346e-05,0.0018997592415683634,0.06625258844327904,0.0016789584546109588,0.04796909318223458,0.04239512578682495,0.056023456485752625,0.005953755941156718,0.007047566474540637,0.011555840786769205,0.007967084830597623,0.06771634754421803,0.0010061322202675365,0.004900542276479477,0.01512490300176734,0.007416213746404583,0.0021888264598361644,0.0,0.0004292864803649749,0.001127313387513138,0.0007196281558687422,0.0,9.717589243059834e-06,0.0005267859207220867,0.0011549150692957222,8.107889931936525e-06,0.00389989367300196,0.0,0.00019793857925880996,0.0011549150692957222,0.001810258405551045,0.001830524493514996,0.0007316618452465066,0.0015228650545414868,0.0005655997889673079,0.0063765286989573245,2.4507955364866706e-05,3.45348778172894e-05,0.0010786600923156063,0.0012475183258715303,0.006399941210329299,0.005738549975385583,3.5801031781673374e-05,2.9489100653586905e-07,0.0020318257449931662,0.00022856680359466686,0.0,0.0035013791959800132,0.0,0.00011590405501477485,4.587988568747457e-05,0.0009815155654244283,0.0004421934325288728,3.7529147035938846e-07,2.156580717302322e-06,0.0,0.0,0.00027434704370411973,0.00034578403413421544,0.0018789026838545687,0.0015423679467131734,0.003224198716155363,0.0027991721849749476,0.0,0.0002910905647921074,0.005103994534287334,0.0006120236730071017,0.009312514999585256,0.003822753049154079,0.0025535542554091834,0.0005236070695042658,0.0066774849006837325,0.0006152634285570002,0.006742267875704812
AGR_12_c170b,0.02194002321303871,0.02384648317393648,0.14730345838646047,0.025721506513042777,0.00955387803327911,0.025389926127556247,0.018892183457453218,0.1821042467727037,0.06661376808864736,0.032666735109660915,0.039257561714361594,1.0,0.034477338188604316,0.05064962384477278,0.028398351188725905,0.00048261415965406717,0.00026988685945128173,0.0022545618851851864,0.0007962355184019613,0.0006550391458403419,0.0017583412726837405,0.0005482050326895485,0.0003233584284774507,0.0024193020807912985,2.746573917150356e-05,1.5244964147885687e-06,0.0003243264810031363,0.0005068477628285682,0.00022775091561919302,0.0005343929408404614,0.0003877978327025478,0.0005379096922942276,7.220186834401739e-05,0.0001428310899859414,0.0031093027999902277,6.962768879635885e-07,0.005659494200450134,0.0013020918220891847,0.004712122514527342,0.00011725035072282084,0.0006064490807462616,1.222005178788713e-05,0.0024892069176608187,0.013152554015596271,0.00028327852499763844,0.009341101197280717,0.0025321473163478297,0.0027124692813483638,0.026201588138335882,0.00012483341946557298,0.0010717369760866497,0.025818277370243663,4.474492187060559e-05,0.02151933865296591,0.00014375113019527298,0.014314581530510337,0.005405177271651253,0.006827681795061391,0.0004106907270693606,0.012567694194963007,0.002432557858419702,0.00998342933902973,0.00987851621187994,0.0015241269482250321,0.0022910578183860148,0.000447145839872768,0.024030207201558424,0.000874177460713733,0.017682512811219804,0.0020419109164547876,0.004137841376345305,0.024030207201558424,0.005792837238297139,0.0,0.002214294261537456,0.0012165378197086583,3.448218754575368e-05,0.0002253526480070477,0.0006548759676298667,0.010574514601309114,1.392031526480619e-07,0.0041489538075933615,0.0028349314879487493,0.00011550027704155813,0.0010365980801066359,0.00041113942965574705,4.574257290480079e-06,0.00013946411133380606,0.004366045707175756,0.0005687461322511037,0.0005049767572007758,0.0,0.0027854040511273953,0.0028732738700891587,0.0049120868166279905,0.000726047188642347,9.64449575757478e-10,0.00018663560238923806,0.0,0.010759699213441129,0.002879469069311035,0.00020638418630156832,7.651407713383952e-05,0.003249467152258446,0.0006344378627491482,0.000450524296747645,5.342838649802851e-06,0.0011010356543577748,0.0015646692921955242,6.922671146409658e-07,0.00032323882083272834,0.003478159743948236,9.86205252604816e-05,0.0060114234042919126,0.0,0.00022795103532670987
AGR_13_d7fa3,0.0319820329379458,0.02103319108776208,0.12766199309546322,0.014944685526546896,0.041973906106765324,0.04125595289304985,0.07643360064282875,0.14298163039493084,0.023188063432136405,0.028214050419464835,0.09629868310734903,0.034477338188604316,1.0,0.03780133318373903,0.0756524058894167,0.000848493625157212,0.00030417324081378946,0.0006917872586661614,0.00035904676029961154,8.133958612308113e-05,0.007374769057413091,5.02043335949854e-07,5.7478483408570166e-05,0.0008185926153335547,0.0012623473726106713,0.00037943084563596847,0.0001615202379315287,0.0007539980483835765,0.004001459918543016,0.0006369457005329231,0.00040640704151112945,0.0009955798109724048,0.0,0.0012742540907086976,0.002434573367527508,0.00014012734125310247,0.00012460220409344554,0.00022372035666477376,0.00014715109514393197,0.0011580771457195584,0.00030564592226426437,0.00027703063719902477,0.00046582358397978876,0.00044697124663215887,0.006376596336080168,0.001860129725718477,0.002797489075451499,0.008088593315070019,0.012856322356144735,0.001520400100138139,0.0010920133990062835,0.017444762218858666,0.0009925520130874492,0.017753959946405027,0.00031861210978650315,0.0004022828339329309,0.006188399334187422,0.003882199162938156,0.00018503426026807412,0.00014441704331283103,0.003342906106905059,0.0023168664260490336,0.0020660309117845614,0.0,0.001228628935220947,0.0010421004731123696,0.00409368158990203,0.0002221267898495084,0.0015496694637987462,0.0,0.002174707073657279,0.00409368158990203,0.0013749696688088355,0.0029194235750731254,0.0051618954272202346,0.0013271140669660333,0.0006121512910904041,0.007922494768414974,0.00038777976574044245,0.0017205899020947693,0.00034828304254165603,0.0024715726541804316,0.00575266105409712,0.0005910928136416278,0.0019996089953544355,0.0010428266443326096,0.0003867954901083781,0.0012120277416162845,0.0,0.0004435741961944904,3.6854444381158516e-08,7.822180236326998e-05,0.00013252638612851718,0.003564988814706265,0.0004581552749151668,2.8996923153367e-05,0.0008576275515535494,0.0,5.762344591058683e-07,0.0002906949063452122,0.002699826112745794,0.0022193529974040825,0.00879854970119806,0.010048011213841272,0.0031030977990099172,0.00022987278420552772,3.0418848178354715e-05,0.011749422972251884,0.0076287054615211455,0.010290526494529344,0.0006269918496601685,0.004074657051165128,0.003022487180534625,0.001176240139588787,0.0035914435347945556,0.005021884155243832
AGR_14_f501a,0.1282239383017336,0.13720252540972938,0.05427492917742167,0.03881727146543828,0.030034557537032883,0.262864612419986,0.04984311571792541,0.10965853435975212,0.03632313311053659,0.20195988935917764,0.0542065176054022,0.05064962384477278,0.03780133318373903,1.0,0.10567909508467607,0.00033083528544668585,0.00036237029270596736,0.0013758542747976973,0.0010528804325587414,0.0,0.0001244612940958027,0.0008923999994208946,0.0004700246404847331,0.001811225362417174,0.0005486794754248287,1.77969643463857e-05,0.00029309554540313926,2.8501553606125196e-05,0.0001725686276840826,0.00046896716132203655,3.005076679500093e-05,0.0004143789446952119,1.5886643413369434e-06,0.0,0.0006787311267597436,0.0006944018694760565,0.003782491803659197,0.0002748539465012795,9.716888028568135e-08,0.0031913654185193397,0.00022673013214818133,2.83034684948061e-05,0.0009623826309311702,0.01331892221190536,0.008905313675140247,0.030875672059482596,0.00202862041840369,0.003291623395933068,0.0018745496854407906,2.4231698816964448e-05,0.011043257097379829,0.16854014098514636,0.0008933765949162757,0.02299113524318445,0.008265028060753457,0.004608013627747746,0.013821869723081968,0.00739844538490579,9.965045935697831e-05,0.0,2.5344986639984763e-05,0.0009212246784964797,0.001084191317542151,6.9866864232068666e-06,2.0929620415228658e-05,0.00038105071844299245,0.00028378478408924696,0.00028089888804885805,0.006684690627358985,0.0,1.2619738953181388e-05,0.00028378478408924696,8.929513259050585e-05,0.0,0.0009372165531999965,0.0008633542095201868,0.00013869946014929009,0.000488767087601446,4.780181407196744e-06,7.998329429725426e-05,0.0,0.0041129580416300136,0.0023195882401240687,1.1475897400069717e-05,0.0002369803023468737,7.548137358211996e-06,6.75360061021383e-05,0.00041488602925767826,0.00012949235972656016,0.0013926492148651805,0.0,0.0,0.0004242923837560653,0.006919967956614732,0.003945882933821422,1.1341526600007478e-06,1.9772319733447885e-05,0.0,4.584316487884499e-06,0.0005522344881057458,0.00030669051940715263,0.00035563409651216053,0.00012192721917680739,0.0023670844685576386,0.0002524202187922581,6.66393942088979e-08,0.0005913296168855999,0.002093633516415682,0.002429706343675648,0.0017975447873349217,0.001548510781161883,0.004673644022052726,0.0007158438936369217,0.0006920068736672728,3.397229488254871e-05,0.0015637079005942918
AGR_15_fe6d3,0.12723070039367862,0.083991911052854,0.09628651167649112,0.1342028882969479,0.03654929665774845,0.17165621930417532,0.16021215344615097,0.1153855566399343,0.07860406306457712,0.08083575502681375,0.11992738439108423,0.028398351188725905,0.0756524058894167,0.10567909508467607,1.0,0.005911359099430992,0.010935277141728615,0.014204816003767197,0.0011749733635730503,0.001466784164350837,0.010243165278025898,0.0014393051778914853,0.0053892931867586015,0.017438881395802106,0.0830627499265841,0.004241460568084996,3.0668876351110215e-05,0.007810498661088713,0.0009387432097961538,0.005454501524135632,0.0003238143870981158,0.0029351248493248213,0.0010083925769710728,7.353394733420715e-06,0.0017295224309873574,0.00370743061695062,0.004895740832032887,0.005983704316233193,0.00015745635399987305,0.0112099100493531,0.029714717293054086,0.05493272486245707,0.0010218426121314692,0.0003126381395355681,0.02505967639698027,0.0015223869954755138,0.0009487940953938601,0.004750447794875311,0.012053073728386614,0.001515145548695864,0.003422769529840015,0.006869804931683173,0.0008620351518100125,0.010040860574400848,3.5524638844745737e-06,0.0017232075660978663,0.012438943114197895,0.0010232963822013913,0.0001261970261756207,0.0,2.8845797197012036e-05,0.0013632646256057988,0.003286751054071869,0.00030403334817111807,0.000144151415043383,0.0006099623314791125,0.002090015633519477,0.00025573204135872146,0.00294969791400194,0.0,0.0,0.002090015633519477,0.0010700131763470859,0.002802579527887396,0.009614639121922766,0.005722173444126848,0.02283177285857227,0.004987150975999168,1.2726169420672591e-05,0.00014748926828439483,4.1897362575334546e-07,0.0037108626373368527,0.009545265959832013,0.00021699999045649238,0.007049045493390559,0.0023528719331030942,0.005657194616348098,0.0005753805035387558,0.0004653273307299423,0.004912117819187187,0.0008570724166223157,5.153295077483594e-05,0.0015393026309557043,0.004401022848942845,0.0010596088174860512,0.0007573121555927619,0.0003108106538137597,0.010190636745278913,0.00112453434605094,2.977442067504621e-07,0.005748149880518164,0.0017150576278622005,0.004281274366152245,3.142082386162971e-07,0.007210507657248204,6.864065851005476e-07,0.0020906646149981304,0.013973833643232767,0.006792623348046794,0.0025834958790550283,0.0031170535059662483,0.00299201298185881,0.009767099880844109,0.007997731423270068,0.007944957615222755,0.003537182142629655
DIS_01_0c5e4,0.011779085611720969,0.0010507462436067667,0.005727764296047314,0.0005935129428875036,0.009335613951086917,0.00711705946916817,0.002790458571819666,0.0010809750335408733,0.002284289921226481,0.0036750447489903443,0.007178952963590687,0.00048261415965406717,0.000848493625157212,0.00033083528544668585,0.005911359099430992,1.0,0.197569251515936,0.2623310874580965,0.11059802830777206,0.056721538438059396,0.17653303533974413,0.17803442038963796,0.17732640534297617,0.3254741085074349,0.20498788601239554,0.1585630631026572,0.2406147060109982,0.2855189497570486,0.0015541972076923004,0.0026472639624599303,0.011574596612957302,0.03474048293207887,0.00011329143627601015,0.007041383130944028,0.001432332129063473,0.009239729976332968,0.0015205797956870395,0.0008004041587730043,0.0008960098148063255,0.0016237262532768219,0.008913859313165127,0.0007058996570210028,0.0002693823549184007,0.0,0.012408278152464276,6.87555528391936e-05,0.0018300054396869212,0.0055996648036257795,0.0031862324499010992,0.002330861439381142,0.007791438076883708,0.006438678768537741,0.0008301285629711547,0.006021893358926471,3.275373595695113e-05,0.000309579928569335,0.004848882252400881,0.00024454527518449556,0.0028762672864962938,9.447045753518022e-07,2.936870050193155e-06,0.00035056375517410367,0.0009312100291799457,3.16300810755579e-05,0.0,3.205492923699728e-05,0.002012815374063407,0.0026549775411478537,0.018583490122031157,0.00046610731561142697,0.00029586967897437036,0.002012815374063407,0.0024213747486504012,8.387371859388332e-05,0.0003263361797139408,0.00010195758011488435,0.0014772197256308901,6.947076790572405e-05,0.0,0.0011962274990211282,0.0,9.17187791289177e-05,0.000433680006795867,6.278139963277073e-05,0.00033177448898424774,0.023125305415585877,0.0031450327453118997,0.004521042459249173,0.01270191506551076,0.0038859768573978244,0.0,9.292062032521655e-06,7.534537987342086e-05,0.005779115417515972,5.058644654097621e-05,3.1205615372254316e-07,0.006972619378754936,4.6433932025190486e-05,0.00010830804103339453,9.616552936435572e-05,0.05997120149962147,0.006387252076160673,0.002163994427368972,0.0035361112428056755,0.010700285360193133,0.015962407856058708,0.002103625500976848,0.004126992637209664,0.0030271771106005034,0.0269469785049799,0.012268393382661467,0.0007340615781420928,0.006809524011239551,0.015818025600753988,0.001702666782341755,0.003681853820784786
DIS_02_24fa8,0.004854616771424303,2.4364606468184587e-05,0.005463654477339698,0.001932788851599705,0.0016778068761968742,0.004903535095815305,0.0060280982446275656,0.001413463871739553,0.001963694029232406,0.0014500407772044942,0.008887410167807249,0.00026988685945128173,0.00030417324081378946,0.00036237029270596736,0.010935277141728615,0.197569251515936,1.0,0.19787433115257055,0.13032290018987464,0.04982710933834466,0.1960834378744195,0.16519548346494703,0.11088775373006073,0.21350430202606246,0.271931065379727,0.21076400379508378,0.10471009653649153,0.2662517278532282,0.0018196796054568804,0.006887435296338589,0.004215948448158356,0.017236485236588696,0.0007965642962858781,0.004589159024917646,0.0060239769675452404,0.004371297391564586,0.0036959673621323294,0.002551079631050582,0.00011960131981500476,0.005955271543488285,0.0192765493674434,0.005232769507598529,0.0002789599109500986,0.00017889869482759098,0.011121938022805634,0.00014517587371023688,0.004715596253203467,0.003130247385983653,0.023309513076919523,0.006606807670493305,0.005109737454262522,0.0011695917720722128,0.0006257364813704539,0.005372310265160581,0.00021636522640807555,0.005369140567619014,0.026973892286758686,0.0005371082206813412,0.004543976688806208,0.0005557129608081552,0.0006058317794181246,0.001189608347371336,0.0032709727942991412,0.0016050907015061186,1.498567819246066e-05,0.0003495778659686366,0.003466875324841629,6.191403904615013e-05,0.01818729391479347,0.004157487261187136,0.001526169234406979,0.003466875324841629,0.0026792359371844445,0.0,0.001612468210599113,0.0010129541014731415,0.006949665600546523,0.00011284906632011165,0.0,0.0004369141810933304,0.0,5.4138317084588874e-05,0.005853201839809902,0.0012646378551485823,0.0008558790430573707,0.016209978156744683,0.003008450185761508,0.0018474552969571594,0.0028302884831195424,0.001969571539182106,6.902009840621866e-06,1.8043948724053867e-05,0.0016367495613963687,0.0020013123533762717,9.477232783952877e-05,3.854589341497304e-05,0.0006578781887217238,0.003767924887529167,0.0009999381316546623,0.0009093273986401716,0.044674237839888706,0.02367112702302395,0.004956689047804443,0.007329578515450084,0.05244988664757416,0.011049119528788119,0.016166426727188554,0.03797056487662339,0.014144658181967893,0.02373785154831884,0.019243722324081555,0.0056073030220266575,0.026313366434222506,0.03839933237628366,0.009166134717139467,0.009955797309192039
DIS_03_28e55,0.008516085960924716,0.02464919980289541,0.010403895448151363,0.0054311804258635014,0.01082363677876988,0.0141962071135762,0.00615495420400577,0.01054822703016357,0.008533584486232796,0.026277457285708523,0.007247745104293635,0.0022545618851851864,0.0006917872586661614,0.0013758542747976973,0.014204816003767197,0.2623310874580965,0.19787433115257055,1.0,0.10207274847192382,0.17701132075643294,0.19647599082543837,0.20161194916229117,0.5806463357030728,0.5475579077997412,0.24659907100337658,0.11734247263779815,0.20502711531172288,0.3727149191180644,0.006815603021206575,0.008403227617534988,0.02616737257474449,0.013789413299350888,0.0001904016264898109,0.01016107152429604,0.014277148159945506,0.009755747379227495,0.002384314487594779,0.015467805052328677,0.0015672204536974189,0.002638383837123184,0.07176810986248702,0.01168054197886239,0.00011780595462140459,0.002045101413683169,0.016739822378337245,0.006455024551872243,0.01769791863946107,0.044067234808936324,0.00992536687153264,0.034520903984446724,0.02001490388519147,0.005846769371926216,0.0010536875154735586,0.0041899021193400185,0.004741726437180902,0.030398657517911303,0.01708570531571189,0.029202262463557106,0.012743760926967112,0.00030017943914535276,0.000622018218339222,0.006468964100756361,0.013448224583328842,0.0177754595658515,0.00145368391353967,0.0,0.008953708444107339,0.004751195692632205,0.020274723526538772,0.016877125042357582,0.004540421056994112,0.008953708444107339,0.012970936482243636,0.00017246998917630474,0.011197268291133345,0.0005357789227686572,0.016349428203484926,0.0016152212085114629,0.0020635779489073794,0.018384007905080633,0.0,0.0007934139078165239,0.0027776234821342122,0.0004420242813208126,0.02225136001433997,0.08686639906881463,0.010766899420884279,0.009065304830354249,0.029735410629651692,0.010327175442066475,0.005679182514402567,0.0036218861782790187,0.0034854181197137186,0.03432421171634983,0.005852179760932341,0.005233637279620497,0.03177381853657784,0.02098307712846597,0.002204584511739805,0.002225147755834824,0.0990019061349908,0.0018795752778477553,0.01992134157790646,0.007648089810363295,0.011976016570169492,0.00809527443543624,0.005247167509681935,0.008566631919552453,0.0009721221252558874,0.021980436097777556,0.005085617554071989,0.009190709184074055,0.015448597543805991,0.04546256340812075,0.013525619500206537,0.03484598487390653
DIS_04_3296a,0.014327341064912387,0.004983331211932444,0.003349242569187503,0.002256453238443921,0.010653604659860993,0.007414133074234919,0.009491802220847553,0.0022539501127244385,0.0012905800211503314,0.004661548140086504,0.00293632368396472,0.0007962355184019613,0.00035904676029961154,0.0010528804325587414,0.0011749733635730503,0.11059802830777206,0.13032290018987464,0.10207274847192382,1.0,0.04985231912162157,0.17391551885564097,0.275957383549619,0.03655108878646358,0.07286086198452625,0.06149833019720058,0.10627595886048113,0.07829659080592775,0.10727875993033378,0.0051647853470065605,0.0020840816462039872,0.008058153304654047,0.0022776684688336256,0.001310776342444182,0.010145166477254344,0.0038452238508288254,0.000970838213925843,0.0009102088150165993,0.0026995140913807026,0.0004349536874890025,2.464035616789002e-05,0.007593661340332858,0.0018024689269093167,3.658578096813588e-05,9.265182820561405e-05,0.009071906737127176,0.004580212134373857,0.0013708546117325454,0.0017989621034877293,0.027651593444918174,0.0012538554670151328,0.011539734843604717,0.003279783120669677,1.2458737185900713e-06,0.00040980712660262247,0.006307183255246557,0.004535593274620836,0.041518597599659327,0.0027884813745220637,0.0026751332618380028,0.003632190127867348,0.000857095004645346,0.001312329670675064,0.0064719568604906874,0.0011812364212566127,0.0003029601116759525,0.00818682138527704,0.006592915922391944,0.0021200021241139563,0.05799916002150276,0.015839286046623515,0.12255130526023769,0.006592915922391944,0.0094000895545962,0.008487892565040452,0.009513430232884758,0.006589175782267769,0.012501069828642524,0.0026879101431598637,0.0025136196283887936,0.010647017560657805,0.0029974816624532873,0.004848159992785476,0.12255739361005605,0.04080013853376725,0.006417314306585082,0.01758022914279521,0.0046647224096724475,0.0034244348870795197,0.0009687043759841954,0.004531709029777769,0.0007685978230607849,2.11058787286351e-06,0.0005740974472439616,0.01966188581492638,3.597554506551156e-05,0.0007553720635499536,0.010358956611506678,0.003162298710838253,2.32951583119604e-05,0.0019793736982981107,0.021354704481700997,0.017691398296622626,0.0020923900385383305,0.013812386859429527,0.038648781308628095,0.00013421001289783108,0.005039056148909676,0.06873904838574056,0.001991785996376796,0.009580334132710876,0.011230486645370113,0.006287706691685991,0.006184090840389453,0.011448907876510903,0.00032349491829680396,0.007334896559329572
DIS_05_4c0e5,0.0002481677193053922,0.004016409941279808,0.00451069041144616,0.01310009680215348,0.009316575938886199,0.0012815841411797481,0.0015694024698506678,0.008101353340010999,0.03983577347864563,0.005318480418223992,0.00014138972183526608,0.0006550391458403419,8.133958612308113e-05,0.0,0.001466784164350837,0.056721538438059396,0.04982710933834466,0.17701132075643294,0.04985231912162157,1.0,0.13884804273617735,0.0682270474478261,0.13008711075374874,0.13840380916319855,0.06544536605137426,0.0398344803635397,0.03975042541274461,0.11004431747667164,0.05740317420233772,0.025899227529183107,0.07416020215015363,0.004418362178799457,0.008915066286833409,0.049321594476169815,0.030992921478175534,0.01907658398274244,0.01709743948421076,0.04889026878887815,0.009216679477189967,0.0008891669071598498,0.04590129309061309,0.01962378273276188,0.004973050515253975,0.0032780939742096346,0.005519027430366795,0.00849640732610547,0.007329328873545969,0.043120194074909135,0.0061608775543873055,0.1875587569130963,0.02246203556302654,0.0001695885400296094,0.012746961123343333,0.00013307048459836035,0.0016459854618855812,0.030301539966543327,0.01730386735656744,0.020771970534044122,0.06410344160533486,0.0008919011992091877,0.03584722174127398,0.018672529000745935,0.0425835068758089,0.05579450467269043,0.012689925921467574,0.00028630415589359125,0.01154893249045194,0.013410218433113278,0.005311270151028326,0.0277269588282824,0.008705273223675218,0.01154893249045194,0.026625105345574614,2.4053112034914453e-06,0.00675008213500727,0.0033284510777753453,0.007072368989798994,0.005353327196254063,0.008629122758903453,0.04023450424865448,0.0,0.0014214558898658955,0.005428827123622165,0.000711370191670749,0.02731594732508984,0.09929831558160375,0.015384731609866439,0.007361728371651893,0.0444012813779411,0.007832537835347753,0.01761463484328039,0.005815290637930225,0.017392998710729964,0.027860036164798048,0.013812211863639063,0.01795186964379622,0.03554764776330422,0.05457250756388075,0.003856549364752863,0.0048496968014208755,0.08195544322061289,0.0010633208726630473,0.019214100832933453,0.003749579001175796,0.0024244101331169637,0.0066218412370279735,0.001222900559824652,0.00693824340293231,0.00413677223655236,0.010295924786385049,0.004602519558112639,0.02727346053481979,0.013564189060966849,0.041995290481173585,0.012559064599085875,0.027090806408964337
DIS_06_605ba,0.005676735341575071,0.0040905524656231,0.02297574090743701,0.004746931706478358,0.0053199515905239326,0.007825381839262298,0.013108525102354367,0.005563486403184177,0.005856013170320346,0.01160588001563351,0.016829497212470592,0.0017583412726837405,0.007374769057413091,0.0001244612940958027,0.010243165278025898,0.17653303533974413,0.1960834378744195,0.19647599082543837,0.17391551885564097,0.13884804273617735,1.0,0.14115685567594652,0.09969497309954956,0.18578696796733626,0.1428735531809958,0.13097400044793645,0.11460758997914895,0.18183425577852003,0.011360600887471114,0.015227627964956877,0.009729335889238454,0.006882284063933003,0.00022150955535625273,0.008509301936260637,0.004053445468201557,0.007718738941166859,0.005854491222653498,0.008926864998671494,0.0005600123024438244,0.0012874878489882583,0.020638354082047523,0.002182803082007148,0.00025402985511589543,0.001029807088640727,0.044574128456095395,0.0033874053646775364,0.012014893240697589,0.025913646450570434,0.12866398824890746,0.03584267288187455,0.015473011906163913,0.002944331604851958,0.00137727486044745,0.010910804824376362,0.00039139094173847017,0.013433021601688036,0.09753431126077323,0.00921683668838902,0.012385003837294914,5.170474421367623e-05,0.0017976293823222715,0.00231283929799854,0.012073276455626477,0.0010984979605779604,0.0009977350666976776,0.0018886997006953084,0.00848519939418324,0.0016045098073262651,0.013430131906355723,0.0029652638585663934,0.024078514212705692,0.00848519939418324,0.01639824684440984,0.0007795724013223528,0.004290833365890017,0.0027287817035152894,0.008651492279444294,0.0018062110225494667,0.0012842379374450803,0.009059848429626418,3.6988439410574913e-07,0.0017786491885567488,0.040827694578647655,0.001384874499454014,0.006592639292152545,0.1530046801648386,0.024486537909480615,0.011202334596171228,0.010307192817064497,0.013657204176253664,0.0011098620974698413,5.7620549215958364e-05,0.004068533729575761,0.026182836840728616,0.004078339468881336,0.0011428461240164211,0.006571606659867661,0.006265443948396081,0.0016055123665034282,0.004283273691694454,0.07867538487995072,0.010208507718472933,0.01539422390487695,0.02615057529228592,0.03490303622941575,0.008007282081307113,0.0035359867336000822,0.07141331947064265,0.009836286429091508,0.018305028791762813,0.01108982338298582,0.03353364435083562,0.019694651896109628,0.023290710115118136,0.008123451911662149,0.03146069954276376
DIS_07_67eb1,0.009032195985779343,2.2350558588723353e-05,0.000981997772125085,0.0012968919131248707,0.00027805395254364585,0.0013985132848237873,0.0019172543902517037,0.0001692605864650295,0.002139190605826141,0.0005472473970455125,0.00234634902174396,0.0005482050326895485,5.02043335949854e-07,0.0008923999994208946,0.0014393051778914853,0.17803442038963796,0.16519548346494703,0.20161194916229117,0.275957383549619,0.0682270474478261,0.14115685567594652,1.0,0.11818450771031491,0.1781664201643636,0.1288362392246143,0.26499097019381673,0.08325939102108662,0.20743083161931897,0.0038692366948570277,0.0026167899432422855,0.0042528233799196515,0.009845187638992142,0.00205269938093498,0.0006852523609493534,0.0012013650519852976,0.00216412905275773,0.0013775847752929065,0.004163889239308124,2.897212061637484e-05,0.001600633420402227,0.005459134932872544,0.00279161059582355,0.0002992432768589861,0.00012194568660221772,0.005765334791880905,0.0019282864994307266,0.0024817360668260616,0.006373657636814763,0.005075333910087293,0.001943785721640093,0.004181834882205577,0.0010224341175740512,6.167369965190524e-06,0.0047176279995882215,0.00020750151901639225,0.007294387846934175,0.00609447353238363,0.0019744052427943483,0.010533028745815324,0.0002902125947032913,4.178790884085579e-06,0.0018461633125001957,0.0019772912289072204,0.0023603641215583773,3.86310416539475e-05,9.416997258712475e-05,0.0016527376656186143,0.0,0.052017624784764016,0.014752391911509913,0.0019593117776079503,0.0016527376656186143,0.0037823181675542975,2.4228554513580476e-08,0.00038777310963270087,0.0014400689402091491,0.0008352405545626238,0.0,0.0,0.0011421074410709196,0.0,1.1088507363517374e-05,0.003696300784275629,0.001116674940976601,0.00054786973324155,0.019207931379974407,0.0026815062752097818,0.004518627684122338,0.0008719788498346177,0.012300266238960049,0.0009392987684221383,3.8650983071341113e-10,0.0010581394152655917,0.004378831030666564,4.949355020050341e-05,0.00029413429836572404,0.0009951341609397324,0.0003976971089353771,0.001042385386174618,0.0007926524976999538,0.03336794199055356,0.014276558849162273,0.005029538740019178,0.0009573002717667012,0.04546878191929908,0.0018068581980080446,0.022467730174793504,0.00281808414003687,0.0010137532836234934,0.001327969387024113,0.030868087669113156,0.003669520158932925,0.014935888656669255,0.011004781600096386,0.007528640716302932,0.008506186965827039
DIS_08_71203,0.0022851026050748264,0.01260977770522405,0.0018883199525534156,0.00039773095566242653,0.007261958384284276,0.002637482581860857,0.0015865715282649628,0.003448108639466811,0.001657468918103802,0.01866463901022213,0.0010768668788628756,0.0003233584284774507,5.7478483408570166e-05,0.0004700246404847331,0.0053892931867586015,0.17732640534297617,0.11088775373006073,0.5806463357030728,0.03655108878646358,0.13008711075374874,0.09969497309954956,0.11818450771031491,1.0,0.5794045479714159,0.15073118331748384,0.09509029787228016,0.20018073633833308,0.28301436760042625,0.00704752046393948,0.0045610548092105555,0.03709507589209281,0.003546530551497263,0.0003882344630176796,0.009876655794689822,0.006020532169679846,0.0034230091455431863,0.0003809520431655294,0.009819951415561428,0.0012649369087782956,0.00044618874973070957,0.03070780465553189,0.009400511676987636,2.8824442852529384e-05,0.0006531043318794066,0.00985886193486464,0.0011055357242962442,0.013932927556077411,0.01826866285589205,0.0011647531079610669,0.021367754982846175,0.01080707367160614,0.002830245549166372,0.0017984754781761876,0.00034150816194235457,0.0012472323834766725,0.01131695618521937,0.004832359975484253,0.015176810393297619,0.01947203092263922,2.797888542870105e-05,0.000684496559799742,0.0016014703669681514,0.004172382905696983,0.02320724756632846,0.0012660938325804766,0.0,0.0021995694214176353,0.005103066950326997,0.006767264045552423,0.008131178903533393,0.0007544025203824258,0.0021995694214176353,0.004997309968328802,0.0,0.00431057654935488,4.306580478970268e-06,0.006649744407372194,0.0006918557959390526,0.0001663929156534799,0.008804259022497122,0.0,1.078526313992377e-05,0.00018026698395966334,5.742150961774028e-05,0.015410695322785868,0.08412497590090495,0.024147854149307743,0.01239963548008637,0.050549328105789104,0.0125273343739365,0.010157741576513495,0.0010381006402498383,0.0028976319555039445,0.03118026224942693,0.008339700778919715,0.003403438230732609,0.03967971765347371,0.015258386295205194,0.005056736083828662,0.00022852870337159784,0.08107334076586929,0.0021836968540785823,0.012969515041124932,0.004273259741655166,0.004575853943763918,0.02067435098400984,0.00903928615706347,0.0034020385472809645,0.0016636197276431728,0.02576495556517481,0.009251190822494223,0.005615377511842727,0.023255917061443178,0.02038306151532701,0.012307690202749728,0.0523332160699341
DIS_09_891e7,0.008411907549990235,0.005314389806152486,0.01039599772655035,0.001808373298818403,0.0070522145768553215,0.007794952454285917,0.003158420883350972,0.005781459441518207,0.007907545449656475,0.012645984979791584,0.003508665699408993,0.0024193020807912985,0.0008185926153335547,0.001811225362417174,0.017438881395802106,0.3254741085074349,0.21350430202606246,0.5475579077997412,0.07286086198452625,0.13840380916319855,0.18578696796733626,0.1781664201643636,0.5794045479714159,1.0,0.2563985124295555,0.16283243721537122,0.23488577520988135,0.5525725291284574,0.0062476728507112975,0.010949819368557625,0.03476032448413409,0.014514122250669543,0.0005474005437442025,0.006984373271125496,0.005230360730382506,0.013052665704599937,0.0024023270661880152,0.007572527875513686,0.003789263411347966,0.0029870479039189432,0.0333600844601395,0.012178026390740945,0.0005144124399771293,0.000649871121391561,0.015044348838258184,0.0013886324762454262,0.013568633934931107,0.0207154875751097,0.008160193326014312,0.020053828192732676,0.00919275707491145,0.010594004466716104,0.002952600638340258,0.005428429449566314,0.0005967428630682103,0.00895542023471841,0.016548165224921717,0.011992769432576331,0.013719395238751791,0.00047137498669377117,0.0012855736077442758,0.004534280318203486,0.006543835073984268,0.015187390334019593,0.00046116502584624006,0.00012697421661162105,0.011278611579562295,0.002866834955152367,0.019448356256881023,0.004885339024999854,0.0008742183316454967,0.011278611579562295,0.007397352353028899,2.61431716449193e-05,0.008037400202929595,0.0005897223618896591,0.011728770935522211,0.0014153429703555108,4.933992190412407e-05,0.012177865486938262,0.0,0.0009627975269169431,0.0028964436761515482,0.0004147109886493124,0.009708260582041828,0.0889011837306265,0.01927886344248409,0.014141677762779487,0.04799856085635596,0.01404694166195166,0.0024848085568613025,5.802054319125912e-05,0.003008282498134141,0.02571219012214607,0.005768342217547681,0.0012860155125235403,0.021725110714842413,0.011986727612549474,0.0023141217145234826,0.0005237720397579661,0.1168519978163799,0.005333488190003509,0.006060292093230572,0.008389170533464448,0.016099262118449715,0.02686211022276622,0.006933573999776939,0.013070090422325169,0.0016116864285047336,0.021667009358281773,0.011755209144111345,0.007888135922860893,0.01722430589187058,0.027543979314645372,0.00853610863648164,0.019803873263827713
DIS_10_9a1d5,0.029080495251918196,0.00744943469235159,0.007024553353663036,0.005766685991457428,0.013835251952804849,0.029935097001936813,0.0068205215674632174,0.002098864434636249,0.0021960691274543094,0.006203358988172063,0.003646655240081139,2.746573917150356e-05,0.0012623473726106713,0.0005486794754248287,0.0830627499265841,0.20498788601239554,0.271931065379727,0.24659907100337658,0.06149833019720058,0.06544536605137426,0.1428735531809958,0.1288362392246143,0.15073118331748384,0.2563985124295555,1.0,0.21749091021191805,0.08668667034473687,0.26020478979949213,0.002053765289085064,0.012262630172886682,0.002877735832148944,0.03063192407299191,0.00030528744124537624,0.003077369053709885,0.0012114769594209806,0.0022057296365911618,0.006227877185730821,0.008166500470317086,1.9396556301511306e-06,0.002041116688227392,0.04811177399319483,0.04548302057266061,5.3006011403792895e-05,4.510255961812264e-06,0.03426335993686827,0.004956683849492664,0.003121806356462258,0.012925590493693179,0.010377015266870834,0.0083132263665776,0.04448375389090721,0.000999584136449576,0.0014399845711012462,0.006356326643013677,6.261912574454468e-05,0.003709122796877478,0.020461189938425405,0.0017058201469247667,0.0027198594650908407,0.0,6.361610446462986e-07,0.0031186372530669624,0.002392289019145003,0.0028649011905679837,4.143217514991759e-06,3.7208321956809514e-06,0.0004268844111759085,4.030459646420667e-06,0.004004949292343919,0.0013807574316645104,3.495733539395042e-06,0.0004268844111759085,0.002442014165602424,5.321935378119815e-06,0.0029826996325379505,0.0003946491396128918,0.01793431969219268,0.0014381315625794755,0.0,5.038414216222865e-07,0.0,0.00011451412219756337,0.002656949436784945,2.5625273067933116e-05,0.005517385780035857,0.04866890158826711,0.02783329145712876,0.005985236785810284,0.005740384255746958,0.009530910610709781,0.0020290560070552886,0.00032121671058574946,0.002545681758119802,0.012708672014274234,0.0011267614730516274,0.0006484621307677904,0.020332627280403498,0.015317887442820687,0.005456984172986186,2.650314553376336e-05,0.04060199532432834,0.00378638698920936,0.015403919366310732,0.000390725405891916,0.028273486619138328,0.0023107759155253037,0.007436394671248561,0.014449741221294917,0.004767882055429384,0.012100465292512503,0.009060532302818064,0.0028708098387431095,0.04141818820914583,0.026196793010485823,0.02147715810605461,0.01728182941550615
DIS_11_b2825,0.005367117658569054,4.146831458199133e-10,0.0021845427013967643,0.001151976855943766,0.000905442537719929,0.0034058501462749004,0.007983508964051415,4.191331331930797e-05,0.0002819716824637434,0.00029334730681270736,0.0026188312172127554,1.5244964147885687e-06,0.00037943084563596847,1.77969643463857e-05,0.004241460568084996,0.1585630631026572,0.21076400379508378,0.11734247263779815,0.10627595886048113,0.0398344803635397,0.13097400044793645,0.26499097019381673,0.09509029787228016,0.16283243721537122,0.21749091021191805,1.0,0.07140254737057725,0.20485643286021718,0.0001707818169832654,0.0005213173372280686,0.0018936739040693092,0.004736182043832982,0.00022185734609447006,0.000532494645658462,5.753970080285457e-06,0.0023194942409554475,0.00022413840959232905,0.003989303551902498,2.3091706820449544e-05,0.0012923846581647152,0.003079117203357451,0.0014628403303056576,2.523944686185319e-08,0.0009581898235727274,0.011446764349485909,5.11387629682725e-06,0.002545788440691768,0.0013224486860873624,0.005104529933898283,0.005796702393570922,0.0012744621709689348,0.0004041996731759394,0.0009825260844579544,0.0029688563719933365,0.0,0.0046477000515607395,0.008265547057958794,0.0002042700855838056,0.017484941070378138,4.528781394257266e-06,7.32978178317395e-05,0.00019684982464745237,5.4390513809413906e-05,2.6887747761671737e-05,0.0,1.3862857241152276e-09,1.057006141134159e-05,6.008905330107644e-06,0.009578229075878204,0.002709972948960285,0.00014690950404023137,1.057006141134159e-05,0.00014371531266330217,0.0012280751852821235,0.0006785516100294315,0.0007166569605055963,0.002267913086643944,4.7693749300012125e-05,0.0,8.134697148567014e-05,0.00015272228486786583,5.9109167120508444e-05,0.001491289218103414,0.0004117764756929368,0.00019227370353409968,0.024433861921367196,0.02038415564616442,0.005663277093577733,0.007263789165026464,0.009581907077603579,0.0020330135467114775,0.0001239022717289656,0.014897227769036405,0.004725745714358159,0.0017274698265695337,0.0017914134443409722,0.003431382402164378,0.006400989121906703,0.009198329505005334,0.0032885855270896945,0.03312074530433192,0.01602301964509979,0.004611956209869809,0.0013145128283689148,0.06118313589522569,0.019585274173613564,0.07028245871730286,0.00963812952158176,0.007179937859512024,0.011427856599656634,0.04349432170102356,0.0042611461212260174,0.02953071996496739,0.008533980252040458,0.007630805292773097,0.012419859107361897
DIS_12_daad3,0.0032219864726451912,0.00013421048163041288,6.34890595377719e-05,4.5002788842985355e-08,0.004519214190086977,0.0017936826837509504,0.00015481161668159636,1.5512017146285426e-05,0.0023233847939246235,0.0005309091368258866,0.000811044084109758,0.0003243264810031363,0.0001615202379315287,0.00029309554540313926,3.0668876351110215e-05,0.2406147060109982,0.10471009653649153,0.20502711531172288,0.07829659080592775,0.03975042541274461,0.11460758997914895,0.08325939102108662,0.20018073633833308,0.23488577520988135,0.08668667034473687,0.07140254737057725,1.0,0.13650504067804142,0.0018037430965880952,0.0005721025000976974,0.012800076568780619,0.010215518836279944,0.00011429036063202964,0.008732284988161395,0.0008491428565420738,0.0010353897560994463,0.0014395832928950842,0.0002097646809304108,0.008724992527468101,0.0005454285756536322,0.010188796170192553,2.150740194826622e-05,0.0017171234670153963,0.0006849688703552846,0.007335517615344395,2.898576724170155e-07,0.0012961860348418169,0.00504733321688227,0.0004182761687325418,0.002845263062037721,0.002048814397846327,0.0036671171180126423,0.00020401094799424617,0.0009550788012966824,0.000491870308514219,0.00029808080067416097,0.0018210845321412524,0.0002195065617395412,0.005760190666596596,2.687844063726296e-08,0.0,0.0,0.00015407041143614063,1.2201846306981079e-05,0.0,0.0,7.386487877809928e-05,0.00026271216584305735,0.004146461123798805,0.00025315655556929276,0.0010990958340498403,7.386487877809928e-05,8.888601120270329e-05,0.001308449718654181,0.01246564933023154,0.000573061766928047,0.023727337301684217,0.007452627147358667,0.0003335163113768148,0.002385897757042227,0.0004855896692177816,0.00793257575442558,0.006482532039299297,0.0022052600268622183,0.008009157334738247,0.03519719658017046,0.006694784810143088,0.006054991775184776,0.04089330664000956,0.004239183880029906,0.0003871829208422088,6.489559521999338e-06,0.0004405307775688196,0.014664584204945158,0.0044202209407043875,8.434020769170641e-05,0.00970537202520532,0.0023128643162267887,0.0007613901483095385,0.014923680724742436,0.045825045288648295,0.003807428839643942,0.0011120410262172083,0.016963275028097614,0.010756352994829858,0.009844144507462387,0.0003186229538276555,0.009816015998196306,0.0025332769496637427,0.033681279042197816,0.00513971482572783,0.0025592509597999807,0.0034724939763653997,0.017292266106288565,0.000589965088080295,0.002858330734921888
DIS_13_f7310,0.005675472192670393,0.0009239224899484041,0.010121143421469303,0.003024865199508016,0.0038450483001583463,0.002979458786508077,0.005374713046564481,0.002980528931881842,0.0029942969809805646,0.002915652087820405,0.0028044638124823974,0.0005068477628285682,0.0007539980483835765,2.8501553606125196e-05,0.007810498661088713,0.2855189497570486,0.2662517278532282,0.3727149191180644,0.10727875993033378,0.11004431747667164,0.18183425577852003,0.20743083161931897,0.28301436760042625,0.5525725291284574,0.26020478979949213,0.20485643286021718,0.13650504067804142,1.0,0.005138559277990719,0.00589553639550107,0.024928675527842836,0.022795310808653307,0.0007261208595672266,0.003495408172130294,0.0067264790431176905,0.005717455241566492,0.0014112354469055788,0.006525759688093989,0.002056583488515567,0.0032591310228300384,0.02286396651167849,0.005233739693827376,0.0001039292311660198,8.368433374749043e-07,0.020976412168137226,0.0037385630633632013,0.007584401126823203,0.027541043854257916,0.0188280624294198,0.021132182100782326,0.011938372683067579,0.003916037887012705,0.005688476788904274,0.009471807905751705,0.006509861956385636,0.010627523214713034,0.02586267974876314,0.010081995993942255,0.009670551108779851,0.0012241422056659184,0.0018546043775253711,0.008366769303139582,0.01082005862547127,0.011643106799454636,0.000447456456338342,6.160978065673083e-05,0.017126269709644575,0.0009751838631986029,0.020144865413692828,0.010110998001164802,0.0031295663412539768,0.017126269709644575,0.01243361604927781,0.00011771359025725413,0.0020117380369545747,0.0005339420704013498,0.003888364031899871,0.0004002720233983629,0.0,0.007793012387319965,0.0,0.00016724311169237125,0.0027155692287113686,0.0004674996969560232,0.0031653431200449472,0.047792964262951786,0.006872965314854196,0.004163500492734108,0.009981787883034396,0.0038134313890496,0.00022450479797025855,4.1836174204945564e-06,0.000438219973744372,0.007673460256865595,0.00010085481874296193,0.00030438922869789164,0.00913454646420924,0.0026758741912881905,0.0005482170101993197,0.0004214454559824813,0.10615327982854782,0.007780381713723788,0.010673009523188575,0.0023846527887297453,0.03693341512039122,0.012521991743253512,0.005306437914719199,0.02510913828650058,0.0032461063690608985,0.008874312542118089,0.007856278971907962,0.011827111858144407,0.01838479261333208,0.0137193337528889,0.014209221409866957,0.019309001882598483
ENE_01_0ce22,0.00016187370048593278,0.0046352612391316805,0.00361851767750949,0.001860546259263243,0.03466988015612223,0.0007187626236508913,0.011361305752252679,0.007899868609647047,0.0002794212696987846,0.0028576825244878614,0.00012589584365904134,0.00022775091561919302,0.004001459918543016,0.0001725686276840826,0.0009387432097961538,0.0015541972076923004,0.0018196796054568804,0.006815603021206575,0.0051647853470065605,0.05740317420233772,0.011360600887471114,0.0038692366948570277,0.00704752046393948,0.0062476728507112975,0.002053765289085064,0.0001707818169832654,0.0018037430965880952,0.005138559277990719,1.0,0.1558148183869476,0.21320243770051156,0.043594159399428414,0.030500538094403087,0.2329715550817971,0.14875309574569362,0.024822393421986083,0.09704081592154104,0.1438085487883698,0.05002375755439873,0.04402559717498587,0.112139305933273,0.06398085022266406,0.11843544332348474,0.00499199632362966,0.027750242517196887,0.01476497978389908,0.005667408391852248,0.05180676080316248,0.01572438465279632,0.03621549087344042,0.006189333607187564,0.0019380569327518112,0.008752584236899317,0.0008554857953008989,0.008859849585579067,0.00630363741046223,0.03748540551861791,0.024431964827847187,0.011970429513616248,2.96058497311321e-05,0.017395615663847064,0.009943753286837862,0.013709764693493503,0.0072373498845487464,0.042360784352517146,0.000223829105845643,0.00409261092050313,0.0134001076730861,0.0030922646143983832,0.00046255289943799004,0.019217333589219482,0.00409261092050313,0.018835466738955198,1.2720419616065094e-05,0.0035335220531366365,0.038657980271405414,0.005375135527371927,0.020268860776524948,0.010283777055584638,0.017923687442204236,0.0,0.001591195205386633,0.00694885163937569,0.0032724821266285112,0.021949946559087354,0.048754929142496344,0.03306226418020833,0.03240193176162509,0.020255344865857266,0.026548488615223093,0.038166240655867774,0.010489226508317498,0.013006199700258176,0.0736995779015471,0.014017210529813473,0.034187697775985446,0.06780211910420182,0.032333028805355386,0.01794556897304148,0.0017972619421197948,0.03134995219908608,0.00983020483424411,0.009645095780083554,0.005943435542514965,0.0063320475277710234,0.0010449151147505947,0.0019011995961923346,0.015685785986084368,0.002393104724521312,0.006742306166180967,0.010421093412997831,0.0423722149471631,0.005786362630592833,0.0002771005533618582,0.002632202078512074,0.01912275895617275
ENE_02_24d51,0.004315304949302376,0.030665898053239445,0.004358789165317308,0.003043941781608314,0.002142338981028673,0.0063178226563493705,0.009003384824960473,0.00040536699350852463,0.0005156268315902757,0.01755452675714751,0.00043997817643519815,0.0005343929408404614,0.0006369457005329231,0.00046896716132203655,0.005454501524135632,0.0026472639624599303,0.006887435296338589,0.008403227617534988,0.0020840816462039872,0.025899227529183107,0.015227627964956877,0.0026167899432422855,0.0045610548092105555,0.010949819368557625,0.012262630172886682,0.0005213173372280686,0.0005721025000976974,0.00589553639550107,0.1558148183869476,1.0,0.10465052081996239,0.04313330033409145,0.05528834719955422,0.05728444785572026,0.08148482403352068,0.0557802240904973,0.1128736632092873,0.32309600416025525,0.043481009743822255,0.06587559448479477,0.21328285594914095,0.1363084000473084,0.13525503298900174,0.010591555067019197,0.0063997378054558894,0.011821014460056362,0.0050555298009521375,0.009100887200644775,0.010911235854558906,0.024946090424838842,0.006409111230509883,0.0017232075660978663,0.01159226445142626,0.004124862880030691,6.558892541478687e-05,0.01253730041313749,0.04111580145421383,0.010437276941953304,0.019434341629324718,0.0,0.0035306438943679113,0.02228647513337224,0.038329118486264704,0.005213052254954346,0.006038510461767342,0.001924358214502632,0.02018834596545143,0.0022198246056674394,0.0069477707971876135,0.00047740927713251505,0.012452483581215382,0.02018834596545143,0.04449780861673304,0.002996953822938352,0.008602962396602383,0.07166094498848934,0.012238873636536614,0.007072711590559352,0.010172392074320052,0.009348201329693598,0.0,0.007517820719872561,0.0207959635763397,0.0020889985815000533,0.020003227198921905,0.07636267482478545,0.09714325840474877,0.12134574796098285,0.06430299000928899,0.15517505379801894,0.10990242509970154,0.02195486729325604,0.08880348295765972,0.15306637898279946,0.09171921553299969,0.10162435441844127,0.029809700811807918,0.07814934950484938,0.1567550138110055,0.0008557903906266523,0.0030323326435836295,0.025535171698818884,0.014053365687136327,0.007624541589584401,0.009456478769529705,0.0014615687440079543,0.007573403630075056,0.023647371367718873,0.004230492186971797,0.0007347485945729128,0.008780919005899746,0.0392478548498756,0.004597237496123765,0.0012817845786995082,0.013384789777628242,0.010401688454601226
ENE_03_31059,0.00027492500804231435,0.005061215230961199,0.001986025388071018,4.673714001200417e-06,0.032632960343164624,0.00014673283702536946,0.0007667733081931529,0.012418900145592479,0.0,0.001667330581575146,3.472980361172454e-05,0.0003877978327025478,0.00040640704151112945,3.005076679500093e-05,0.0003238143870981158,0.011574596612957302,0.004215948448158356,0.02616737257474449,0.008058153304654047,0.07416020215015363,0.009729335889238454,0.0042528233799196515,0.03709507589209281,0.03476032448413409,0.002877735832148944,0.0018936739040693092,0.012800076568780619,0.024928675527842836,0.21320243770051156,0.10465052081996239,1.0,0.01944915803515494,0.06613651176079915,0.20326971386250148,0.11362132861403139,0.006690047532890977,0.07358823746767745,0.11724482494167678,0.11077528389814718,0.017035554628729917,0.11366504370055604,0.03669340501230066,0.10265479164302228,0.0027737915877694766,0.014157818860568114,0.01052172547815182,0.0008880512974857604,0.03332450011289194,0.0008121035828887917,0.023493038885747046,0.011713860388021238,0.000934576663951729,0.0254816831049859,2.236645312602161e-05,0.0012078796469827781,0.003408514288957008,0.006505262181370223,0.008783034967019201,0.0033816814954027866,9.831320140435042e-05,0.01745751455411215,0.027333921426826745,0.01878721544759389,0.018044637613136506,0.016959887152328407,0.0008300511736838117,0.012295740897281283,0.024045815719150758,0.009526297440988202,0.0038576840173590067,0.01854119390626422,0.012295740897281283,0.024699409313936098,0.00022833225366975204,0.026754188236983955,0.004881375900205764,0.019422969393527584,0.064444184671058,0.010034021114103526,0.03275864200425192,0.00028761888643539694,0.00832397391064741,0.004552483395643233,0.0072304074332765695,0.0795758272900119,0.035756375876296424,0.012679937491885994,0.006632806268111014,0.051253001188115356,0.004481070393135184,0.010938739666887617,0.003623657692491185,0.0016756213371897561,0.028657872148369744,0.010197505138863736,0.009142972272960407,0.051899705472124094,0.034243274279511335,0.010215097910346162,0.0034557583908198576,0.0564936095915119,0.001793566536641858,0.002547372360617053,0.033747919268641215,0.005455149821820655,0.001998278210385824,0.0018845143577776097,0.01001260759592728,0.0016936263224341522,0.024170269522689046,0.005397140552222684,0.025061054564895945,0.0031134682062684926,0.0012416239227062247,0.0005343199367694052,0.011103523278339033
ENE_04_3143a,0.04120283622061521,0.0012937280932528404,9.559727538591126e-05,0.0031251572470606206,0.011541186778857,0.009816843988240637,0.002884354096880244,3.295637197053255e-06,0.002918536088700027,0.00030985659889863284,2.112168699311183e-05,0.0005379096922942276,0.0009955798109724048,0.0004143789446952119,0.0029351248493248213,0.03474048293207887,0.017236485236588696,0.013789413299350888,0.0022776684688336256,0.004418362178799457,0.006882284063933003,0.009845187638992142,0.003546530551497263,0.014514122250669543,0.03063192407299191,0.004736182043832982,0.010215518836279944,0.022795310808653307,0.043594159399428414,0.04313330033409145,0.01944915803515494,1.0,0.009256786839352382,0.04046404628199665,0.08146647502701189,0.1293395539815303,0.043455101233756004,0.026253662374489832,0.009987658160432235,0.13367346882728168,0.045092981298767466,0.022120510581092302,0.07138328340167122,0.0,0.0006057357639850976,0.004255067385105301,5.717010456471974e-05,0.0012391405765112516,0.002043834031687779,0.002383405063018893,0.023527392608460512,0.0007923646064201413,0.0,0.008622414166615418,1.9056139518541934e-05,0.0001823928498216082,0.0038893943553390616,0.00034212357792046377,0.006560514935531766,4.0315754101032293e-10,0.0,0.00020296362018694923,0.0006926673973957562,0.0,0.0006569115632534619,0.0,0.004115914879117535,0.00023050007352903824,0.013145003194745592,0.0,7.968316870607015e-07,0.004115914879117535,0.0012841365319487463,0.0,5.652583993233748e-05,0.040141522289168105,0.000911201719293354,7.324740725381334e-05,0.0,0.0,0.0,0.00045860281637362594,1.2729971090009137e-05,0.0,3.2600862747918626e-06,0.001084215850614341,7.586107736495557e-05,0.0007584254563068023,0.001971662643835529,0.001406210979696306,0.0018558111829250724,0.0,0.004979221405972745,0.0018293875190430033,9.77069531277128e-06,0.0025604622652868865,0.0025204157190136752,0.0007340121062127231,0.0013877335021150558,7.836382981611164e-05,0.0006747147836790654,0.0028364002628684117,0.00039408274878110415,0.0009630991858037602,0.0030887021445343637,7.156103717538747e-05,0.0013948245514018478,0.0003560983441594039,0.002626418009301013,0.00020674784741544003,0.002499754511381426,0.003815072717354835,0.0018234721647577348,0.0007090173543605157,0.00040508107144936114,0.0002804611861456871
ENE_05_47c10,0.00025810306049430654,0.0006020067193181714,3.4747698899045135e-05,0.004686607064792201,4.7662410366943404e-06,2.236831740706174e-06,0.0006143105916146588,7.737713624153883e-08,3.343942056204546e-05,1.5853376217690643e-05,0.00011307470644382418,7.220186834401739e-05,0.0,1.5886643413369434e-06,0.0010083925769710728,0.00011329143627601015,0.0007965642962858781,0.0001904016264898109,0.001310776342444182,0.008915066286833409,0.00022150955535625273,0.00205269938093498,0.0003882344630176796,0.0005474005437442025,0.00030528744124537624,0.00022185734609447006,0.00011429036063202964,0.0007261208595672266,0.030500538094403087,0.05528834719955422,0.06613651176079915,0.009256786839352382,1.0,0.009080924407502383,0.039281236649992196,0.008874787757635626,0.025311043230167883,0.11324965870073116,0.03452164334652665,0.036733028000126206,0.09220914959229064,0.0796360844049251,0.09211144660945712,1.630957541096815e-06,1.6351409498105543e-05,0.0004476751245044653,0.00010101762907643776,0.00010494202133644215,7.820620643330946e-07,2.2671744830643638e-05,0.002333981174068031,1.25506610659435e-08,0.0001424113093903767,1.5083822157598097e-07,0.0,0.0004640282186771856,0.00039208117984009346,0.00010750111929778454,0.004626289261855329,4.428167480664636e-06,0.00016013315132617305,4.066607551700906e-08,0.00030433582892423067,6.688806121963063e-05,0.0,4.509130493989875e-05,0.0006038597414178432,0.00015805411706578082,4.572354345150937e-05,4.814787883207793e-05,0.0002873478324946436,0.0006038597414178432,5.7003880650217236e-05,0.0,0.00011710904811105928,0.0005692237547708377,0.0007147512316514477,0.0,0.0,4.666926250983255e-05,0.0,6.682973828735079e-05,0.00011738276435128616,0.0002653453050865839,0.0009069227729410795,8.763333527890954e-05,8.119867854917445e-05,0.0011415780521554673,0.0005386444827683158,8.859820322566489e-05,0.004196821158371431,3.431008708602225e-05,0.00020850276345647122,4.090625643292843e-06,0.00016568042070319166,0.005794567692342913,0.0,0.010646974290406078,0.00802379006071463,0.0,2.461957399908227e-07,0.0012180219077543317,7.178472503361012e-05,8.747960952794978e-08,0.0022573823876522385,0.0,0.002829755417308677,9.52395733495707e-05,0.0,0.0,9.589104871263067e-05,0.0006083612711244272,9.143831264748792e-05,3.1418270813012054e-05,0.0005182459152083186,5.9798030218261594e-05
ENE_06_68cc5,0.002519673973568108,0.004739581823203624,0.00024029138840949883,3.420616006303573e-05,0.2014643062859192,0.0023206788160795833,0.0011731246292511236,0.004873821027755358,0.0,0.002031016927621656,2.702632423958495e-08,0.0001428310899859414,0.0012742540907086976,0.0,7.353394733420715e-06,0.007041383130944028,0.004589159024917646,0.01016107152429604,0.010145166477254344,0.049321594476169815,0.008509301936260637,0.0006852523609493534,0.009876655794689822,0.006984373271125496,0.003077369053709885,0.000532494645658462,0.008732284988161395,0.003495408172130294,0.2329715550817971,0.05728444785572026,0.20326971386250148,0.04046404628199665,0.009080924407502383,1.0,0.08724851393231227,0.014861508603416755,0.03300845172605931,0.0578092469705898,0.052380163911645586,0.01009531231223677,0.04818284153916319,0.011418260930046739,0.042734315651610504,0.0016676121982123746,0.012893216129868818,0.019709313256839955,0.004407119609869664,0.021268399691995368,0.004829876445550626,0.021021993283604372,0.023880676339328107,0.0015344398815734166,0.01826324312548036,0.0001119395394342376,0.013124059333007193,0.007263976954806278,0.01525894732069646,0.015216699931249258,0.0015336716397028412,8.440487626584412e-05,0.01631378076150754,0.008689044565624304,0.009962510111036695,0.00645708289384878,0.032655315938436326,0.00034557001399889055,0.003579827396498111,0.010545466527645321,0.004529329617961841,0.001460083856892664,0.010822000703720636,0.003579827396498111,0.00792047675463195,0.0011141113422423396,0.024313171042086367,0.0108042157549075,0.011089503260559122,0.053417013220094865,0.015289791858795289,0.021547212753277332,0.0010546209875315505,0.005865534227456678,0.005993044651269376,0.018769895486292446,0.04173719898375066,0.012955947482299076,0.003021870445329617,0.007762835278762387,0.007584152634307681,0.0018097139797159652,0.005123159664325618,0.0019965255405166365,0.0032692709190416474,0.024418025708675267,0.0023236765253710962,0.004350501740676488,0.17771397563498295,0.01634150462548738,0.0013836196483430253,0.004555052708431441,0.029409148137811217,0.005924457980122621,0.00266827840726305,0.042081809219065854,0.005577410359047737,0.0004890090033413345,0.0022913095433663776,0.010817618235016039,0.0025857758164447376,0.05123252568997772,0.002987196257032271,0.033920853094799926,0.0052340253826238395,0.002933827396218131,0.000894913395745264,0.005255973571075589
ENE_07_6b773,0.0031566697771794414,0.02481787457930562,0.013910854744655164,0.005396672906579378,0.015453833368785846,0.005860417847820097,0.009496909439539016,0.014541685810866284,0.0014018366845166214,0.01766899607482362,0.002848758006011556,0.0031093027999902277,0.002434573367527508,0.0006787311267597436,0.0017295224309873574,0.001432332129063473,0.0060239769675452404,0.014277148159945506,0.0038452238508288254,0.030992921478175534,0.004053445468201557,0.0012013650519852976,0.006020532169679846,0.005230360730382506,0.0012114769594209806,5.753970080285457e-06,0.0008491428565420738,0.0067264790431176905,0.14875309574569362,0.08148482403352068,0.11362132861403139,0.08146647502701189,0.039281236649992196,0.08724851393231227,1.0,0.019856235474073468,0.08199212194436778,0.12425885536253743,0.04647617289347545,0.07663334921010667,0.12264472625754964,0.03134692996862036,0.07250502580493946,0.0015890027710044028,0.0026922092712254983,0.013920568874225735,0.005927497059506491,0.010489466423837855,0.009081585990300525,0.02704059463998408,0.019002341759056268,0.00027003997706742666,0.002619075833694876,0.0006291977059954763,0.003901776868286297,0.016612019437284485,0.017099979232551223,0.04853580298124285,0.005559534837654133,7.258950409730755e-05,0.028904483392835592,0.010071901774402802,0.02355424142898331,0.004521316253217456,0.021997263698803445,0.0007712836219430858,0.021428465517408422,0.010693166959115409,0.005445342195167155,0.003834183351414219,0.02535764028120299,0.021428465517408422,0.04209619727427704,0.0001126287308602615,0.01224517087769104,0.027772046938634085,0.017958073689987836,0.016242331753604945,0.06086193732578876,0.053182072922071534,6.666467411245046e-05,0.004942729106925046,0.01021629337021009,0.004615702753842582,0.04176758615614194,0.02032868457801369,0.008293487958952463,0.0064429870620021385,0.01829298421828557,0.006109556382919602,0.029144020464082696,0.022353155127742445,0.023114203831919925,0.028970450749951075,0.005904223993332495,0.025849358383973137,0.016082087091661642,0.03836132650646378,0.00411653489267989,0.00032425727040709867,0.007668828109746029,0.001362453549350451,0.011624203608953014,0.012127940330408388,0.0036180920207820287,0.00018714471085238516,0.00031194592954915146,0.004828308069986779,0.003710635484436812,0.0027534693593826453,0.0010094556452301476,0.026986358437263117,0.0018490010862593127,0.001480617844339139,0.0013707994467938203,0.02182382937804798
ENE_08_76dd7,0.007477044056564002,0.0006396313653222868,0.00041804718762317546,0.010803944847058378,0.001317252699132807,0.004895570698776708,0.0016957410304813975,0.0,0.00828341086540093,0.00194379407681401,0.0003176163426371999,6.962768879635885e-07,0.00014012734125310247,0.0006944018694760565,0.00370743061695062,0.009239729976332968,0.004371297391564586,0.009755747379227495,0.000970838213925843,0.01907658398274244,0.007718738941166859,0.00216412905275773,0.0034230091455431863,0.013052665704599937,0.0022057296365911618,0.0023194942409554475,0.0010353897560994463,0.005717455241566492,0.024822393421986083,0.0557802240904973,0.006690047532890977,0.1293395539815303,0.008874787757635626,0.014861508603416755,0.019856235474073468,1.0,0.018539014396997813,0.02878717369484268,0.01902053064775804,0.1372518587169183,0.019587781804665902,0.016175940495048936,0.03364416211037807,0.0021713411530766996,0.00032192508282373797,0.003985499629152564,0.003545894338375647,0.0020743785443842087,0.0046933907935829584,0.024998016872042842,0.000988532787876025,0.004194397698810957,5.504202201410273e-05,0.01141721824625802,0.0003549111422718088,0.0019201700608610281,0.01294584950082781,0.0026068568850394105,0.05885485839538923,0.0,0.00012653699359952675,0.000886581772323911,0.001820396640903694,1.1164740359313776e-07,0.00013728036039279367,0.0,0.005838277384047629,0.00010432064292382113,0.002826737166909118,5.202275347317971e-06,0.000373009307552265,0.005838277384047629,0.0019218998739904407,0.0,0.00047307523835948725,0.08051635134843252,0.0010762395362068958,0.00015126424158639414,0.00045400105592235506,0.0013149205618825668,0.0,0.0020467209679837953,0.0006559458850960491,8.477822132976899e-06,6.786481435202422e-05,0.004876489284844752,0.0016231137050396218,0.0038911989652206103,0.009012682285453362,0.00835759758964444,0.00857158889194813,0.00016456367253505526,0.041175324835379286,0.008927549858641715,0.0038637348538717335,0.009513349949643937,0.0020105414466651235,0.0039713977101684395,0.005040286092931022,0.0016603932346452594,0.0003758434393027219,0.004750240620867076,0.000631806262935371,0.0004887681971244803,0.0013058865642569667,0.0002764800789032978,0.0038932253931826736,0.00024477680444216196,0.0023259421959632757,0.0009454140517312886,0.0038675886786059843,0.012540823074659228,0.001028830002929644,0.00088866600687502,0.00019235413184236848,0.0008172867392535337
ENE_09_82f47,0.0008188492621037769,0.0029490617028714652,0.0007734632780818887,0.00015058552453329083,0.0012669981045453072,0.0080631350449776,0.000976302653829829,0.0012982044217357868,0.0008028792567817532,0.003555041492041725,2.60005705551156e-05,0.005659494200450134,0.00012460220409344554,0.003782491803659197,0.004895740832032887,0.0015205797956870395,0.0036959673621323294,0.002384314487594779,0.0009102088150165993,0.01709743948421076,0.005854491222653498,0.0013775847752929065,0.0003809520431655294,0.0024023270661880152,0.006227877185730821,0.00022413840959232905,0.0014395832928950842,0.0014112354469055788,0.09704081592154104,0.1128736632092873,0.07358823746767745,0.043455101233756004,0.025311043230167883,0.03300845172605931,0.08199212194436778,0.018539014396997813,1.0,0.10136033415055398,0.08458584846821585,0.08576308662874171,0.1309036389892281,0.047572506209910714,0.16230380302221842,0.012698479092823801,0.0072842101143149466,0.009453936182351097,0.001684904011792155,0.011458475264182783,0.0034739498311646415,0.0015116264816965059,0.0023175960014644617,0.0028413943049688454,0.001639418240458005,0.004682146598509543,0.00023670376409256727,0.005757973027714106,0.010261502893175399,0.007367820234951723,0.002702867846340083,2.4048437659582167e-05,0.004242266504786511,0.009559321601228861,0.027885844273712893,0.013183105535018846,0.01653118290720406,0.001046598956858895,0.00909610998349658,0.003597321887647465,0.00705402308937115,0.0038059466226973353,0.0027930821027363204,0.00909610998349658,0.010552760114737469,0.00013810189000024775,0.010463953076290522,0.017228766611574846,0.027058093200863827,0.01160357030022508,0.019409870978535748,0.004496694681587566,0.0,0.007668654266660578,0.007045115045748053,4.550597555602885e-09,0.03264450215385577,0.010780271029313799,0.013791325932037843,0.001427434495426269,0.04731140695546198,0.011657175823837358,0.011456303281433771,0.0009930467266442062,0.01273577253125408,0.02626892359315449,0.012297665222707739,0.008811351469452921,0.002652670805441032,0.03337999012835338,0.0064411607547576214,0.009858738612456468,0.007748948779326258,0.0014377465735233436,0.003448945354628753,0.0034694031722997533,0.009471471703385925,0.0007001272739342769,0.0009152530373101362,0.0018732641190873655,0.006341820357180292,0.001996210849195804,0.008969840312256488,0.01747518559644935,0.0016521478300291074,0.0038118690725276157,0.0005684957635176923,0.0037095984135177527
ENE_10_a6418,0.003062540259930088,0.03829587206257627,0.004920793322205966,0.010894100161534677,0.001465932527467897,0.003328710189721749,0.009080644217415137,0.0017658150887538088,0.0011274160441077947,0.015861615333671423,0.0001359877369614888,0.0013020918220891847,0.00022372035666477376,0.0002748539465012795,0.005983704316233193,0.0008004041587730043,0.002551079631050582,0.015467805052328677,0.0026995140913807026,0.04889026878887815,0.008926864998671494,0.004163889239308124,0.009819951415561428,0.007572527875513686,0.008166500470317086,0.003989303551902498,0.0002097646809304108,0.006525759688093989,0.1438085487883698,0.32309600416025525,0.11724482494167678,0.026253662374489832,0.11324965870073116,0.0578092469705898,0.12425885536253743,0.02878717369484268,0.10136033415055398,1.0,0.027510820748608077,0.08013502311126325,0.3135033144252453,0.16029260618917035,0.09707771259813122,0.005974650406972438,0.007668369169687836,0.011459229615296143,0.0019028658277504237,0.013283787759791343,0.0055579019957800015,0.02585592468210835,0.010708093187990576,6.422811090166949e-05,0.007103392757381672,0.0008659654933663558,0.0004975870595942299,0.05485136975537373,0.01853650942493069,0.014646101191883126,0.0277842164726422,1.1327613346377243e-05,0.005251866452483635,0.0065333620386669325,0.02173566548745641,0.008496734930586525,0.012991371295122178,0.0012449340010385521,0.01813112137631637,0.004618831382644421,0.003849078534026134,0.016600101190358187,0.009894471051921485,0.01813112137631637,0.029556848771810855,0.0010584049587501253,0.01561380445235384,0.06458941428098641,0.01479475649900977,0.004211484112906197,0.010869022506077448,0.01047869097191581,0.00016697728452878628,0.002871167433274583,0.007878970547039442,0.001254720619915549,0.09895939699818397,0.06323407867835955,0.0364596076027508,0.04284117488868408,0.034822926234973156,0.07147803641868243,0.29099216619491053,0.03778445785851718,0.07512784929987097,0.07207414056337968,0.03942953461269613,0.15721303565550704,0.025583176662150785,0.10929756500737825,0.14524547939546073,0.00012996342720127406,0.004953212189271383,0.0030563449273022254,0.04781910871178455,0.005038399209529609,0.0045130095751092884,7.793565241023371e-05,0.01865578272262122,0.0069882614884031104,0.002128976732525555,0.0016009417352028442,0.0015856425197233674,0.01911650679859859,0.006453462487969072,0.0013185036526409863,0.015576178853117581,0.019819361407849293
ENE_11_b6eb2,0.00031447938998437167,0.0006579904597791964,0.001489630327397666,0.000122075010795749,0.0025712369055043284,0.0002529691187579119,4.553403072175371e-05,0.0003162697481626225,0.002026472044953282,0.00010387864489548628,0.0,0.004712122514527342,0.00014715109514393197,9.716888028568135e-08,0.00015745635399987305,0.0008960098148063255,0.00011960131981500476,0.0015672204536974189,0.0004349536874890025,0.009216679477189967,0.0005600123024438244,2.897212061637484e-05,0.0012649369087782956,0.003789263411347966,1.9396556301511306e-06,2.3091706820449544e-05,0.008724992527468101,0.002056583488515567,0.05002375755439873,0.043481009743822255,0.11077528389814718,0.009987658160432235,0.03452164334652665,0.052380163911645586,0.04647617289347545,0.01902053064775804,0.08458584846821585,0.027510820748608077,1.0,0.020418306856117403,0.06410530329155452,0.012130092550071914,0.20035499578240848,0.007046166527336656,0.0002779290418717383,0.000784143362346749,0.00018149602472175344,0.0011973965854885152,5.211955338072199e-05,0.001614039914421867,6.992502831154544e-08,0.0018353317352547396,0.0008022090578995212,0.0005170435397905959,4.949138081569664e-05,0.0030151441418487354,0.0011680758977369646,0.0010880191697109059,0.001171524227278054,0.00021394471155903615,0.012390422330645681,0.01361121958364261,0.011540036178642367,0.00410049889955694,0.006322828895098294,4.18546541990889e-05,0.014887702839883868,0.0027392004481283363,0.0046033706053518605,0.0027813386620717823,0.005589769148412689,0.014887702839883868,0.007685013966612848,0.0014686917339288331,0.016664240508906733,0.013580722390299551,0.020210268890954012,0.011998813282484814,0.0031466643520508364,0.011062848033489234,2.9509950955577103e-05,0.019446610525575732,0.0014899195530568938,0.0006582515731860164,0.017511491914515436,0.0011891506801185816,0.0005243799402984996,0.00047223002411928445,0.04200883767422347,0.002810363876914188,0.00955407931185257,9.67884173680298e-05,0.010365883418489966,0.009490920468992057,0.011851708319392001,0.014298342548420238,0.0015293927377615438,0.027924043183713183,0.005573395992001594,0.013593907797289057,0.0056170046400038105,0.0006797010642419773,0.00017758988272466192,0.003921820492391193,0.003269672697450813,0.0017519122322314689,0.0003567482498076117,0.0008806903103061078,0.0005405288796870477,0.0015544731356128896,0.0005138765096507758,0.020208265593908585,4.698543563299912e-05,0.0011029853912948348,0.0,7.237439413782652e-05
ENE_12_bf662,0.0208390892692136,0.0021292075625335984,0.001316558782970663,0.01406641758684846,0.0014508610401035677,0.007968390227148299,0.007633876036543541,0.0004165314255521393,0.006339970341722718,0.001864771904903242,0.0034896002657142274,0.00011725035072282084,0.0011580771457195584,0.0031913654185193397,0.0112099100493531,0.0016237262532768219,0.005955271543488285,0.002638383837123184,2.464035616789002e-05,0.0008891669071598498,0.0012874878489882583,0.001600633420402227,0.00044618874973070957,0.0029870479039189432,0.002041116688227392,0.0012923846581647152,0.0005454285756536322,0.0032591310228300384,0.04402559717498587,0.06587559448479477,0.017035554628729917,0.13367346882728168,0.036733028000126206,0.01009531231223677,0.07663334921010667,0.1372518587169183,0.08576308662874171,0.08013502311126325,0.020418306856117403,1.0,0.08571187311491278,0.06486877752934578,0.11626974970712854,0.006301935145025767,0.0012912054100043709,0.0010503082969099823,0.0008441978289709176,0.001348258276331303,0.0001675363906919047,0.006016579965682816,0.0004943949667571798,0.0007691305804262459,0.00014927947006824626,0.012318903282071789,0.0002679357789549078,0.0013535310528589829,0.0015620631243790006,0.0016621640272088559,0.023311701821136434,0.0,1.4721501309341485e-05,1.7497471939649638e-05,0.0003419128196929914,0.0,0.00014568174929469497,2.0241715435260017e-05,0.0027541403608958336,1.819750748425199e-07,0.004843961039095608,0.0,0.0,0.0027541403608958336,0.0006221915303792505,1.0010428896503945e-13,0.002662115280963418,0.07519316638686731,0.0022791855920211218,0.0008513993018394895,0.0003290354866179827,0.0001835558555521729,0.0,0.0019867148304314134,2.3443919773692894e-06,2.9061611206586433e-05,0.0006110046543549297,0.0018660183497703,0.003389277098523389,0.0009508674806417793,0.0011374988572406914,0.012962813950689878,0.019481532058797227,0.015263887138618265,0.017835948572772528,0.002856357599269459,0.003944927480356104,0.008535824831445363,0.00028623735978930686,0.00407930264768099,0.030536563578911168,0.0007965412481580771,9.7918358540024e-05,0.00798045940903414,0.0007188515849852718,0.0003169691687635758,0.004804884262729711,0.00022975604892948906,0.012847335520893455,3.899550303425955e-05,0.002359853794492018,0.0005999425045212449,0.007308264704094027,0.0044923409572278925,0.0023156487207682277,0.0008159057451709609,0.000100884654198487,0.0008976777535261351
ENE_13_d269b,0.007950569268818354,0.041400745040152356,0.0032229188469335714,0.018669231796522575,0.0035599878229928645,0.007826918424423398,0.011635107856131088,0.0020217309504253,0.0028021636769331535,0.0107873669206282,0.0003839877311152781,0.0006064490807462616,0.00030564592226426437,0.00022673013214818133,0.029714717293054086,0.008913859313165127,0.0192765493674434,0.07176810986248702,0.007593661340332858,0.04590129309061309,0.020638354082047523,0.005459134932872544,0.03070780465553189,0.0333600844601395,0.04811177399319483,0.003079117203357451,0.010188796170192553,0.02286396651167849,0.112139305933273,0.21328285594914095,0.11366504370055604,0.045092981298767466,0.09220914959229064,0.04818284153916319,0.12264472625754964,0.019587781804665902,0.1309036389892281,0.3135033144252453,0.06410530329155452,0.08571187311491278,1.0,0.21296557672143568,0.07995567956167099,0.003585437543997098,0.006058425933580513,0.0022390222493529053,0.0010075710546955687,0.010830620385444882,0.0024462222981980345,0.015207489301512096,0.0030465076533608827,0.00020397438881737215,0.0022492164651641403,0.0008159197972210419,0.0006754702513330166,0.0306532511954131,0.011446500968438422,0.005440240904576914,0.02353085771996678,0.0006720016850458206,0.003241384801382751,0.0033795950985663894,0.01187263465951764,0.0043650999912382814,0.0043634668035725166,0.00047390298278686497,0.008702927668533318,0.0009713221787912817,0.004535965651668579,0.004829140748277941,0.013893982155910253,0.008702927668533318,0.01399842399303258,0.002574923617509332,0.07620575112516823,0.034391413382086906,0.1696360982955051,0.007577886895608147,0.011278602586553797,0.006389203631561224,0.001272260611777081,0.006322676040389998,0.004998804946620559,0.0014973940558725273,0.13266057374667986,0.05746125418229489,0.032824499971439505,0.03415649655384663,0.04594394436866878,0.05153463463106917,0.08081081877414387,0.033607240053810494,0.028828309393001617,0.062320232866539246,0.029222310069833717,0.08755539216994836,0.01940775305061507,0.2957540132677501,0.051397767825676295,0.00035156307537772505,0.00804847605292413,0.001496818388600126,0.010785236953506052,0.003328718162610262,0.008496630691883666,0.00025329468845760916,0.0024021570768272557,0.00418115727916922,0.00028056003172716165,0.002643576876906396,0.0019562111644411645,0.007856632308924943,0.0009232407622747543,0.011001818169248914,0.008504346658850605,0.004489143200216644
ENE_14_dc481,0.0033337875085227764,0.0010311242152903407,0.0002684198742476948,0.01074233953399913,0.0,0.0019220850752559217,0.0024778114297840693,2.7383780746179223e-05,0.0029212246660096806,0.0002447537149091245,0.00015064981141426508,1.222005178788713e-05,0.00027703063719902477,2.83034684948061e-05,0.05493272486245707,0.0007058996570210028,0.005232769507598529,0.01168054197886239,0.0018024689269093167,0.01962378273276188,0.002182803082007148,0.00279161059582355,0.009400511676987636,0.012178026390740945,0.04548302057266061,0.0014628403303056576,2.150740194826622e-05,0.005233739693827376,0.06398085022266406,0.1363084000473084,0.03669340501230066,0.022120510581092302,0.0796360844049251,0.011418260930046739,0.03134692996862036,0.016175940495048936,0.047572506209910714,0.16029260618917035,0.012130092550071914,0.06486877752934578,0.21296557672143568,1.0,0.060121569904666904,0.0015648620998285937,0.0013022197586209647,8.872619915474935e-05,0.001421406157258075,0.0010043772992401466,0.00013309099295385105,0.013012866269400496,0.00017948067712633543,0.0,0.00019225881186367189,5.38481340899503e-05,0.0,0.0017159852562353768,0.0023977177443324127,0.000956383498273111,0.009370763126918539,0.0,0.00028953590731147774,0.0008090831033221742,0.0008649554115931959,0.0016969287830058536,0.0015902400306822375,4.0545514728789925e-07,0.00025806609360538017,0.0005089661409722617,0.0008684371686073578,1.6173618883018183e-05,0.00024925890731861415,0.00025806609360538017,0.0014136620673980466,2.296087347236812e-05,0.008446368150895616,0.047410723578345595,0.019675045223650052,0.00038700721555028636,0.0005152187577264129,0.0002369885196465206,7.50118941268523e-05,4.496660084856813e-11,0.002308751243408509,0.00024717619298601025,0.010373110984617708,0.028278830673117327,0.036732336427442426,0.008140821014052228,0.003967663439643948,0.030243476459303125,0.03774494737457649,0.006543272059402835,0.014394087987238624,0.01431833478846987,0.007888065065824805,0.03290761211687293,0.002300343419342625,0.09857656089269315,0.047313675900335826,2.0970251735975893e-05,0.0020750737390699044,0.003269964204350433,0.004871184574253122,0.0,0.005524077265913263,0.0,0.006094390007052264,0.0034000610364484096,0.00017097949469959523,1.597851065187558e-05,0.0009566647187791019,0.0026080594483246914,0.02124064318822007,0.0008114453716279188,0.006402098800014347,0.0025228936736294643
ENE_15_f6fae,0.0018141096804705182,0.0001404377600435925,0.00016386979916568976,0.00037802587582327354,9.314184150680698e-05,0.00047265196278655793,6.381403082196686e-05,6.350186638811369e-05,0.000954113188664281,0.00023504837014352972,2.1843944277703346e-05,0.0024892069176608187,0.00046582358397978876,0.0009623826309311702,0.0010218426121314692,0.0002693823549184007,0.0002789599109500986,0.00011780595462140459,3.658578096813588e-05,0.004973050515253975,0.00025402985511589543,0.0002992432768589861,2.8824442852529384e-05,0.0005144124399771293,5.3006011403792895e-05,2.523944686185319e-08,0.0017171234670153963,0.0001039292311660198,0.11843544332348474,0.13525503298900174,0.10265479164302228,0.07138328340167122,0.09211144660945712,0.042734315651610504,0.07250502580493946,0.03364416211037807,0.16230380302221842,0.09707771259813122,0.20035499578240848,0.11626974970712854,0.07995567956167099,0.060121569904666904,1.0,0.03362498981852083,0.0008919857004491338,0.008306623863753542,0.00489383350299073,0.0026693002106344477,0.00011114607007595594,0.003988264652035235,0.0002437371191676627,0.0018543992456618356,0.0008663863219056582,0.0024402959639599465,0.00024834924462148564,0.005221583308765109,0.003451550241604491,0.0076715612683331815,0.0033840025123368094,0.0001569849540959664,0.000478246442097649,0.00606308610555656,0.006927619975771984,0.0011790078999423556,0.006766560345249587,2.712257744622805e-05,0.004290838087563499,0.0005748759530524512,0.004440793528646225,2.9553515594652137e-05,0.0005323395939237689,0.004290838087563499,0.003154742384929738,1.5269169191958948e-05,0.009216050650270697,0.05357400691892595,0.006585738615923741,0.004401387823596257,0.0009934294415624696,0.0013535813774274688,0.0,0.03945468782595438,0.0001708704502528706,0.00012243839852103474,0.004784901930321413,0.0011572668686933567,0.0030176153918396002,0.007026770407403501,0.014047659972710463,0.012191177967294485,0.029658451209921104,0.0007594520255012609,0.03609536551863645,0.01502853157629772,0.052402346264641825,0.022704977927881273,0.00026505006557514733,0.01338359025149029,0.031038692705334332,0.026734486707110636,0.0011877242347227452,0.0023188394505519465,0.00011625509694897027,0.0012459441129403562,0.0051798024821743645,6.260570363834185e-07,0.004045722389214928,0.00011317550579077734,0.0038487711185802,7.026671559861923e-05,0.0024614174686413237,0.02347501694233145,0.0005613971897940043,0.0012990110855125576,0.00014549914277568575,8.131743271736138e-05
ENV_01_0cfd4,0.0009274228874347653,0.0026317725805578727,0.007073640621372641,0.002633811406870156,0.0010691435566423883,0.007460277740705296,7.838286939757218e-06,0.0037418720407992228,0.0016776452933072346,0.00718989835160958,0.0018997592415683634,0.013152554015596271,0.00044697124663215887,0.01331892221190536,0.0003126381395355681,0.0,0.00017889869482759098,0.002045101413683169,9.265182820561405e-05,0.0032780939742096346,0.001029807088640727,0.00012194568660221772,0.0006531043318794066,0.000649871121391561,4.510255961812264e-06,0.0009581898235727274,0.0006849688703552846,8.368433374749043e-07,0.00499199632362966,0.010591555067019197,0.0027737915877694766,0.0,1.630957541096815e-06,0.0016676121982123746,0.0015890027710044028,0.0021713411530766996,0.012698479092823801,0.005974650406972438,0.007046166527336656,0.006301935145025767,0.003585437543997098,0.0015648620998285937,0.03362498981852083,1.0,0.01045941980520026,0.11367108582262192,0.10621695365492485,0.01578299759838139,0.011200920173550214,0.04363743064975835,0.005518290322596122,0.05919440701006636,0.05765934472648102,0.04835672226339945,0.011143459505488389,0.2166129852037633,0.06864229544106454,0.1361698228005059,0.05372135303721909,0.017254579945959473,0.010817758175803889,0.006974264129216605,0.012691161466461404,0.0028664777204495586,0.006202550068826509,0.00041391597000483,0.009213865699116705,0.003569915128642253,0.013680623933950755,0.0004796782227729774,0.008276348589560122,0.009213865699116705,0.008422762167109162,0.0034148522637733668,0.019348603813838426,0.017551966351039165,0.0022030371027296357,0.005852946308934852,0.0019040275497057395,0.016858531050019106,1.3969300707701525e-05,0.03405519082118569,0.0022129093165429007,0.0005517543892096154,0.0018139394606573936,0.019719465682976348,0.04211009080854494,0.03462708192223396,0.031133697139785817,0.06715914729003467,0.029402930120747205,0.02476982926546181,0.08709460626151624,0.09665925644294183,0.42804217348395573,0.04321840160712305,0.01954413025327662,0.031074203897134722,0.03609419373110588,0.2815167366437008,0.0032267633756440247,0.00016767554638013856,0.000881191496434037,0.007427970730878063,0.00036335822495874454,0.0029210127345209403,0.0012864998210955316,9.823818349071415e-05,0.0021888204309302157,0.0019070782880596811,0.006139664794569029,0.04512724248597392,0.0032797436480120727,0.004621118009731903,3.454454984109181e-05,0.005661152558758301
ENV_02_0f9b0,0.007080212047291817,0.019341039852859045,0.017884661028304612,0.005368268845309624,0.03641210719866784,0.037395670580418414,0.04761489439904187,0.02734244078880012,1.749156722678197e-05,0.04217611601121803,0.06625258844327904,0.00028327852499763844,0.006376596336080168,0.008905313675140247,0.02505967639698027,0.012408278152464276,0.011121938022805634,0.016739822378337245,0.009071906737127176,0.005519027430366795,0.044574128456095395,0.005765334791880905,0.00985886193486464,0.015044348838258184,0.03426335993686827,0.011446764349485909,0.007335517615344395,0.020976412168137226,0.027750242517196887,0.0063997378054558894,0.014157818860568114,0.0006057357639850976,1.6351409498105543e-05,0.012893216129868818,0.0026922092712254983,0.00032192508282373797,0.0072842101143149466,0.007668369169687836,0.0002779290418717383,0.0012912054100043709,0.006058425933580513,0.0013022197586209647,0.0008919857004491338,0.01045941980520026,1.0,0.021210417077013002,0.03997486299614469,0.16077419645929822,0.11169305774543234,0.031315297101221724,0.03393961282800836,0.023363892832856264,0.08824337587126152,0.07610824470056773,0.013741767781096025,0.015589242173398824,0.10627587862103302,0.037971372909694906,0.002814136701348646,8.319778585957166e-07,0.000860665663760742,0.0028934580601255584,0.0029520192052529173,0.00021613072933724992,0.0029830071719105775,9.137938050127367e-06,0.00046209103473687926,0.002315686278561898,0.0009050275576157265,2.2706739151812806e-07,0.0030888007490221187,0.00046209103473687926,0.00347578765961532,0.002559839834076072,0.0010214562609666992,0.005007597891178847,0.006782091465196989,0.05384757312425469,0.002260473180738116,0.00015423543306750857,2.9426529162025822e-05,0.0020267984999154114,0.00910830962004215,0.00213490665239608,0.0056948553741217834,0.006803140448151475,0.035322193786829714,0.0020430680956795445,0.001256895655922571,0.016162299918891808,0.003602370380501115,0.0016804188878564838,0.0007716686771394136,0.04140147263272613,0.006373669930746242,0.0011205749710738078,0.020790663242501742,0.002577988482354307,0.007560019546434934,0.0015507616438792113,0.02106890892063174,0.00047551996939151783,0.006791372798205366,0.012511320676231974,0.004761097567854407,0.00021631238535119035,0.0013754274050543696,0.015118899868719919,0.0019626623239591234,0.04428472435518337,0.004253729337232514,0.023981875620929023,0.007128981707930494,0.0015505987423738124,0.003653522528098231,0.018489370416475796
ENV_03_2f819,0.017287591192760934,0.05443136414928842,0.024087774726505827,0.008347851252764844,0.049955523164533625,0.029166362534077946,0.0005368943932138871,0.0229591689675913,0.0005916622558522537,0.04776920699320764,0.0016789584546109588,0.009341101197280717,0.001860129725718477,0.030875672059482596,0.0015223869954755138,6.87555528391936e-05,0.00014517587371023688,0.006455024551872243,0.004580212134373857,0.00849640732610547,0.0033874053646775364,0.0019282864994307266,0.0011055357242962442,0.0013886324762454262,0.004956683849492664,5.11387629682725e-06,2.898576724170155e-07,0.0037385630633632013,0.01476497978389908,0.011821014460056362,0.01052172547815182,0.004255067385105301,0.0004476751245044653,0.019709313256839955,0.013920568874225735,0.003985499629152564,0.009453936182351097,0.011459229615296143,0.000784143362346749,0.0010503082969099823,0.0022390222493529053,8.872619915474935e-05,0.008306623863753542,0.11367108582262192,0.021210417077013002,1.0,0.06505689342463296,0.08314849529449818,0.05242628819714555,0.019506905126703673,0.24262914507146618,0.1591615739737998,0.01785612166798474,0.052462615714504425,0.14705044153612848,0.15252199732373017,0.19524814106540875,0.24407699791331372,0.012828100520265074,0.0027529354465336466,0.002909776805269698,0.013728251121043896,0.021623886526858305,0.00565822793261562,0.004358016245202576,0.0014161433315399744,0.013729460900669292,0.0011329396099348937,0.006296628973308532,0.00035904314708380404,0.007775341689709899,0.013729460900669292,0.014495330053358471,0.0,0.003123196857077831,0.002073558472538036,1.8729523647020483e-05,0.0035832932738586163,0.004096803153074919,0.016372361109678643,0.0,0.014398363108951187,0.005097016561914599,0.0015925262645751436,0.002991485784560509,0.004681601124165158,0.0013849567020036016,0.002244504776620906,0.0004248681542202435,0.0016935323197810983,0.0022355352417645666,0.00019022354743361165,0.0008983368512007279,0.054570398002231894,0.02167072017973803,0.001724415822454364,0.04868077294545978,0.0004769495805822613,6.799163142439173e-05,0.025347578750357133,0.007135620496575106,5.39540223177179e-05,0.011313945982536168,0.007634194942017196,0.0012853431808290709,0.0,0.0002445830373585,0.005420524188093788,0.0009783313206036903,0.001407809603133563,0.0010307209312871387,0.08631402159426883,0.006969793883673399,0.00511158373877568,0.003928454595207568,0.04001930351795747
ENV_04_46549,0.001885764124962425,0.004422085041317596,0.01638095205827954,0.0038700388399934603,0.0024025708385113573,0.004692694082884329,0.002455879958946132,0.0026003220918830133,0.0005896783513193243,0.02486535740503165,0.04796909318223458,0.0025321473163478297,0.002797489075451499,0.00202862041840369,0.0009487940953938601,0.0018300054396869212,0.004715596253203467,0.01769791863946107,0.0013708546117325454,0.007329328873545969,0.012014893240697589,0.0024817360668260616,0.013932927556077411,0.013568633934931107,0.003121806356462258,0.002545788440691768,0.0012961860348418169,0.007584401126823203,0.005667408391852248,0.0050555298009521375,0.0008880512974857604,5.717010456471974e-05,0.00010101762907643776,0.004407119609869664,0.005927497059506491,0.003545894338375647,0.001684904011792155,0.0019028658277504237,0.00018149602472175344,0.0008441978289709176,0.0010075710546955687,0.001421406157258075,0.00489383350299073,0.10621695365492485,0.03997486299614469,0.06505689342463296,1.0,0.04055720881733302,0.0583309479638012,0.04194205901595452,0.020876132555954195,0.03561918518444075,0.03323763707915223,0.04952330127045985,0.024475080174021953,0.11255526612134083,0.1600708855903321,0.5054205899306625,0.029540099954853783,5.972068056638492e-05,0.003386703642186567,0.0001548435829519585,0.002830993377592244,9.195281739471213e-05,0.0016812631919912349,0.0,0.0009537389072641938,0.0,0.0014476298966493981,0.0,0.001589592094165715,0.0009537389072641938,0.0009529404211310997,0.00039397895326389394,0.0015507376870599636,0.01054265492220079,0.0007158725123010882,0.004258918772081081,0.002784572252651003,0.006650364101755653,2.9465618750838827e-06,0.0025135237633597423,0.004903256402587201,0.00376611531389039,0.0003008437006152517,0.009780554588223127,0.015328223887708142,0.005815487245146122,0.0020002533187655383,0.018648098641943278,0.0034591355516135646,0.000638969191798609,0.01625949442055895,0.02692172093610191,0.042679085562782056,0.0031128467798814145,0.007065130842089794,0.0020111225883822858,0.0013071965823743237,0.0345965062068904,0.00833342970652876,0.005937159913596061,0.005728456968091819,0.008789628592951125,0.0038920970550206666,0.0015666825020377922,0.0037801915565047854,0.004888742846624837,0.001655251037326968,0.005644600553460214,0.011394168498437782,0.07516230245240259,0.019126262805954787,0.015771974103851817,0.0060774084767890495,0.027717115108239238
ENV_05_4e2b7,0.001109515189700784,0.01697125661585129,0.03706415714448207,0.003772646358529253,0.023741233897237764,0.008292154618822179,0.019486244940061095,0.02864203385322923,0.0002563564407523752,0.0492644286150238,0.04239512578682495,0.0027124692813483638,0.008088593315070019,0.003291623395933068,0.004750447794875311,0.0055996648036257795,0.003130247385983653,0.044067234808936324,0.0017989621034877293,0.043120194074909135,0.025913646450570434,0.006373657636814763,0.01826866285589205,0.0207154875751097,0.012925590493693179,0.0013224486860873624,0.00504733321688227,0.027541043854257916,0.05180676080316248,0.009100887200644775,0.03332450011289194,0.0012391405765112516,0.00010494202133644215,0.021268399691995368,0.010489466423837855,0.0020743785443842087,0.011458475264182783,0.013283787759791343,0.0011973965854885152,0.001348258276331303,0.010830620385444882,0.0010043772992401466,0.0026693002106344477,0.01578299759838139,0.16077419645929822,0.08314849529449818,0.04055720881733302,1.0,0.1323328431924669,0.05664538867282393,0.050430539336152526,0.03847662180076642,0.07314871961942249,0.08686306720462675,0.03503313702879204,0.05301237011862713,0.07465139706688557,0.08806801697928339,0.006760785449367249,3.90222405033021e-05,0.004106126925780711,0.015303003191650712,0.012616424415048844,0.003894415915661345,0.01016220404008942,0.0002932091753433304,0.004892127636607251,0.0005393728330043086,0.0009955940739699387,0.0009113479438100764,0.002477398895574703,0.004892127636607251,0.022265990365948656,0.00035144907668162084,0.0018978947209874104,0.0002726089904091082,0.0015130565494526885,0.019627412572816968,0.0012954570380760712,0.0017542884452268481,0.0,0.002107009255397467,0.00362659461622084,0.0005902896654479114,0.010566117463579754,0.006544410633380724,0.011632555577964257,0.001928411162439666,0.0017360283352861271,0.00363083400809043,0.002000134094308461,0.00045257975368111425,0.0001020481459165276,0.016145182882775985,0.004582268937890879,0.001792247035330344,0.016722767633229062,0.0011666187998309325,0.0001463550966162375,0.0070731135017073135,0.027174733118177058,0.00032164043389434037,0.020332427469034686,0.006292057078637985,0.0034171803185646128,0.00025663941265008567,2.648216939115639e-05,0.010569510233024873,0.00177287259292161,0.014993320328456834,0.001471799109602448,0.03790765432277956,0.006174071543883544,0.006848599248296907,0.011102063791950407,0.038092363593548915
ENV_06_5bd1c,0.0038642147906682326,0.010751622416824232,0.08812090829324605,0.00965437583278032,0.007762071160603711,0.008675161135931654,0.04650782410033662,0.010921953681835721,0.0007829822420581587,0.029066783641183112,0.056023456485752625,0.026201588138335882,0.012856322356144735,0.0018745496854407906,0.012053073728386614,0.0031862324499010992,0.023309513076919523,0.00992536687153264,0.027651593444918174,0.0061608775543873055,0.12866398824890746,0.005075333910087293,0.0011647531079610669,0.008160193326014312,0.010377015266870834,0.005104529933898283,0.0004182761687325418,0.0188280624294198,0.01572438465279632,0.010911235854558906,0.0008121035828887917,0.002043834031687779,7.820620643330946e-07,0.004829876445550626,0.009081585990300525,0.0046933907935829584,0.0034739498311646415,0.0055579019957800015,5.211955338072199e-05,0.0001675363906919047,0.0024462222981980345,0.00013309099295385105,0.00011114607007595594,0.011200920173550214,0.11169305774543234,0.05242628819714555,0.0583309479638012,0.1323328431924669,1.0,0.024252248293865717,0.041416069084294044,0.026806911773926956,0.026171060745594485,0.1314553553855016,0.02094365198550528,0.04875669511528925,0.3294859317225161,0.08955656134004038,0.00709013291001564,6.473272860830214e-05,0.0010249187518663132,0.005811330524688135,0.01804385031275923,0.00028938332836185495,0.0008541441808437144,0.0037400880526851435,0.013638352889714624,0.0020591206241651495,0.002551540371065651,0.0005102381697548745,0.044958574267915684,0.013638352889714624,0.02441015530975296,0.00311027045853236,0.0009223966991020256,0.009427138851623187,0.001332327276814499,0.004424682168312078,0.003208761489536814,0.008682440915006293,5.7592541330661935e-06,0.002336055197231203,0.05640709071316319,0.0017777384713103675,0.0006953165023113025,0.011622854819894505,0.019475318432129223,0.007561968973831615,0.000994107889496569,0.011432955917875064,0.0019554505034958245,0.0002047126135841155,0.0040655130871065474,0.029949873586803722,0.003389059231986166,0.0021715450493277155,0.001750932734766332,0.0005017598787681106,0.0008310686739005963,0.008912060586448159,0.022525042998446376,0.012197373563569305,0.026565185203450636,0.04024966516788654,0.03632448636056311,0.011240290877266423,0.005203531708175279,0.12257213001597114,0.02434074944122662,0.010544984993996477,0.018264346828034385,0.07809366709549123,0.018088565845993713,0.015446279516069443,0.014794918145426045,0.06880117888581182
ENV_07_6070a,0.00037352750342417053,0.008081267772034316,0.0092215695822766,0.021202279438504532,0.005983610018958058,0.006704151634084197,0.004935883385524325,0.008237698157265539,0.023610693366325514,0.01657997882386888,0.005953755941156718,0.00012483341946557298,0.001520400100138139,2.4231698816964448e-05,0.001515145548695864,0.002330861439381142,0.006606807670493305,0.034520903984446724,0.0012538554670151328,0.1875587569130963,0.03584267288187455,0.001943785721640093,0.021367754982846175,0.020053828192732676,0.0083132263665776,0.005796702393570922,0.002845263062037721,0.021132182100782326,0.03621549087344042,0.024946090424838842,0.023493038885747046,0.002383405063018893,2.2671744830643638e-05,0.021021993283604372,0.02704059463998408,0.024998016872042842,0.0015116264816965059,0.02585592468210835,0.001614039914421867,0.006016579965682816,0.015207489301512096,0.013012866269400496,0.003988264652035235,0.04363743064975835,0.031315297101221724,0.019506905126703673,0.04194205901595452,0.05664538867282393,0.024252248293865717,1.0,0.006099862528483183,0.002987181421499903,0.08316627832403171,0.006158383997738385,0.0043486149372869605,0.07740291993891446,0.04250845351779648,0.07338874052358207,0.12050767844706887,0.0007327237094660946,0.017317472539797013,0.005939886629864236,0.008953646762031519,0.0047904385409594024,0.005581769871406231,0.0,0.0029532778465093,0.0044687561741729095,0.0010246861009553432,0.0015412892553979165,0.005285966164123447,0.0029532778465093,0.018277917321523313,0.0010338788437259181,0.003877227830337287,0.00679629892895921,0.0013464717528197988,0.0130487108559889,0.003564183501642387,0.01858706580433586,1.3290671537889524e-06,0.0013645885356991345,0.0012981469676693772,0.0024969099507021883,0.008353231412220887,0.05690811064819824,0.04721141160026038,0.024734579812471156,0.024883108578684233,0.025117326912320145,0.030897763612530202,0.03622770599201687,0.046968091749077234,0.050278703972776166,0.07320549954386386,0.035382384526833156,0.04859980953595954,0.043973759675640614,0.02399793926798904,0.013560812826268955,0.01835895880582893,0.00031214171873584286,0.01566195417225135,0.007250866279973152,0.001479763182627166,0.007847138294307453,0.002754168468049602,0.006240166534650531,0.010764763431159468,0.020758461457818362,0.004637563230585548,0.062396941316187296,0.011916314952007888,0.03057293212000584,0.013820335284821456,0.04208576831175728
ENV_08_6c0c3,0.03588166169965729,0.07035596785488697,0.01326801747903356,0.0016747234446660825,0.08350313469064366,0.03900669015011323,0.005504715836968357,0.008879786212653243,3.4355042546151144e-05,0.040889274129543345,0.007047566474540637,0.0010717369760866497,0.0010920133990062835,0.011043257097379829,0.003422769529840015,0.007791438076883708,0.005109737454262522,0.02001490388519147,0.011539734843604717,0.02246203556302654,0.015473011906163913,0.004181834882205577,0.01080707367160614,0.00919275707491145,0.04448375389090721,0.0012744621709689348,0.002048814397846327,0.011938372683067579,0.006189333607187564,0.006409111230509883,0.011713860388021238,0.023527392608460512,0.002333981174068031,0.023880676339328107,0.019002341759056268,0.000988532787876025,0.0023175960014644617,0.010708093187990576,6.992502831154544e-08,0.0004943949667571798,0.0030465076533608827,0.00017948067712633543,0.0002437371191676627,0.005518290322596122,0.03393961282800836,0.24262914507146618,0.020876132555954195,0.050430539336152526,0.041416069084294044,0.006099862528483183,1.0,0.025869435991858845,0.013996253402228591,0.024247813896553134,0.052267046290768594,0.04280587088386846,0.07041486084178741,0.07659731914936628,0.00233932135988571,2.5538024870323654e-05,0.00045856240874680125,0.0026013163263064413,0.017139936185422637,0.009312071771621765,0.0014515692810603469,0.0005362886602080936,0.003862035580721464,0.0045806954525246905,0.0015787107563260353,0.0005336867289762836,0.002196093296357571,0.003862035580721464,0.013053746240790257,0.0,0.0023978266587958803,0.0004841759120127843,0.0001995114493832005,0.002644452164042566,0.005907373016593158,0.009328013069151157,0.0,0.0026479278648348227,0.007788318195365086,0.002552876162800581,0.003342554315750746,0.003394112909652789,0.0010463980536234527,0.00024008894400384903,0.0017784523213115807,0.00040451256484848563,0.0009127403808285452,1.3743840449809934e-07,1.3106318287760734e-05,0.012000912706858501,0.0007400992161388895,5.131139863198235e-05,0.026458886135133152,6.228164936605555e-05,5.7453617092238335e-06,0.001000539042024499,0.007088601960040447,0.000675778655056484,0.015599477044615765,0.017802328010989712,0.0007340688536133053,0.0001478969596645128,0.00010932368725069628,0.008982374952499471,0.0016450084823269994,0.004732168968476975,0.0019961399773350303,0.02933608650410249,0.009202278659534397,0.006022355026210839,0.00629708018691518,0.03577398139831052
ENV_09_80007,0.015017328950660883,0.053652975104207315,0.05759003733563514,0.005917347435095307,0.024119809644550613,0.08312744510011312,0.004199534120799561,0.03745927473676878,0.0031830044092777433,0.11839650631008644,0.011555840786769205,0.025818277370243663,0.017444762218858666,0.16854014098514636,0.006869804931683173,0.006438678768537741,0.0011695917720722128,0.005846769371926216,0.003279783120669677,0.0001695885400296094,0.002944331604851958,0.0010224341175740512,0.002830245549166372,0.010594004466716104,0.000999584136449576,0.0004041996731759394,0.0036671171180126423,0.003916037887012705,0.0019380569327518112,0.0017232075660978663,0.000934576663951729,0.0007923646064201413,1.25506610659435e-08,0.0015344398815734166,0.00027003997706742666,0.004194397698810957,0.0028413943049688454,6.422811090166949e-05,0.0018353317352547396,0.0007691305804262459,0.00020397438881737215,0.0,0.0018543992456618356,0.05919440701006636,0.023363892832856264,0.1591615739737998,0.03561918518444075,0.03847662180076642,0.026806911773926956,0.002987181421499903,0.025869435991858845,1.0,0.010025131134439154,0.07811353196133491,0.06986140399610098,0.061126708110861135,0.13255092927988832,0.06826927326472121,0.009939569933737432,0.004029572091437584,0.00037187910144072885,0.0024462060663606564,0.00099893714911966,0.0,0.0,0.0,0.0014280353171324093,0.00028605178331243147,0.0024277678118667092,0.0,0.0009471634275288329,0.0014280353171324093,0.0006354787994943485,9.121891707214243e-05,0.002141833845087765,0.003872370979164205,0.00034685192942660856,0.001659388004807309,6.958475302256618e-05,0.003814452798671609,0.0,0.010768686894701137,0.00492208155796561,0.0001814232369498973,0.00024627652554679225,0.00010691840253733691,0.00030679950217320505,0.0006992365997884281,0.0016567978378509566,0.0021919810948653556,0.0,0.0,4.8159712654448215e-05,0.030813660835401702,0.008107464152845044,1.0165979700483969e-05,0.0008979706460114351,0.0,0.0,0.015094870456050258,0.007817934367245021,0.001191074475356528,0.001460866462676501,0.019754530075150146,0.0007160714330895797,0.0018602243869736412,0.00045823710752457904,0.005402644294340463,0.0020198817296959953,0.004479656218097946,0.0043339203927636105,0.046594203870276345,0.0027923728782416517,0.005956664009478304,0.00010242934282197758,0.0053625693407034275
ENV_10_8f360,0.00027119432606814454,0.005607901284854878,0.005400987274536813,0.0002773225391004265,0.012065655459532039,0.0022894205023277544,0.009424641418060263,0.00831171481840323,7.337645436418692e-08,0.012527440470434643,0.007967084830597623,4.474492187060559e-05,0.0009925520130874492,0.0008933765949162757,0.0008620351518100125,0.0008301285629711547,0.0006257364813704539,0.0010536875154735586,1.2458737185900713e-06,0.012746961123343333,0.00137727486044745,6.167369965190524e-06,0.0017984754781761876,0.002952600638340258,0.0014399845711012462,0.0009825260844579544,0.00020401094799424617,0.005688476788904274,0.008752584236899317,0.01159226445142626,0.0254816831049859,0.0,0.0001424113093903767,0.01826324312548036,0.002619075833694876,5.504202201410273e-05,0.001639418240458005,0.007103392757381672,0.0008022090578995212,0.00014927947006824626,0.0022492164651641403,0.00019225881186367189,0.0008663863219056582,0.05765934472648102,0.08824337587126152,0.01785612166798474,0.03323763707915223,0.07314871961942249,0.026171060745594485,0.08316627832403171,0.013996253402228591,0.010025131134439154,1.0,0.01254372856041998,0.003104867094930803,0.05005347783956152,0.03875985912432388,0.04542872460462105,0.004455680111406534,0.0003969983617224451,0.03343591287795817,0.00920604043579141,0.020750615375246056,0.007898896942845225,0.010953381974502342,0.0002863352273894411,0.0050044268497170235,0.013238585673907318,0.0009949915810220059,0.003522639730975505,0.0038316520209245083,0.0050044268497170235,0.015909571616596976,0.006294879200118481,0.00824737318188101,0.0004903320717190485,0.0043922599174925055,0.07050344503161138,0.002405889063742899,0.010473674084660042,0.0013034995848819671,0.008040758492070766,0.0032630987021060615,0.003436368112942709,0.010499923438459265,0.003493118816600886,0.03527937960979453,0.010151469495576266,0.006857373164305337,0.011303441495397675,0.0031050611876572987,0.018079375411517596,0.006167899177316663,0.021532359258059183,0.03758860547038866,0.005570024064157911,0.021569831411837024,0.0071145390344288535,0.012180885035708341,0.009671484536415456,0.01657466597886532,7.574353647085747e-05,0.004052904533025997,0.007942786300951039,0.0001585711304507425,0.008521135315467412,0.00015233228934939287,0.002779266802316211,0.002380987438221459,0.04024410012224439,0.002074009194491976,0.015883841307675135,0.0054149366258224065,0.00037082593511597324,0.005665555594312466,0.009766854769882862
ENV_11_97928,0.010328023452018484,0.0011330445512175028,0.04486524221779319,0.01054949134632667,0.0007694038078070601,0.013490254050807237,0.006887176379122245,0.00438446178871064,0.0036955612981431265,0.009770392935658212,0.06771634754421803,0.02151933865296591,0.017753959946405027,0.02299113524318445,0.010040860574400848,0.006021893358926471,0.005372310265160581,0.0041899021193400185,0.00040980712660262247,0.00013307048459836035,0.010910804824376362,0.0047176279995882215,0.00034150816194235457,0.005428429449566314,0.006356326643013677,0.0029688563719933365,0.0009550788012966824,0.009471807905751705,0.0008554857953008989,0.004124862880030691,2.236645312602161e-05,0.008622414166615418,1.5083822157598097e-07,0.0001119395394342376,0.0006291977059954763,0.01141721824625802,0.004682146598509543,0.0008659654933663558,0.0005170435397905959,0.012318903282071789,0.0008159197972210419,5.38481340899503e-05,0.0024402959639599465,0.04835672226339945,0.07610824470056773,0.052462615714504425,0.04952330127045985,0.08686306720462675,0.1314553553855016,0.006158383997738385,0.024247813896553134,0.07811353196133491,0.01254372856041998,1.0,0.012240592578571354,0.03000536793703703,0.049847523522554955,0.02793484126776136,0.017603814716201142,0.0003222494007775335,8.365120961702087e-05,0.0028486861386984664,0.0034378586576718794,1.935905743677848e-05,2.8710301712561737e-06,4.0690760544985605e-06,0.008715371485960346,0.0,0.01825398121743876,3.6990061959927074e-05,1.6729597497782596e-05,0.008715371485960346,0.0016442735103533866,1.2400037821395816e-05,2.385395041400526e-05,0.006241196932561249,9.215767687488661e-06,0.0001906064659254069,0.0,7.066952469693869e-07,0.0,0.003215390873078094,0.0006269460038046731,0.00021166295989997512,0.0,0.0008598375532504662,0.0017505768805273904,0.0019674566448959737,1.5133762984835033e-05,0.00886103636501703,0.0003275955978000747,0.0,0.0020274200066822054,0.003997292460455233,0.004615286371017842,0.0005236512130784625,2.4407161089761276e-08,1.5398614676899e-07,0.0005111750040548433,0.008871086124142757,0.0012667489681581457,0.0006468251191912009,0.00039001480579455505,0.001440762259815694,0.0035938217963656935,0.0006424829926599028,0.00030423632782999773,8.422161992111538e-05,0.00020242311688824924,3.1326490569443206e-05,0.005601114064716243,0.00908420928775538,0.0011004447013790728,0.0005720100824027186,0.0001553148216958048,0.001189146666012997
ENV_12_d933a,0.0001609957721045131,0.012482817161966189,0.004449461238781406,0.002978355583083341,0.01524515668147318,0.0024482453470459245,0.0032380100257688436,0.004012503014400794,2.8937376474852578e-06,0.019827730720195915,0.0010061322202675365,0.00014375113019527298,0.00031861210978650315,0.008265028060753457,3.5524638844745737e-06,3.275373595695113e-05,0.00021636522640807555,0.004741726437180902,0.006307183255246557,0.0016459854618855812,0.00039139094173847017,0.00020750151901639225,0.0012472323834766725,0.0005967428630682103,6.261912574454468e-05,0.0,0.000491870308514219,0.006509861956385636,0.008859849585579067,6.558892541478687e-05,0.0012078796469827781,1.9056139518541934e-05,0.0,0.013124059333007193,0.003901776868286297,0.0003549111422718088,0.00023670376409256727,0.0004975870595942299,4.949138081569664e-05,0.0002679357789549078,0.0006754702513330166,0.0,0.00024834924462148564,0.011143459505488389,0.013741767781096025,0.14705044153612848,0.024475080174021953,0.03503313702879204,0.02094365198550528,0.0043486149372869605,0.052267046290768594,0.06986140399610098,0.003104867094930803,0.012240592578571354,1.0,0.03626954007525789,0.07098999363010414,0.08837493239032988,0.0025374395545532226,0.00226276847025875,1.809262792856e-10,0.0001860860338972865,0.0005106207624256672,0.00014183958897944412,0.0006137047533303523,0.0,0.0001570494879939793,4.485363841399389e-05,0.0001194637727350537,0.0,0.00590875216208989,0.0001570494879939793,0.00021987114328147166,0.002411280458981509,0.0036281270033111847,0.00313814016212718,0.000857851932777656,0.004948781423371399,0.006111205896794939,0.009395502775216015,0.00020316192195100907,0.006064418022058756,0.0042722615599734845,0.0022118649157071976,0.0030910312878705284,1.1144886930307337e-05,3.281106475036433e-05,0.0,0.0,3.0169059825876657e-06,0.0,0.0001920087467552911,0.0,0.016996847618866575,8.204083010761209e-05,0.0,0.004798517450624949,0.0,0.0,0.0074614179291041536,0.004015804540432981,2.6179573231705567e-05,0.0020006025033585855,0.0023011349723450337,0.0015689799082976917,0.0,0.0,0.008550800396325211,0.0003268908077230124,0.0026054413830718555,0.000293232062702977,0.028720914774696543,0.0004288368695437679,0.0004174656117533534,6.434203052834e-05,0.006694962660326429
ENV_13_e223a,0.0032055571226225553,0.023459158224454667,0.024769008777276072,0.032225928026323784,0.0041504268067456,0.010026511273190132,0.0019938899595999724,0.012744131653990074,0.007293997772478075,0.03122733479599771,0.004900542276479477,0.014314581530510337,0.0004022828339329309,0.004608013627747746,0.0017232075660978663,0.000309579928569335,0.005369140567619014,0.030398657517911303,0.004535593274620836,0.030301539966543327,0.013433021601688036,0.007294387846934175,0.01131695618521937,0.00895542023471841,0.003709122796877478,0.0046477000515607395,0.00029808080067416097,0.010627523214713034,0.00630363741046223,0.01253730041313749,0.003408514288957008,0.0001823928498216082,0.0004640282186771856,0.007263976954806278,0.016612019437284485,0.0019201700608610281,0.005757973027714106,0.05485136975537373,0.0030151441418487354,0.0013535310528589829,0.0306532511954131,0.0017159852562353768,0.005221583308765109,0.2166129852037633,0.015589242173398824,0.15252199732373017,0.11255526612134083,0.05301237011862713,0.04875669511528925,0.07740291993891446,0.04280587088386846,0.061126708110861135,0.05005347783956152,0.03000536793703703,0.03626954007525789,1.0,0.21894128284089454,0.2505466805169444,0.09957376383960555,0.01091884672586508,0.03267049945172717,0.012910252665114945,0.03650140354936442,0.010285020151464572,0.013450550518109844,5.8252665520744326e-05,0.017645873452216992,0.0007069591573482479,0.010148820568890216,0.03719072446431519,0.013973812895299054,0.017645873452216992,0.03395986085519526,0.004977255965705639,0.02751003856715895,0.011574743008239767,0.005508184053462576,0.001453901915297508,0.004011884461963284,0.028435967077474887,3.216566582738691e-05,0.012659888942107162,0.00746835031554354,0.00284712332366208,0.029847984821962024,0.027671039511443903,0.011980425675567258,0.024942228227496224,0.014167773247851905,0.029598064114131618,0.06190861008810245,0.019703807871824942,0.05819367744271074,0.05783384586854326,0.08990743327584526,0.056645335924630044,0.011459756771869485,0.04320323056000352,0.006069741688698338,0.08725491602653138,0.015920251737420538,0.0022021713543223854,0.05549980691259172,0.006282700746735331,0.006329049113384216,0.001129053580734946,0.005510286880710483,0.007932469070212935,0.008093904758375858,0.0015622870157945457,0.0064656247242787365,0.14188404438370972,0.017785899098902394,0.04321172943198893,0.023044627912298925,0.0632948913558006
ENV_14_e4670,0.009871043031403537,0.03219254831659085,0.06403100705081578,0.020403429439538573,0.016955461165173564,0.0182866039782262,0.023377983421912676,0.015228495842010142,0.0005043488261638661,0.059058469254326826,0.01512490300176734,0.005405177271651253,0.006188399334187422,0.013821869723081968,0.012438943114197895,0.004848882252400881,0.026973892286758686,0.01708570531571189,0.041518597599659327,0.01730386735656744,0.09753431126077323,0.00609447353238363,0.004832359975484253,0.016548165224921717,0.020461189938425405,0.008265547057958794,0.0018210845321412524,0.02586267974876314,0.03748540551861791,0.04111580145421383,0.006505262181370223,0.0038893943553390616,0.00039208117984009346,0.01525894732069646,0.017099979232551223,0.01294584950082781,0.010261502893175399,0.01853650942493069,0.0011680758977369646,0.0015620631243790006,0.011446500968438422,0.0023977177443324127,0.003451550241604491,0.06864229544106454,0.10627587862103302,0.19524814106540875,0.1600708855903321,0.07465139706688557,0.3294859317225161,0.04250845351779648,0.07041486084178741,0.13255092927988832,0.03875985912432388,0.049847523522554955,0.07098999363010414,0.21894128284089454,1.0,0.2685249499969837,0.03592764839691243,0.001659405548980001,0.005680685313086467,0.00482708732213133,0.030598674918118525,0.0007916206998765063,0.0010500219419027033,0.0022985771035787697,0.014501890057270829,0.0012054860743714747,0.004716375690876172,6.357931335154048e-05,0.05100770420308339,0.014501890057270829,0.018455020814549684,0.005018675635421459,0.01281223288810601,0.04364600853488685,0.012043149930209985,0.015968258042554775,0.008742806321075852,0.02180942129854338,0.0,0.02344560629722234,0.12465136922608328,0.005922748588706689,0.009352336135715638,0.026569181325594347,0.027378014035503634,0.013261534535357056,0.005351302790686725,0.023895107438403014,0.008270577339346349,0.000802182813463063,0.01660646696629073,0.12648318862118188,0.025599512666023328,0.009692075786328408,0.007763003531698646,0.005452213499373331,0.0035380664205171787,0.03148597541253235,0.047469892598469156,0.02676983481520613,0.05771546089911312,0.047715105615531606,0.046029509901846934,0.004309037485638189,0.011892821639528468,0.17228107402096265,0.03752297101432537,0.018359182802206497,0.02909270576360284,0.3312458508817828,0.05778673974549131,0.024621282928186185,0.028970433882940818,0.11259091045703769
ENV_15_f1429,0.002357474296551461,0.03390676441689408,0.03823428698910848,0.011964273598635167,0.012359732049110119,0.010025239213023259,0.007071176561891577,0.013254322614271572,0.00047439117374438374,0.06079069443523557,0.007416213746404583,0.006827681795061391,0.003882199162938156,0.00739844538490579,0.0010232963822013913,0.00024454527518449556,0.0005371082206813412,0.029202262463557106,0.0027884813745220637,0.020771970534044122,0.00921683668838902,0.0019744052427943483,0.015176810393297619,0.011992769432576331,0.0017058201469247667,0.0002042700855838056,0.0002195065617395412,0.010081995993942255,0.024431964827847187,0.010437276941953304,0.008783034967019201,0.00034212357792046377,0.00010750111929778454,0.015216699931249258,0.04853580298124285,0.0026068568850394105,0.007367820234951723,0.014646101191883126,0.0010880191697109059,0.0016621640272088559,0.005440240904576914,0.000956383498273111,0.0076715612683331815,0.1361698228005059,0.037971372909694906,0.24407699791331372,0.5054205899306625,0.08806801697928339,0.08955656134004038,0.07338874052358207,0.07659731914936628,0.06826927326472121,0.04542872460462105,0.02793484126776136,0.08837493239032988,0.2505466805169444,0.2685249499969837,1.0,0.02658470791262212,0.0005867860122681621,0.014017813473349225,0.003941316902725408,0.02165972792898369,0.005963359100082046,0.014500592784474093,3.0384186367480834e-05,0.007218806475547559,0.0013831623160481335,0.0010973998858159265,0.00033530909567171724,0.013075548129321648,0.007218806475547559,0.014315625207749172,0.001898108530495635,0.009849048687992162,0.015964437119328795,0.002090837114651621,0.009947011493062912,0.020970292529571985,0.05681482633992665,0.0,0.011378249346622382,0.01326519157773931,0.0019703133747345767,0.009251592714699506,0.02779054865999416,0.014627227306504228,0.009734430127932207,0.008063293229080318,0.01827831436581274,0.016828710438189842,0.005597578757856176,0.027273363324525648,0.09057019315434259,0.06448377113336638,0.01326325777020913,0.02626922382134297,0.005907326269659356,0.0016671395026290258,0.04435141218041078,0.0242484430686669,0.005210235715751804,0.03928111267266949,0.02158632405049206,0.003934739629613052,0.0027291867703618214,0.0030304150158162292,0.013993418470882273,0.006959333804783471,0.009691831932166538,0.008075695544968464,0.19029772368030717,0.02420845237668738,0.01918866195367658,0.018570947495799572,0.1018864533007409
ENV_16_f8183,0.004855724223052204,0.0008179027519031462,0.00453628904827132,0.04217845598433447,4.727193425026777e-05,0.0017699955324352614,0.0003925133499531681,1.063409362471867e-05,0.03600969666827799,0.0021935806800601784,0.0021888264598361644,0.0004106907270693606,0.00018503426026807412,9.965045935697831e-05,0.0001261970261756207,0.0028762672864962938,0.004543976688806208,0.012743760926967112,0.0026751332618380028,0.06410344160533486,0.012385003837294914,0.010533028745815324,0.01947203092263922,0.013719395238751791,0.0027198594650908407,0.017484941070378138,0.005760190666596596,0.009670551108779851,0.011970429513616248,0.019434341629324718,0.0033816814954027866,0.006560514935531766,0.004626289261855329,0.0015336716397028412,0.005559534837654133,0.05885485839538923,0.002702867846340083,0.0277842164726422,0.001171524227278054,0.023311701821136434,0.02353085771996678,0.009370763126918539,0.0033840025123368094,0.05372135303721909,0.002814136701348646,0.012828100520265074,0.029540099954853783,0.006760785449367249,0.00709013291001564,0.12050767844706887,0.00233932135988571,0.009939569933737432,0.004455680111406534,0.017603814716201142,0.0025374395545532226,0.09957376383960555,0.03592764839691243,0.02658470791262212,1.0,0.0006137409115948426,0.0006961027173770086,3.815499944000971e-07,9.820620776562922e-05,0.0,2.5951637174232467e-05,0.0,0.0007579437344721188,0.0,0.0021413703784466127,0.00014277783964681813,0.0007642549312905928,0.0007579437344721188,0.000548119997386666,4.115436895675333e-05,0.0022421697812500824,0.02377757378096105,0.00038332967320606963,6.185368115230002e-06,6.895838937063349e-07,0.0012263247902042564,1.452624421867611e-05,0.0013185531052090295,0.0005281657342732009,0.0007205058795548545,0.0006263541381063192,0.036699546090826325,0.027695846875167962,0.026066853899450494,0.015000595271286533,0.05627443201392543,0.043696545549705985,0.01613657180608471,0.06344262780682555,0.03868127039098655,0.04870616696466778,0.06324043634952906,0.006209561026176342,0.029412913445426875,0.021816038175277188,0.019054710739263906,0.001548616092072736,0.003086874549065875,0.00805911642481895,0.00023387892554970765,0.0016231285229362435,0.0030004416849876894,0.01494187579329597,0.00026163249906055854,0.0003331638510678181,4.6565961919822515e-05,0.01515916982526386,0.02115775113190582,0.0036906310640110285,0.020315182022049724,0.0035831090405457227,0.0273106604167334
HEA_01_07f11,0.00027780645254564323,0.000548715429206419,0.0006830004930907567,1.3549778344524136e-06,0.0007684252924603793,9.86300616560507e-06,0.0,0.007862541673371934,0.0002619112876456756,0.00015853236777315372,0.0,0.012567694194963007,0.00014441704331283103,0.0,0.0,9.447045753518022e-07,0.0005557129608081552,0.00030017943914535276,0.003632190127867348,0.0008919011992091877,5.170474421367623e-05,0.0002902125947032913,2.797888542870105e-05,0.00047137498669377117,0.0,4.528781394257266e-06,2.687844063726296e-08,0.0012241422056659184,2.96058497311321e-05,0.0,9.831320140435042e-05,4.0315754101032293e-10,4.428167480664636e-06,8.440487626584412e-05,7.258950409730755e-05,0.0,2.4048437659582167e-05,1.1327613346377243e-05,0.00021394471155903615,0.0,0.0006720016850458206,0.0,0.0001569849540959664,0.017254579945959473,8.319778585957166e-07,0.0027529354465336466,5.972068056638492e-05,3.90222405033021e-05,6.473272860830214e-05,0.0007327237094660946,2.5538024870323654e-05,0.004029572091437584,0.0003969983617224451,0.0003222494007775335,0.00226276847025875,0.01091884672586508,0.001659405548980001,0.0005867860122681621,0.0006137409115948426,1.0,0.013189373236473376,0.009216860270223068,0.02028001559564878,0.011636163763803022,0.004605384838444023,0.018185884170391017,0.031091439226685138,0.020269033585185944,0.02980033258409147,0.016223943491847734,0.06137020879452498,0.031091439226685138,0.013364216247469113,0.001867376522568297,0.012184378490558848,0.0004312044045282664,0.00215270879674884,0.0005680050577372497,0.0053415326435910255,0.019908742441560778,0.0009280743463021251,0.004757075486287648,0.0007263202294089931,0.00039995841050124385,0.002131217672191876,0.0002943027832641629,0.0,0.0008400582359707777,0.002595611380926911,0.00034129590998899456,0.0006001295024938897,0.0003572908916852573,0.0006172472399347019,0.0021594682841315814,0.002806018093596132,0.0029717346886573917,0.0009232356760158499,0.0032537921275779926,7.306974585638078e-08,0.013471293524972793,0.00012223701478463806,0.0,1.1572693586613055e-05,0.0020495356061712303,0.0,0.0005348640946949414,0.0,0.0,0.0,8.576404645195043e-10,0.00012074830444724792,4.236112111829714e-06,0.0,0.00039117953316197823,0.0,0.0
HEA_02_0a422,4.7629107706753273e-08,0.0011450210272792344,0.004019225402470942,4.993791654585659e-05,0.004278790222739971,0.00022149253539527114,0.0002831420308720713,0.019803009412367338,3.6225944026584903e-05,0.0009193484680692988,0.0004292864803649749,0.002432557858419702,0.003342906106905059,2.5344986639984763e-05,2.8845797197012036e-05,2.936870050193155e-06,0.0006058317794181246,0.000622018218339222,0.000857095004645346,0.03584722174127398,0.0017976293823222715,4.178790884085579e-06,0.000684496559799742,0.0012855736077442758,6.361610446462986e-07,7.32978178317395e-05,0.0,0.0018546043775253711,0.017395615663847064,0.0035306438943679113,0.01745751455411215,0.0,0.00016013315132617305,0.01631378076150754,0.028904483392835592,0.00012653699359952675,0.004242266504786511,0.005251866452483635,0.012390422330645681,1.4721501309341485e-05,0.003241384801382751,0.00028953590731147774,0.000478246442097649,0.010817758175803889,0.000860665663760742,0.002909776805269698,0.003386703642186567,0.004106126925780711,0.0010249187518663132,0.017317472539797013,0.00045856240874680125,0.00037187910144072885,0.03343591287795817,8.365120961702087e-05,1.809262792856e-10,0.03267049945172717,0.005680685313086467,0.014017813473349225,0.0006961027173770086,0.013189373236473376,1.0,0.06415498065910548,0.0608424340335538,0.06188941538993103,0.15607555952310553,0.026985457528642655,0.0389892317820513,0.06357828790722951,0.026593692207029784,0.02546960739283838,0.031272999230825035,0.0389892317820513,0.05379542034187049,0.0016881190720690205,0.007399769387562277,2.9415281835208737e-05,0.0007910118393545928,0.009500526489933719,0.004439305730695873,0.02542176010876426,0.00021759717850778848,0.0004987354744078736,0.0012324317370924417,0.00019613606996717398,0.006168440448304008,0.02646374495060442,0.004153591008033439,0.00879237056293987,0.015894351655775123,0.0029527184062365717,0.0058957756572687505,0.005780054102896735,0.019046139563335836,0.00786124079347604,0.010902371232900563,0.016285467877714607,0.017007051012121462,0.026215787670914713,0.0003024820494324092,0.004360927099214491,0.02008269450510332,6.431102647186622e-05,0.0030995726278604083,0.0018547528376508555,0.00011488221327492213,0.0022387835491432815,3.2993016521741746e-05,0.00041399045980251614,0.0008606672816841155,0.003571001197441216,0.0013949227738191128,0.006334697935057641,0.0013011048603223066,5.824621679695564e-05,0.0010324388113233697,0.006748977302431999
HEA_03_12168,0.0002350115958816696,0.008734673734915458,0.004835953912843971,0.0,0.0039821563344106265,0.0008926917428307706,0.0008741071656909206,0.022017723808193952,0.0,0.008800211171494416,0.001127313387513138,0.00998342933902973,0.0023168664260490336,0.0009212246784964797,0.0013632646256057988,0.00035056375517410367,0.001189608347371336,0.006468964100756361,0.001312329670675064,0.018672529000745935,0.00231283929799854,0.0018461633125001957,0.0016014703669681514,0.004534280318203486,0.0031186372530669624,0.00019684982464745237,0.0,0.008366769303139582,0.009943753286837862,0.02228647513337224,0.027333921426826745,0.00020296362018694923,4.066607551700906e-08,0.008689044565624304,0.010071901774402802,0.000886581772323911,0.009559321601228861,0.0065333620386669325,0.01361121958364261,1.7497471939649638e-05,0.0033795950985663894,0.0008090831033221742,0.00606308610555656,0.006974264129216605,0.0028934580601255584,0.013728251121043896,0.0001548435829519585,0.015303003191650712,0.005811330524688135,0.005939886629864236,0.0026013163263064413,0.0024462060663606564,0.00920604043579141,0.0028486861386984664,0.0001860860338972865,0.012910252665114945,0.00482708732213133,0.003941316902725408,3.815499944000971e-07,0.009216860270223068,0.06415498065910548,1.0,0.21647145006940055,0.07789869342358004,0.0646741674044996,0.0371436659468944,0.13630835268679642,0.0545944296411299,0.07489809173653872,0.10925109487375828,0.07489338953592337,0.13630835268679642,0.39071317322275656,0.003903651803348435,0.007190757675469724,0.00023390336246469992,0.0035434624604278693,0.008414163535707673,0.005433053609976931,0.031994051494097425,2.2464541073642347e-08,0.002617207621770731,0.0036320929491780083,0.00025218603494286376,0.014949036426126761,0.011363854352788442,0.002946734611834889,0.006284289937611982,0.019115369026953766,0.006316814393375252,0.002867690273951897,0.000899437730270318,0.0033995758748452207,0.01162407514835672,0.011003145012799928,0.005209257689560965,0.0066587590601586795,0.005651910773902192,0.00048623068193632104,0.005599991852376412,0.014069773011032904,0.0014514959250223048,0.02090958231086679,0.005900591446631033,0.003944320356447397,0.00036633004561727336,0.0006108759083193325,0.011252776424693793,0.0026282803846178256,0.003810424964048632,0.0010876825024189042,0.01060304636444552,0.002709427297697718,0.0008099559860032693,0.008196965393845389,0.016479078215504598
HEA_04_19bb1,0.002234795483495557,0.016209920891321884,0.0033004271459029155,2.931792503037365e-05,0.0031791985904286416,0.0011111123314664747,0.00397455999728512,0.008205924657034897,5.017593086423846e-05,0.010109376032171609,0.0007196281558687422,0.00987851621187994,0.0020660309117845614,0.001084191317542151,0.003286751054071869,0.0009312100291799457,0.0032709727942991412,0.013448224583328842,0.0064719568604906874,0.0425835068758089,0.012073276455626477,0.0019772912289072204,0.004172382905696983,0.006543835073984268,0.002392289019145003,5.4390513809413906e-05,0.00015407041143614063,0.01082005862547127,0.013709764693493503,0.038329118486264704,0.01878721544759389,0.0006926673973957562,0.00030433582892423067,0.009962510111036695,0.02355424142898331,0.001820396640903694,0.027885844273712893,0.02173566548745641,0.011540036178642367,0.0003419128196929914,0.01187263465951764,0.0008649554115931959,0.006927619975771984,0.012691161466461404,0.0029520192052529173,0.021623886526858305,0.002830993377592244,0.012616424415048844,0.01804385031275923,0.008953646762031519,0.017139936185422637,0.00099893714911966,0.020750615375246056,0.0034378586576718794,0.0005106207624256672,0.03650140354936442,0.030598674918118525,0.02165972792898369,9.820620776562922e-05,0.02028001559564878,0.0608424340335538,0.21647145006940055,1.0,0.33035054037705003,0.1267713627005517,0.06643016958154242,0.3763486898426521,0.13278456614952105,0.1279670745272233,0.20015650594061113,0.13598315025051413,0.3763486898426521,0.41227648274016626,0.0015558220531507636,0.017209700636972733,0.0038719124128042837,0.009631708956444267,0.009393464685634586,0.022427802772799467,0.09273562439248773,0.0,0.005907565850301916,0.026271214866162833,0.0013588482706066093,0.018169195367730193,0.0283150120159523,0.010709900211833774,0.010910901585265961,0.04135607863082311,0.01729853252925837,0.009423157529116363,0.0020619437194492407,0.013489038099152096,0.03584152600798867,0.02145021414332894,0.012807798170236223,0.005757266490367001,0.01907539673221803,0.001655641400950096,0.008043127078752162,0.02493926697072601,0.001648439584003056,0.03589434644703148,0.010654946649025509,0.004242453946557249,0.004899995444594487,8.065169532764686e-05,0.02183366178548421,0.007851919665032122,0.0019800926162159274,0.0006096562941903796,0.024992529036827717,0.0028276953360276092,0.0004729471437142576,0.012911620566086976,0.025070718472324175
HEA_05_65dc0,3.075743728913776e-05,0.004554497497816503,1.1704842695323609e-05,0.0,0.0025872515863564582,0.0,9.209250581893725e-07,0.004961384606929379,2.2594198462571346e-05,0.0010008628464683042,0.0,0.0015241269482250321,0.0,6.9866864232068666e-06,0.00030403334817111807,3.16300810755579e-05,0.0016050907015061186,0.0177754595658515,0.0011812364212566127,0.05579450467269043,0.0010984979605779604,0.0023603641215583773,0.02320724756632846,0.015187390334019593,0.0028649011905679837,2.6887747761671737e-05,1.2201846306981079e-05,0.011643106799454636,0.0072373498845487464,0.005213052254954346,0.018044637613136506,0.0,6.688806121963063e-05,0.00645708289384878,0.004521316253217456,1.1164740359313776e-07,0.013183105535018846,0.008496734930586525,0.00410049889955694,0.0,0.0043650999912382814,0.0016969287830058536,0.0011790078999423556,0.0028664777204495586,0.00021613072933724992,0.00565822793261562,9.195281739471213e-05,0.003894415915661345,0.00028938332836185495,0.0047904385409594024,0.009312071771621765,0.0,0.007898896942845225,1.935905743677848e-05,0.00014183958897944412,0.010285020151464572,0.0007916206998765063,0.005963359100082046,0.0,0.011636163763803022,0.06188941538993103,0.07789869342358004,0.33035054037705003,1.0,0.1166664801349962,0.009604229161589059,0.08885157668371822,0.10987374951540049,0.019384053105379336,0.20302982996972624,0.029416270121774883,0.08885157668371822,0.1252278578565322,0.0,0.005455748296045067,0.0,0.0017406584012536106,0.003943753466103102,0.01012631492518413,0.04662060420782624,0.0,0.00011631857272041654,0.0008162883307886178,0.00026428935920402125,0.016289833946656156,0.022551009691336978,0.0031329572386023944,0.0018267969778637645,0.03253228597223614,0.0017918565871099794,0.0058025206716466535,0.0014553343844015084,0.006842932443576688,0.007917649269733295,0.00741535015221075,0.004883928524453757,0.01252805777103285,0.019978241711559656,0.0003866540663773524,0.0005795132967815956,0.012388306441149034,0.0,0.007200881530967249,0.0013241621508630957,0.0,0.0007806513130153767,0.0,0.000281450687277393,0.0002605784083382348,0.0003582731824481659,0.0,0.0008662595715539777,0.0002947120024595692,2.139938807796118e-06,0.003389745139693317,0.003716059682965584
HEA_06_6bf25,4.80249219760394e-08,0.0015881287954798123,0.00041127192854098146,1.2400133618228554e-05,0.006184488463705137,0.00035566192203331944,0.00032213594875750445,0.009366885096293055,0.0,0.0010515041603554422,9.717589243059834e-06,0.0022910578183860148,0.001228628935220947,2.0929620415228658e-05,0.000144151415043383,0.0,1.498567819246066e-05,0.00145368391353967,0.0003029601116759525,0.012689925921467574,0.0009977350666976776,3.86310416539475e-05,0.0012660938325804766,0.00046116502584624006,4.143217514991759e-06,0.0,0.0,0.000447456456338342,0.042360784352517146,0.006038510461767342,0.016959887152328407,0.0006569115632534619,0.0,0.032655315938436326,0.021997263698803445,0.00013728036039279367,0.01653118290720406,0.012991371295122178,0.006322828895098294,0.00014568174929469497,0.0043634668035725166,0.0015902400306822375,0.006766560345249587,0.006202550068826509,0.0029830071719105775,0.004358016245202576,0.0016812631919912349,0.01016220404008942,0.0008541441808437144,0.005581769871406231,0.0014515692810603469,0.0,0.010953381974502342,2.8710301712561737e-06,0.0006137047533303523,0.013450550518109844,0.0010500219419027033,0.014500592784474093,2.5951637174232467e-05,0.004605384838444023,0.15607555952310553,0.0646741674044996,0.1267713627005517,0.1166664801349962,1.0,0.018918514975055693,0.06568575735202331,0.1079058200424758,0.047147766748843314,0.04788618569576709,0.02743472537650661,0.06568575735202331,0.08258742235271592,7.356497194966428e-05,0.004587998677555786,0.00035976627274568397,0.0008373436344537608,0.004144869098632499,0.009818434515566389,0.0186289039549998,3.594710189662919e-11,1.8772560374136436e-05,0.00030964703463625304,0.00010188540010783994,0.01320565058419116,0.020166531636458738,0.01647771187176035,0.006693806690435359,0.015925186118257013,0.006116784169050822,0.014562661278633537,0.006984530078859289,0.017565652921473527,0.011886319830258046,0.010490203330095616,0.022625782231480932,0.03625510211275519,0.0279627052722366,0.0011804173732382847,0.005041174510293007,0.008451427008127949,2.8740654049223257e-06,0.005799680311681984,0.0006635917437092888,4.968518775297648e-05,2.5967784668673526e-05,3.4916987659592644e-06,0.0007164980205413076,0.0001420556300584901,0.002134983736683245,0.00016581476900547065,0.005200192596366881,0.0014250419514191663,0.0,0.001381200927391337,0.006361138334566908
HEA_07_7822c,0.003231447286712097,0.001109275654717019,0.00040387619565871813,0.0,0.0012848443691975853,0.00012830011372806782,3.982964185851437e-05,0.0012051154652796766,0.0,0.00028995166337474114,0.0005267859207220867,0.000447145839872768,0.0010421004731123696,0.00038105071844299245,0.0006099623314791125,3.205492923699728e-05,0.0003495778659686366,0.0,0.00818682138527704,0.00028630415589359125,0.0018886997006953084,9.416997258712475e-05,0.0,0.00012697421661162105,3.7208321956809514e-06,1.3862857241152276e-09,0.0,6.160978065673083e-05,0.000223829105845643,0.001924358214502632,0.0008300511736838117,0.0,4.509130493989875e-05,0.00034557001399889055,0.0007712836219430858,0.0,0.001046598956858895,0.0012449340010385521,4.18546541990889e-05,2.0241715435260017e-05,0.00047390298278686497,4.0545514728789925e-07,2.712257744622805e-05,0.00041391597000483,9.137938050127367e-06,0.0014161433315399744,0.0,0.0002932091753433304,0.0037400880526851435,0.0,0.0005362886602080936,0.0,0.0002863352273894411,4.0690760544985605e-06,0.0,5.8252665520744326e-05,0.0022985771035787697,3.0384186367480834e-05,0.0,0.018185884170391017,0.026985457528642655,0.0371436659468944,0.06643016958154242,0.009604229161589059,0.018918514975055693,1.0,0.10895125676546201,0.027496303922001,0.06695084043113059,0.008007353650492068,0.05754117144090411,0.10895125676546201,0.07867696081414918,0.00042758125339624085,0.0026257577073376765,7.798655946161792e-05,0.001331372701617876,0.0005828706754021107,0.001199016422492026,0.005682655291531811,2.4483974684563673e-05,0.0010489250375407737,0.012059711428708762,0.0002678451223726081,0.0010318854494128203,0.0007648694263206933,0.0011009994285744488,0.0002936631987773663,0.0005366888888254972,0.0011294200631844949,0.00011816943615837079,2.313852680559245e-06,2.58180118279924e-05,0.0003533224845312363,0.0002085996054785774,0.00034644514732219933,0.0003256230416047746,0.0005938375567821244,6.331349852971271e-06,2.0360547129349962e-05,0.0012314720844485685,0.0003888419138465342,0.0004977970583730766,0.0005446017633310452,0.00248954521526567,0.0006073950556708318,0.0014216774401210894,0.007471172308273955,0.000614646622512611,0.0004670851364796767,0.003369151873903501,5.010226013977832e-05,0.00028710496344521715,0.000926984217586068,0.00027438932470096955,0.0044243448216520305
HEA_08_7c732,0.0031778417614206148,0.004596377318491086,0.010056531479056953,0.001022646461987155,0.002233829763855555,7.188793236214846e-05,0.0010285676076569458,0.008123126748139012,0.0007348883791661594,0.001939105022970017,0.0011549150692957222,0.024030207201558424,0.00409368158990203,0.00028378478408924696,0.002090015633519477,0.002012815374063407,0.003466875324841629,0.008953708444107339,0.006592915922391944,0.01154893249045194,0.00848519939418324,0.0016527376656186143,0.0021995694214176353,0.011278611579562295,0.0004268844111759085,1.057006141134159e-05,7.386487877809928e-05,0.017126269709644575,0.00409261092050313,0.02018834596545143,0.012295740897281283,0.004115914879117535,0.0006038597414178432,0.003579827396498111,0.021428465517408422,0.005838277384047629,0.00909610998349658,0.01813112137631637,0.014887702839883868,0.0027541403608958336,0.008702927668533318,0.00025806609360538017,0.004290838087563499,0.009213865699116705,0.00046209103473687926,0.013729460900669292,0.0009537389072641938,0.004892127636607251,0.013638352889714624,0.0029532778465093,0.003862035580721464,0.0014280353171324093,0.0050044268497170235,0.008715371485960346,0.0001570494879939793,0.017645873452216992,0.014501890057270829,0.007218806475547559,0.0007579437344721188,0.031091439226685138,0.0389892317820513,0.13630835268679642,0.3763486898426521,0.08885157668371822,0.06568575735202331,0.10895125676546201,1.0,0.08697425716801391,0.25867976556754807,0.08855329164799293,0.12681762126454502,1.0,0.31373541982646597,0.00024870336747383946,0.008786970949643723,0.00460117393007184,0.003701655381611299,0.0017757475251409384,0.008459813431083494,0.060878041056209704,0.0,0.006432238483784297,0.01277187851452096,0.0009878622000758436,0.009797418996950304,0.013731080886375712,0.0024328198440194578,0.005432821510697762,0.019869783157355245,0.009469550699628217,0.004062721576286405,0.0007347034595844657,0.006012162409296149,0.010941066048349768,0.009180991736117063,0.007874376367715282,0.0021961386135291375,0.00708955217890704,0.0001404440407300681,0.006257243326549647,0.014987134672357573,0.0008995960242900049,0.006019017348098119,0.003943106295508976,0.0033800300293940462,0.0019080739177505207,2.7594534543237067e-05,0.008657107656449566,0.0016801029784741614,0.0008474379289558553,0.00031249731006300393,0.005313921507770425,0.0008470728844906888,8.591392499898809e-05,0.0013542707307467705,0.010261401566959639
HEA_09_8b6f3,0.0,0.0038286666592785993,0.00015970905197017224,0.0,0.006340019344114945,8.964639631510115e-05,9.538209894469719e-05,0.010628716061690942,0.0,0.0016129231372358026,8.107889931936525e-06,0.000874177460713733,0.0002221267898495084,0.00028089888804885805,0.00025573204135872146,0.0026549775411478537,6.191403904615013e-05,0.004751195692632205,0.0021200021241139563,0.013410218433113278,0.0016045098073262651,0.0,0.005103066950326997,0.002866834955152367,4.030459646420667e-06,6.008905330107644e-06,0.00026271216584305735,0.0009751838631986029,0.0134001076730861,0.0022198246056674394,0.024045815719150758,0.00023050007352903824,0.00015805411706578082,0.010545466527645321,0.010693166959115409,0.00010432064292382113,0.003597321887647465,0.004618831382644421,0.0027392004481283363,1.819750748425199e-07,0.0009713221787912817,0.0005089661409722617,0.0005748759530524512,0.003569915128642253,0.002315686278561898,0.0011329396099348937,0.0,0.0005393728330043086,0.0020591206241651495,0.0044687561741729095,0.0045806954525246905,0.00028605178331243147,0.013238585673907318,0.0,4.485363841399389e-05,0.0007069591573482479,0.0012054860743714747,0.0013831623160481335,0.0,0.020269033585185944,0.06357828790722951,0.0545944296411299,0.13278456614952105,0.10987374951540049,0.1079058200424758,0.027496303922001,0.08697425716801391,1.0,0.055046213715306366,0.0642575965729079,0.0804640825150147,0.08697425716801391,0.09955728482239963,0.0,0.0017727887764237833,1.2893668407501604e-05,0.0007058585465070544,0.01205422057896714,0.005861964075967431,0.053449914809662394,3.493509912633304e-09,0.00039116518692309973,0.0009648336377787914,0.0,0.007961379852917502,0.01638939602423572,0.012658092117016406,0.003882764556620605,0.05223368249157499,0.003460448576790785,0.003930387053420948,0.003946159776261855,0.004019550869614674,0.01824827932485089,0.010013272153204206,0.005295793409355271,0.030077287891428574,0.009992319538612954,0.0015716493556724674,0.002179966896950771,0.03275827586440436,0.0,0.0027812891517138586,0.005315190333371296,0.0,0.02726327091278761,1.5672638811747755e-06,0.0011121619480874722,0.0007939059428407682,0.024811850308887752,0.00012923485546573977,0.00038802229016624386,2.204422704002211e-05,0.0,8.088089399349128e-05,0.007148353041517313
HEA_10_95108,0.02127736431623847,0.0006577605207206796,0.001930356601125984,0.00017105662482551,0.0022133891224340313,0.0030705492817029215,0.0009570171901906174,0.006103212108795311,0.0005611562817842377,0.0008208197147684577,0.00389989367300196,0.017682512811219804,0.0015496694637987462,0.006684690627358985,0.00294969791400194,0.018583490122031157,0.01818729391479347,0.020274723526538772,0.05799916002150276,0.005311270151028326,0.013430131906355723,0.052017624784764016,0.006767264045552423,0.019448356256881023,0.004004949292343919,0.009578229075878204,0.004146461123798805,0.020144865413692828,0.0030922646143983832,0.0069477707971876135,0.009526297440988202,0.013145003194745592,4.572354345150937e-05,0.004529329617961841,0.005445342195167155,0.002826737166909118,0.00705402308937115,0.003849078534026134,0.0046033706053518605,0.004843961039095608,0.004535965651668579,0.0008684371686073578,0.004440793528646225,0.013680623933950755,0.0009050275576157265,0.006296628973308532,0.0014476298966493981,0.0009955940739699387,0.002551540371065651,0.0010246861009553432,0.0015787107563260353,0.0024277678118667092,0.0009949915810220059,0.01825398121743876,0.0001194637727350537,0.010148820568890216,0.004716375690876172,0.0010973998858159265,0.0021413703784466127,0.02980033258409147,0.026593692207029784,0.07489809173653872,0.1279670745272233,0.019384053105379336,0.047147766748843314,0.06695084043113059,0.25867976556754807,0.055046213715306366,1.0,0.05953501370848927,0.0704338282045746,0.25867976556754807,0.10698641171160841,0.0002773027684405603,0.003590638435410543,0.004030568335578274,0.0013286651453897386,0.001220773102605669,0.00015627261608837858,0.010879212241440957,0.0,0.0016994485504931557,0.006978370607056233,0.005370878811323365,0.0011654777581443035,0.008162483821128835,0.006160757367547693,0.007932710889134765,0.008613672648988387,0.02017047984518584,0.0019965822451716814,0.0003110880568116749,0.005116488100498517,0.005437873926586933,0.006847573963198403,0.003576510119466067,0.003273790852988048,0.002650454445877711,0.00030347905162194543,0.009050471959681934,0.017413232904761947,0.008989439030535147,0.00215979691924182,0.0014328229621918297,0.01749647166012512,0.002676842775083555,0.003888315394519243,0.0034997714198437106,0.0015932310999039708,0.0028334202541144375,0.030753189494664393,0.0017404281256583876,0.004951066599711832,0.0011544171493898332,0.0006647705530015341,0.005241370612566243
HEA_11_a46bf,7.256772506831796e-08,0.0027357712283201325,0.0,2.9015152053295446e-06,1.3368476318720788e-05,0.0,0.0003220779724539639,0.0006556759348200291,3.550312559116713e-05,0.001491940511527666,0.0,0.0020419109164547876,0.0,0.0,0.0,0.00046610731561142697,0.004157487261187136,0.016877125042357582,0.015839286046623515,0.0277269588282824,0.0029652638585663934,0.014752391911509913,0.008131178903533393,0.004885339024999854,0.0013807574316645104,0.002709972948960285,0.00025315655556929276,0.010110998001164802,0.00046255289943799004,0.00047740927713251505,0.0038576840173590067,0.0,4.814787883207793e-05,0.001460083856892664,0.003834183351414219,5.202275347317971e-06,0.0038059466226973353,0.016600101190358187,0.0027813386620717823,0.0,0.004829140748277941,1.6173618883018183e-05,2.9553515594652137e-05,0.0004796782227729774,2.2706739151812806e-07,0.00035904314708380404,0.0,0.0009113479438100764,0.0005102381697548745,0.0015412892553979165,0.0005336867289762836,0.0,0.003522639730975505,3.6990061959927074e-05,0.0,0.03719072446431519,6.357931335154048e-05,0.00033530909567171724,0.00014277783964681813,0.016223943491847734,0.02546960739283838,0.10925109487375828,0.20015650594061113,0.20302982996972624,0.04788618569576709,0.008007353650492068,0.08855329164799293,0.0642575965729079,0.05953501370848927,1.0,0.06341649147325368,0.08855329164799293,0.20889692154510567,0.0003487780826316648,0.003945427511528211,9.258592712335345e-07,0.002867520640246477,0.00037627664325604515,0.0013817820504686807,0.027913313699230863,0.00033573907390289844,7.919388236283915e-05,0.00148109408934099,0.0011739701495391713,0.03553135343447488,0.007056351593356223,0.0009101886619986826,0.002816461214212126,0.013987832803698532,0.0011107709167908822,0.019623379444827626,0.0016023565755654344,0.006984438607396013,0.0019290650386434335,0.0018533441352919585,0.008531142956503849,0.0021318633069581663,0.012349564181254888,6.451416912294376e-05,0.0020604435385365356,0.006886684454288346,0.0,0.027817807728685643,0.00023635497608725096,0.0002549626751149916,0.0016144065461293747,0.00025518562504280934,0.0004395831536683389,0.00031923228336651853,0.0011651945940298128,1.309896402792035e-05,0.0002833911463817758,0.0009978814798005074,0.00013330179171354545,0.007201748398188912,0.005350296249306408
HEA_12_cb742,0.0012506541230794112,0.019164013850170584,0.006600167650630359,0.0003154371054975666,0.005785244620954783,0.00022517721568467402,0.005998084443165424,0.007469689477717533,0.0,0.008654137610824904,0.00019793857925880996,0.004137841376345305,0.002174707073657279,1.2619738953181388e-05,0.0,0.00029586967897437036,0.001526169234406979,0.004540421056994112,0.12255130526023769,0.008705273223675218,0.024078514212705692,0.0019593117776079503,0.0007544025203824258,0.0008742183316454967,3.495733539395042e-06,0.00014690950404023137,0.0010990958340498403,0.0031295663412539768,0.019217333589219482,0.012452483581215382,0.01854119390626422,7.968316870607015e-07,0.0002873478324946436,0.010822000703720636,0.02535764028120299,0.000373009307552265,0.0027930821027363204,0.009894471051921485,0.005589769148412689,0.0,0.013893982155910253,0.00024925890731861415,0.0005323395939237689,0.008276348589560122,0.0030888007490221187,0.007775341689709899,0.001589592094165715,0.002477398895574703,0.044958574267915684,0.005285966164123447,0.002196093296357571,0.0009471634275288329,0.0038316520209245083,1.6729597497782596e-05,0.00590875216208989,0.013973812895299054,0.05100770420308339,0.013075548129321648,0.0007642549312905928,0.06137020879452498,0.031272999230825035,0.07489338953592337,0.13598315025051413,0.029416270121774883,0.02743472537650661,0.05754117144090411,0.12681762126454502,0.0804640825150147,0.0704338282045746,0.06341649147325368,1.0,0.12681762126454502,0.17920362371261783,0.022718744983637476,0.041244211654115424,0.011154123529357646,0.027783002639876143,0.011720428328370489,0.07065137263165988,0.10965599445174869,0.013338825682495208,0.011740544061797887,0.1336386911874065,0.027014055067591983,0.039782070201163276,0.021528096887912216,0.012460631797811247,0.01934034411902443,0.018297577916622548,0.011534777265798822,0.008986463010270436,0.003496433765272531,0.008525813528578004,0.03912409860086546,0.011620845592972528,0.01497839720839748,0.011976194411228127,0.01938296925597271,0.0006368649557542981,0.008560404719347787,0.011397772502787161,0.0006016319827170379,0.008393645232855618,0.043935765444291563,0.007640540233370459,0.0017550662502129246,7.766907932682068e-05,0.0577266244001765,0.004944960518578313,0.0066214692186342,0.0006146996231831876,0.013391090986631026,0.0005287431207984203,0.0004205304314319664,0.0006123730535799474,0.01425091850142665
HEA_13_e6d1e,0.0031778417614206148,0.004596377318491086,0.010056531479056953,0.001022646461987155,0.002233829763855555,7.188793236214846e-05,0.0010285676076569458,0.008123126748139012,0.0007348883791661594,0.001939105022970017,0.0011549150692957222,0.024030207201558424,0.00409368158990203,0.00028378478408924696,0.002090015633519477,0.002012815374063407,0.003466875324841629,0.008953708444107339,0.006592915922391944,0.01154893249045194,0.00848519939418324,0.0016527376656186143,0.0021995694214176353,0.011278611579562295,0.0004268844111759085,1.057006141134159e-05,7.386487877809928e-05,0.017126269709644575,0.00409261092050313,0.02018834596545143,0.012295740897281283,0.004115914879117535,0.0006038597414178432,0.003579827396498111,0.021428465517408422,0.005838277384047629,0.00909610998349658,0.01813112137631637,0.014887702839883868,0.0027541403608958336,0.008702927668533318,0.00025806609360538017,0.004290838087563499,0.009213865699116705,0.00046209103473687926,0.013729460900669292,0.0009537389072641938,0.004892127636607251,0.013638352889714624,0.0029532778465093,0.003862035580721464,0.0014280353171324093,0.0050044268497170235,0.008715371485960346,0.0001570494879939793,0.017645873452216992,0.014501890057270829,0.007218806475547559,0.0007579437344721188,0.031091439226685138,0.0389892317820513,0.13630835268679642,0.3763486898426521,0.08885157668371822,0.06568575735202331,0.10895125676546201,1.0,0.08697425716801391,0.25867976556754807,0.08855329164799293,0.12681762126454502,1.0,0.31373541982646597,0.00024870336747383946,0.008786970949643723,0.00460117393007184,0.003701655381611299,0.0017757475251409384,0.008459813431083494,0.060878041056209704,0.0,0.006432238483784297,0.01277187851452096,0.0009878622000758436,0.009797418996950304,0.013731080886375712,0.0024328198440194578,0.005432821510697762,0.019869783157355245,0.009469550699628217,0.004062721576286405,0.0007347034595844657,0.006012162409296149,0.010941066048349768,0.009180991736117063,0.007874376367715282,0.0021961386135291375,0.00708955217890704,0.0001404440407300681,0.006257243326549647,0.014987134672357573,0.0008995960242900049,0.006019017348098119,0.003943106295508976,0.0033800300293940462,0.0019080739177505207,2.7594534543237067e-05,0.008657107656449566,0.0016801029784741614,0.0008474379289558553,0.00031249731006300393,0.005313921507770425,0.0008470728844906888,8.591392499898809e-05,0.0013542707307467705,0.010261401566959639
HEA_14_eb0b8,0.001108754545728013,0.02222618931754145,0.009579221075733991,0.0004048676967694898,0.0038284697324905814,0.0005175528521921714,0.006910414102949729,0.011086729124247257,4.394643855684957e-06,0.015275443212838177,0.001810258405551045,0.005792837238297139,0.0013749696688088355,8.929513259050585e-05,0.0010700131763470859,0.0024213747486504012,0.0026792359371844445,0.012970936482243636,0.0094000895545962,0.026625105345574614,0.01639824684440984,0.0037823181675542975,0.004997309968328802,0.007397352353028899,0.002442014165602424,0.00014371531266330217,8.888601120270329e-05,0.01243361604927781,0.018835466738955198,0.04449780861673304,0.024699409313936098,0.0012841365319487463,5.7003880650217236e-05,0.00792047675463195,0.04209619727427704,0.0019218998739904407,0.010552760114737469,0.029556848771810855,0.007685013966612848,0.0006221915303792505,0.01399842399303258,0.0014136620673980466,0.003154742384929738,0.008422762167109162,0.00347578765961532,0.014495330053358471,0.0009529404211310997,0.022265990365948656,0.02441015530975296,0.018277917321523313,0.013053746240790257,0.0006354787994943485,0.015909571616596976,0.0016442735103533866,0.00021987114328147166,0.03395986085519526,0.018455020814549684,0.014315625207749172,0.000548119997386666,0.013364216247469113,0.05379542034187049,0.39071317322275656,0.41227648274016626,0.1252278578565322,0.08258742235271592,0.07867696081414918,0.31373541982646597,0.09955728482239963,0.10698641171160841,0.20889692154510567,0.17920362371261783,0.31373541982646597,1.0,0.007399823708992841,0.009304285917616478,0.003970626456438626,0.008465672371982329,0.007294212984251349,0.02217158622624084,0.10464472332396693,0.00012194524687994387,0.0037780093544447623,0.018380495675145946,0.003599051787827516,0.02993849328950202,0.047332251227894875,0.019902609019455175,0.038049098613110295,0.046637375914637055,0.03270934752947241,0.02024980468118033,0.013404708346681823,0.014573071224310325,0.03593315853551339,0.029985395197607883,0.023164588540724226,0.01639711579286929,0.0217865935804653,0.003160107175217847,0.00315256587582626,0.012215365940361688,0.0009956743058693145,0.039300869683403045,0.007763262926405159,0.0025497778395776032,0.0015846847076586403,0.00017515260541712692,0.01799594195981058,0.0021533080741521294,0.0019054453257782154,0.0008766630919895543,0.013309319345165552,0.0012050040948805858,0.0003155307461918037,0.011444366822760428,0.03634777144629011
MAN_01_00138,0.0009001176928263075,0.004212575414616369,0.004381315438890234,0.0008739551451585276,0.0011349326570178418,0.0010510752456390742,0.024337025065235014,0.0006889643875360822,0.0003121022252479339,0.0031803199085662956,0.001830524493514996,0.0,0.0029194235750731254,0.0,0.002802579527887396,8.387371859388332e-05,0.0,0.00017246998917630474,0.008487892565040452,2.4053112034914453e-06,0.0007795724013223528,2.4228554513580476e-08,0.0,2.61431716449193e-05,5.321935378119815e-06,0.0012280751852821235,0.001308449718654181,0.00011771359025725413,1.2720419616065094e-05,0.002996953822938352,0.00022833225366975204,0.0,0.0,0.0011141113422423396,0.0001126287308602615,0.0,0.00013810189000024775,0.0010584049587501253,0.0014686917339288331,1.0010428896503945e-13,0.002574923617509332,2.296087347236812e-05,1.5269169191958948e-05,0.0034148522637733668,0.002559839834076072,0.0,0.00039397895326389394,0.00035144907668162084,0.00311027045853236,0.0010338788437259181,0.0,9.121891707214243e-05,0.006294879200118481,1.2400037821395816e-05,0.002411280458981509,0.004977255965705639,0.005018675635421459,0.001898108530495635,4.115436895675333e-05,0.001867376522568297,0.0016881190720690205,0.003903651803348435,0.0015558220531507636,0.0,7.356497194966428e-05,0.00042758125339624085,0.00024870336747383946,0.0,0.0002773027684405603,0.0003487780826316648,0.022718744983637476,0.00024870336747383946,0.007399823708992841,1.0,0.14571284224950523,0.03919988101922222,0.12581833314872898,0.11477795345967948,0.048410737418947865,0.03613201620308889,0.17949387726387878,0.14235055831702045,0.12747271857308506,0.08386066527136213,0.07323964420112228,0.004069618427612996,0.00257246206110785,0.008461543356596248,0.001625085277034802,0.008108755969301612,0.003611374441338496,0.027776819202873372,0.0031334205195564123,0.01524057264067359,0.0052429246686111555,0.0136323621036794,0.0014565449106434612,0.011458093556957209,0.0049033802649404296,0.004613194921918962,0.0009710345860792368,0.0006113935771860094,0.00108089028225466,0.006212473241911794,0.008463162127046125,0.0,0.00027522223841382643,0.032781293056900494,0.0015286617744903726,0.0009346279430655697,0.0002337201270878251,0.00273703060894339,0.0,0.00016920587750544623,0.0005601678213661153,0.00018352640271518102
MAN_02_0bce5,0.004458769921119515,0.011168340895634149,0.007133446866694306,0.0006502240231820437,0.007714877480434226,0.0017364803802535254,0.005952563613123095,0.006254984857883378,0.0005239568010892089,0.006704088057693099,0.0007316618452465066,0.002214294261537456,0.0051618954272202346,0.0009372165531999965,0.009614639121922766,0.0003263361797139408,0.001612468210599113,0.011197268291133345,0.009513430232884758,0.00675008213500727,0.004290833365890017,0.00038777310963270087,0.00431057654935488,0.008037400202929595,0.0029826996325379505,0.0006785516100294315,0.01246564933023154,0.0020117380369545747,0.0035335220531366365,0.008602962396602383,0.026754188236983955,5.652583993233748e-05,0.00011710904811105928,0.024313171042086367,0.01224517087769104,0.00047307523835948725,0.010463953076290522,0.01561380445235384,0.016664240508906733,0.002662115280963418,0.07620575112516823,0.008446368150895616,0.009216050650270697,0.019348603813838426,0.0010214562609666992,0.003123196857077831,0.0015507376870599636,0.0018978947209874104,0.0009223966991020256,0.003877227830337287,0.0023978266587958803,0.002141833845087765,0.00824737318188101,2.385395041400526e-05,0.0036281270033111847,0.02751003856715895,0.01281223288810601,0.009849048687992162,0.0022421697812500824,0.012184378490558848,0.007399769387562277,0.007190757675469724,0.017209700636972733,0.005455748296045067,0.004587998677555786,0.0026257577073376765,0.008786970949643723,0.0017727887764237833,0.003590638435410543,0.003945427511528211,0.041244211654115424,0.008786970949643723,0.009304285917616478,0.14571284224950523,1.0,0.05317054250580164,0.46708879646020734,0.25813481134602206,0.1373744105929515,0.15444133529270002,0.2764800030145801,0.3579150238693352,0.20080896052445418,0.09763349881683793,0.3524981700837075,0.008948034878884337,0.003038589277018452,0.007575286386160578,0.020509545321690796,0.002591051410870233,0.00407447914662988,0.006902982207284877,0.002966607480927786,0.020995826095659854,0.01196962482121429,0.008622541988440039,0.0032733217211998004,0.06592440209657723,0.0012608107915959806,0.033788775344351665,0.031093419487918404,0.0009973726666064964,0.008090733467832706,0.09175038563756557,0.024088878392086222,0.0008068493981792142,0.003761459842425035,0.028401879909471878,0.012060745850683724,0.011451624000523124,0.0039855221038590264,0.01293343145213134,0.0033328258920007807,0.005255789785821833,0.0038942875577013475,0.00523341089506197
MAN_03_368c1,0.008715129157411955,0.0005824290950723852,0.004510031425746165,0.012448093857657149,4.829736387297689e-05,0.00614129573646094,0.007478445801461175,2.492885863970152e-05,0.0131603868117923,0.0021012572695906923,0.0015228650545414868,0.0012165378197086583,0.0013271140669660333,0.0008633542095201868,0.005722173444126848,0.00010195758011488435,0.0010129541014731415,0.0005357789227686572,0.006589175782267769,0.0033284510777753453,0.0027287817035152894,0.0014400689402091491,4.306580478970268e-06,0.0005897223618896591,0.0003946491396128918,0.0007166569605055963,0.000573061766928047,0.0005339420704013498,0.038657980271405414,0.07166094498848934,0.004881375900205764,0.040141522289168105,0.0005692237547708377,0.0108042157549075,0.027772046938634085,0.08051635134843252,0.017228766611574846,0.06458941428098641,0.013580722390299551,0.07519316638686731,0.034391413382086906,0.047410723578345595,0.05357400691892595,0.017551966351039165,0.005007597891178847,0.002073558472538036,0.01054265492220079,0.0002726089904091082,0.009427138851623187,0.00679629892895921,0.0004841759120127843,0.003872370979164205,0.0004903320717190485,0.006241196932561249,0.00313814016212718,0.011574743008239767,0.04364600853488685,0.015964437119328795,0.02377757378096105,0.0004312044045282664,2.9415281835208737e-05,0.00023390336246469992,0.0038719124128042837,0.0,0.00035976627274568397,7.798655946161792e-05,0.00460117393007184,1.2893668407501604e-05,0.004030568335578274,9.258592712335345e-07,0.011154123529357646,0.00460117393007184,0.003970626456438626,0.03919988101922222,0.05317054250580164,1.0,0.08300986104575768,0.0402038790535524,0.044779502620047616,0.03869440204237919,0.017778541056584673,0.08384528396055038,0.11473336237752745,0.038759633848460665,0.027152854815385558,0.009443211164644087,0.014013894649413983,0.008879579184176015,0.008816677119286,0.0741957164941987,0.05357248221831104,0.007688621653511307,0.07870043815889273,0.04861871995820635,0.024266693794700728,0.038211338942672986,0.00033510977263877815,0.013629025578404654,0.04890891967464518,0.012103688840003742,0.0022753228986596647,0.011173854264907388,0.004223335279296895,0.0029267640942641127,0.022724755473947728,0.00021116924880146897,0.009186512350895237,0.016633635797264977,0.00899171207021857,6.017671847356024e-05,0.010112804108889989,0.04938718045718389,0.006115462535296035,0.00025519425797453717,0.0019357785712355803,0.0024783549971431743
MAN_04_38948,0.0018478672436546798,0.006324816230496823,0.002256240985173662,0.00023183566934918904,0.002715805909754261,0.0014498575205053525,0.007355808946972602,0.0015334172012715069,0.0006750298373734273,0.0030067735898807357,0.0005655997889673079,3.448218754575368e-05,0.0006121512910904041,0.00013869946014929009,0.02283177285857227,0.0014772197256308901,0.006949665600546523,0.016349428203484926,0.012501069828642524,0.007072368989798994,0.008651492279444294,0.0008352405545626238,0.006649744407372194,0.011728770935522211,0.01793431969219268,0.002267913086643944,0.023727337301684217,0.003888364031899871,0.005375135527371927,0.012238873636536614,0.019422969393527584,0.000911201719293354,0.0007147512316514477,0.011089503260559122,0.017958073689987836,0.0010762395362068958,0.027058093200863827,0.01479475649900977,0.020210268890954012,0.0022791855920211218,0.1696360982955051,0.019675045223650052,0.006585738615923741,0.0022030371027296357,0.006782091465196989,1.8729523647020483e-05,0.0007158725123010882,0.0015130565494526885,0.001332327276814499,0.0013464717528197988,0.0001995114493832005,0.00034685192942660856,0.0043922599174925055,9.215767687488661e-06,0.000857851932777656,0.005508184053462576,0.012043149930209985,0.002090837114651621,0.00038332967320606963,0.00215270879674884,0.0007910118393545928,0.0035434624604278693,0.009631708956444267,0.0017406584012536106,0.0008373436344537608,0.001331372701617876,0.003701655381611299,0.0007058585465070544,0.0013286651453897386,0.002867520640246477,0.027783002639876143,0.003701655381611299,0.008465672371982329,0.12581833314872898,0.46708879646020734,0.08300986104575768,1.0,0.23388530613553837,0.16947165461943478,0.08728168861518296,0.09602222420705346,0.20448301516136633,0.17196845745959566,0.06176949649639123,0.4751270283450101,0.007708791139289902,0.005739220588819724,0.0030144500456053642,0.021599066554164922,0.00525958527981605,0.005709528789013008,0.007869904245660994,0.00245472464587192,0.01982811060402336,0.00401722326205381,0.0043538621730495755,0.0015121635348759473,0.14452116991851188,0.0031008158298901746,0.007304871258866192,0.021122916708755813,0.0002618937203180508,0.003099891950788396,0.02077670009499727,0.032267304504757024,0.00012537104781889705,0.000799097686119096,0.019744065177807357,0.0040593852812037265,0.011437076403444445,0.0023275686118065008,0.004159133385456382,0.0009782819794393286,0.004234356813545556,0.0026753917100637635,0.001550249021801973
MAN_05_5144b,0.0005854898039118199,0.004983498155371362,0.007115623873014627,0.0,0.032868643879618305,0.0013605249649618523,0.008798039107847414,0.025138005744481783,9.928260427394656e-07,0.005070287006734137,0.0063765286989573245,0.0002253526480070477,0.007922494768414974,0.000488767087601446,0.004987150975999168,6.947076790572405e-05,0.00011284906632011165,0.0016152212085114629,0.0026879101431598637,0.005353327196254063,0.0018062110225494667,0.0,0.0006918557959390526,0.0014153429703555108,0.0014381315625794755,4.7693749300012125e-05,0.007452627147358667,0.0004002720233983629,0.020268860776524948,0.007072711590559352,0.064444184671058,7.324740725381334e-05,0.0,0.053417013220094865,0.016242331753604945,0.00015126424158639414,0.01160357030022508,0.004211484112906197,0.011998813282484814,0.0008513993018394895,0.007577886895608147,0.00038700721555028636,0.004401387823596257,0.005852946308934852,0.05384757312425469,0.0035832932738586163,0.004258918772081081,0.019627412572816968,0.004424682168312078,0.0130487108559889,0.002644452164042566,0.001659388004807309,0.07050344503161138,0.0001906064659254069,0.004948781423371399,0.001453901915297508,0.015968258042554775,0.009947011493062912,6.185368115230002e-06,0.0005680050577372497,0.009500526489933719,0.008414163535707673,0.009393464685634586,0.003943753466103102,0.004144869098632499,0.0005828706754021107,0.0017757475251409384,0.01205422057896714,0.001220773102605669,0.00037627664325604515,0.011720428328370489,0.0017757475251409384,0.007294212984251349,0.11477795345967948,0.25813481134602206,0.0402038790535524,0.23388530613553837,1.0,0.14697348746075045,0.09890527381886817,0.08429107479769092,0.27125741224206684,0.1513220695546652,0.07773266913653362,0.24462423053248988,0.004155767617926386,0.0079995622714726,0.0007502491388144961,0.0095528636322969,0.001148980857956662,0.0006246643993757846,0.006485267800799842,0.0006692671376769167,0.025995595993200765,0.0059972049318136305,0.0007885764666875374,0.024737388214089558,0.009406717537678523,0.0025288168547141247,0.010007640961620242,0.046074768465955596,0.0002696666210581081,0.004721517101138876,0.056536349040203,0.007720233595380198,0.0006533614583294939,0.0003915794561159916,0.029356671766245578,0.008482447294511105,0.07294667780302751,0.0021974228591386683,0.009885260123564651,0.0013615044055138319,0.00021336316672117557,0.0009316841455406957,0.007536941241007119
MAN_06_5a689,2.808250695476978e-05,0.021602936053860516,0.00683736538925357,0.0,0.007743376423738434,0.0008776576788035164,0.0011351583587350712,0.007917933408648697,0.0013516415028950433,0.010552467618484319,2.4507955364866706e-05,0.0006548759676298667,0.00038777976574044245,4.780181407196744e-06,1.2726169420672591e-05,0.0,0.0,0.0020635779489073794,0.0025136196283887936,0.008629122758903453,0.0012842379374450803,0.0,0.0001663929156534799,4.933992190412407e-05,0.0,0.0,0.0003335163113768148,0.0,0.010283777055584638,0.010172392074320052,0.010034021114103526,0.0,0.0,0.015289791858795289,0.06086193732578876,0.00045400105592235506,0.019409870978535748,0.010869022506077448,0.0031466643520508364,0.0003290354866179827,0.011278602586553797,0.0005152187577264129,0.0009934294415624696,0.0019040275497057395,0.002260473180738116,0.004096803153074919,0.002784572252651003,0.0012954570380760712,0.003208761489536814,0.003564183501642387,0.005907373016593158,6.958475302256618e-05,0.002405889063742899,0.0,0.006111205896794939,0.004011884461963284,0.008742806321075852,0.020970292529571985,6.895838937063349e-07,0.0053415326435910255,0.004439305730695873,0.005433053609976931,0.022427802772799467,0.01012631492518413,0.009818434515566389,0.001199016422492026,0.008459813431083494,0.005861964075967431,0.00015627261608837858,0.0013817820504686807,0.07065137263165988,0.008459813431083494,0.02217158622624084,0.048410737418947865,0.1373744105929515,0.044779502620047616,0.16947165461943478,0.14697348746075045,1.0,0.24581958244713162,0.04647485536801546,0.09255238581575403,0.10800401075885495,0.03434733310862266,0.1906932413265697,0.0047840489607734885,0.0013847723062254608,0.000244666267723472,0.015623144878854316,0.0008100305673472712,0.003078163585138109,0.012156411731928767,0.0007004882684597825,0.01699144608461049,0.0025001826993042513,0.0009363759721384834,0.004588798555643187,0.012578078137642444,0.0001298813208007452,0.002765377351758496,0.005754481113688709,0.0,0.008171592051819995,0.02786749750934401,0.00038204876480127067,0.0,0.0,0.004410590885537072,0.0027861120951895137,0.003801441303343152,3.6289419192924333e-06,0.006601501591115267,0.00013240185775615027,0.0018957109465394836,0.0014270038213451254,0.006845020867759529
MAN_07_5faab,1.5267002429833228e-06,0.010294943138385254,0.018176017999282888,3.779625797541411e-05,0.005921841339885787,6.589125813927463e-05,0.0014270106207890105,0.016186670828780232,0.0031597298249274506,0.0073414869404548775,3.45348778172894e-05,0.010574514601309114,0.0017205899020947693,7.998329429725426e-05,0.00014748926828439483,0.0011962274990211282,0.0004369141810933304,0.018384007905080633,0.010647017560657805,0.04023450424865448,0.009059848429626418,0.0011421074410709196,0.008804259022497122,0.012177865486938262,5.038414216222865e-07,8.134697148567014e-05,0.002385897757042227,0.007793012387319965,0.017923687442204236,0.009348201329693598,0.03275864200425192,0.0,4.666926250983255e-05,0.021547212753277332,0.053182072922071534,0.0013149205618825668,0.004496694681587566,0.01047869097191581,0.011062848033489234,0.0001835558555521729,0.006389203631561224,0.0002369885196465206,0.0013535813774274688,0.016858531050019106,0.00015423543306750857,0.016372361109678643,0.006650364101755653,0.0017542884452268481,0.008682440915006293,0.01858706580433586,0.009328013069151157,0.003814452798671609,0.010473674084660042,7.066952469693869e-07,0.009395502775216015,0.028435967077474887,0.02180942129854338,0.05681482633992665,0.0012263247902042564,0.019908742441560778,0.02542176010876426,0.031994051494097425,0.09273562439248773,0.04662060420782624,0.0186289039549998,0.005682655291531811,0.060878041056209704,0.053449914809662394,0.010879212241440957,0.027913313699230863,0.10965599445174869,0.060878041056209704,0.10464472332396693,0.03613201620308889,0.15444133529270002,0.03869440204237919,0.08728168861518296,0.09890527381886817,0.24581958244713162,1.0,0.03948428865571161,0.09572522680333659,0.10637034840566566,0.07712363147842796,0.14959937694634565,0.03809951012269011,0.004992675340512163,0.009142651716100618,0.0497346736317169,0.005878134357503828,0.008142782194969533,0.012195355501316065,0.009392867644905689,0.035372113561295125,0.01556274385996783,0.005289081332065002,0.012039317194790882,0.020793908237934814,0.00025330972149139984,0.023295216652730457,0.09691814604601066,0.00010042151329321312,0.030885528343409685,0.06989295343225561,0.003710356913347357,0.03487653559019466,5.900530700037817e-05,0.02530302831580512,0.004876191049795416,0.007548797917479533,0.001665292321322516,0.03324248040666977,0.0033365616708194564,0.0025302941166340507,0.007636483002559744,0.0307663378622135
MAN_08_678a7,0.0,0.00019305749255284192,0.0003225487056897739,1.0396363983351738e-05,2.7196434524363463e-06,0.0,0.009436558063271955,7.620753159879112e-06,0.0,0.0003694284915286818,0.0010786600923156063,1.392031526480619e-07,0.00034828304254165603,0.0,4.1897362575334546e-07,0.0,0.0,0.0,0.0029974816624532873,0.0,3.6988439410574913e-07,0.0,0.0,0.0,0.0,0.00015272228486786583,0.0004855896692177816,0.0,0.0,0.0,0.00028761888643539694,0.0,0.0,0.0010546209875315505,6.666467411245046e-05,0.0,0.0,0.00016697728452878628,2.9509950955577103e-05,0.0,0.001272260611777081,7.50118941268523e-05,0.0,1.3969300707701525e-05,2.9426529162025822e-05,0.0,2.9465618750838827e-06,0.0,5.7592541330661935e-06,1.3290671537889524e-06,0.0,0.0,0.0013034995848819671,0.0,0.00020316192195100907,3.216566582738691e-05,0.0,0.0,1.452624421867611e-05,0.0009280743463021251,0.00021759717850778848,2.2464541073642347e-08,0.0,0.0,3.594710189662919e-11,2.4483974684563673e-05,0.0,3.493509912633304e-09,0.0,0.00033573907390289844,0.013338825682495208,0.0,0.00012194524687994387,0.17949387726387878,0.2764800030145801,0.017778541056584673,0.09602222420705346,0.08429107479769092,0.04647485536801546,0.03948428865571161,1.0,0.06803533947983625,0.07452307559487152,0.10336848585395922,0.06352853862282318,0.0002508728717216321,0.0005727669681152986,0.0005671224990637137,0.0010588061436254451,0.00020804348705905524,8.985967673053592e-05,0.0062354402804960804,0.0,0.00011362711749202096,3.573832990645269e-05,0.001187575837626696,1.8239629590629552e-05,0.005235642684994351,6.650868749253918e-05,0.0001292901694727972,0.00020362822281169568,3.3218422940785404e-09,0.00012355550854690686,0.025626127900801005,0.003108240130795845,0.00010261304596001864,0.00032089895290184984,0.004804680600496633,0.00024944450713247054,0.0006180720575460042,0.0002666654837616574,0.0,1.013071336660177e-06,0.0,0.0,1.1405626067651843e-05
MAN_09_678b1,0.002563508947658242,0.0047795420913631734,0.012675747220111524,0.0016823581748431164,0.003857943523442318,0.0026288014624736597,0.002483621232535626,0.004124890474788601,0.002596928724943663,0.0073547877445544,0.0012475183258715303,0.0041489538075933615,0.0024715726541804316,0.0041129580416300136,0.0037108626373368527,9.17187791289177e-05,5.4138317084588874e-05,0.0007934139078165239,0.004848159992785476,0.0014214558898658955,0.0017786491885567488,1.1088507363517374e-05,1.078526313992377e-05,0.0009627975269169431,0.00011451412219756337,5.9109167120508444e-05,0.00793257575442558,0.00016724311169237125,0.001591195205386633,0.007517820719872561,0.00832397391064741,0.00045860281637362594,6.682973828735079e-05,0.005865534227456678,0.004942729106925046,0.0020467209679837953,0.007668654266660578,0.002871167433274583,0.019446610525575732,0.0019867148304314134,0.006322676040389998,4.496660084856813e-11,0.03945468782595438,0.03405519082118569,0.0020267984999154114,0.014398363108951187,0.0025135237633597423,0.002107009255397467,0.002336055197231203,0.0013645885356991345,0.0026479278648348227,0.010768686894701137,0.008040758492070766,0.003215390873078094,0.006064418022058756,0.012659888942107162,0.02344560629722234,0.011378249346622382,0.0013185531052090295,0.004757075486287648,0.0004987354744078736,0.002617207621770731,0.005907565850301916,0.00011631857272041654,1.8772560374136436e-05,0.0010489250375407737,0.006432238483784297,0.00039116518692309973,0.0016994485504931557,7.919388236283915e-05,0.011740544061797887,0.006432238483784297,0.0037780093544447623,0.14235055831702045,0.3579150238693352,0.08384528396055038,0.20448301516136633,0.27125741224206684,0.09255238581575403,0.09572522680333659,0.06803533947983625,1.0,0.21148950231664904,0.08212843853531093,0.1311243522218898,0.0004049665445277808,0.00031462743165741613,0.006945739638061899,0.004668847117947143,0.0011070295379292175,0.0017218328974882191,0.001707689507915201,0.002465246462785409,0.020355107752611727,0.026836088282638722,0.004051468333702964,0.00042639291907174795,0.004413558779818204,0.003246957129971717,0.04925897396589156,0.008031970078216422,0.00022331203823604742,0.0003618170709691947,0.02667869694811252,0.009563333126107722,1.733551607880372e-05,0.0005325898059454452,0.014090573947397784,0.008993072984788053,0.00213576654375057,0.0007480941800297644,0.015541575750993967,0.00028149062286858317,0.0023289318681241804,2.2742003860832972e-05,0.0009053186997358231
MAN_10_b0685,0.004869530210082629,0.011166143202330975,0.018991265979656047,0.0015959279762688793,0.004449746647744632,0.006958916662288864,0.02095297360784814,0.005032247774023616,0.0008224212673399894,0.0170423036025286,0.006399941210329299,0.0028349314879487493,0.00575266105409712,0.0023195882401240687,0.009545265959832013,0.000433680006795867,0.005853201839809902,0.0027776234821342122,0.12255739361005605,0.005428827123622165,0.040827694578647655,0.003696300784275629,0.00018026698395966334,0.0028964436761515482,0.002656949436784945,0.001491289218103414,0.006482532039299297,0.0027155692287113686,0.00694885163937569,0.0207959635763397,0.004552483395643233,1.2729971090009137e-05,0.00011738276435128616,0.005993044651269376,0.01021629337021009,0.0006559458850960491,0.007045115045748053,0.007878970547039442,0.0014899195530568938,2.3443919773692894e-06,0.004998804946620559,0.002308751243408509,0.0001708704502528706,0.0022129093165429007,0.00910830962004215,0.005097016561914599,0.004903256402587201,0.00362659461622084,0.05640709071316319,0.0012981469676693772,0.007788318195365086,0.00492208155796561,0.0032630987021060615,0.0006269460038046731,0.0042722615599734845,0.00746835031554354,0.12465136922608328,0.01326519157773931,0.0005281657342732009,0.0007263202294089931,0.0012324317370924417,0.0036320929491780083,0.026271214866162833,0.0008162883307886178,0.00030964703463625304,0.012059711428708762,0.01277187851452096,0.0009648336377787914,0.006978370607056233,0.00148109408934099,0.1336386911874065,0.01277187851452096,0.018380495675145946,0.12747271857308506,0.20080896052445418,0.11473336237752745,0.17196845745959566,0.1513220695546652,0.10800401075885495,0.10637034840566566,0.07452307559487152,0.21148950231664904,1.0,0.20970149601585075,0.12506536788424774,0.009431296899881167,0.007912770244766677,0.0049677644963826584,0.002008758838129825,0.009293642785639098,0.0015723721968567252,3.432009477952378e-05,0.0013946660658608124,0.031099095523899653,0.001643075601854728,0.002112453769204771,0.00041091404920124807,0.004317547171759995,0.00045562435250349776,0.007324161884773983,0.015633875321415875,0.011702464566532237,0.012278754579412656,0.054265829940972225,0.08262476428003991,1.514415873096699e-05,0.0024451641326742875,0.2500122909868982,0.019765796054932103,0.0035292675758736547,0.012432358891890965,0.03617819695324885,0.009212765494762326,0.0027702277396072185,0.0037885680701325738,0.01667497560913493
MAN_11_d7e72,0.001589053904845207,0.0011857119007916592,0.003149287622029373,0.0009506133287620655,0.007440258055441763,0.00016412427834614185,0.005157752064269889,0.001334354825671484,0.00013665888367934333,0.0013679262984359914,0.005738549975385583,0.00011550027704155813,0.0005910928136416278,1.1475897400069717e-05,0.00021699999045649238,6.278139963277073e-05,0.0012646378551485823,0.0004420242813208126,0.04080013853376725,0.000711370191670749,0.001384874499454014,0.001116674940976601,5.742150961774028e-05,0.0004147109886493124,2.5625273067933116e-05,0.0004117764756929368,0.0022052600268622183,0.0004674996969560232,0.0032724821266285112,0.0020889985815000533,0.0072304074332765695,0.0,0.0002653453050865839,0.018769895486292446,0.004615702753842582,8.477822132976899e-06,4.550597555602885e-09,0.001254720619915549,0.0006582515731860164,2.9061611206586433e-05,0.0014973940558725273,0.00024717619298601025,0.00012243839852103474,0.0005517543892096154,0.00213490665239608,0.0015925262645751436,0.00376611531389039,0.0005902896654479114,0.0017777384713103675,0.0024969099507021883,0.002552876162800581,0.0001814232369498973,0.003436368112942709,0.00021166295989997512,0.0022118649157071976,0.00284712332366208,0.005922748588706689,0.0019703133747345767,0.0007205058795548545,0.00039995841050124385,0.00019613606996717398,0.00025218603494286376,0.0013588482706066093,0.00026428935920402125,0.00010188540010783994,0.0002678451223726081,0.0009878622000758436,0.0,0.005370878811323365,0.0011739701495391713,0.027014055067591983,0.0009878622000758436,0.003599051787827516,0.08386066527136213,0.09763349881683793,0.038759633848460665,0.06176949649639123,0.07773266913653362,0.03434733310862266,0.07712363147842796,0.10336848585395922,0.08212843853531093,0.20970149601585075,1.0,0.037153560271383994,0.00029631929103852934,0.0011798163131994568,0.00418077673970288,3.963134355293281e-06,0.0013248371661239555,0.00017809995929529457,0.0027923267828054788,5.3741589169914036e-06,0.0022798452862009882,0.00017658278365840615,0.00015494879335165024,0.0023210298787388,0.0010488253568599483,0.0005722097170941141,0.001551792020532802,0.0031757009992484987,0.00011261788842351914,0.00081363300100717,0.014301861180936666,0.02216873565461161,0.0,0.0004301621891203269,0.03867981831918292,0.00012559603763406813,0.00046806540190368436,0.003003980647848993,0.003933304751212968,0.00029093979545994546,0.000589826738567373,0.0005066852294147566,0.0004788973952910106
MAN_12_da3b4,0.0003184870040324279,0.03223978266837056,0.006833043985077933,0.0002908220431495006,0.013409945920830082,0.001123960142742219,0.007084854702474163,0.017147830399537677,0.000755211898275403,0.01694736655221483,3.5801031781673374e-05,0.0010365980801066359,0.0019996089953544355,0.0002369803023468737,0.007049045493390559,0.00033177448898424774,0.0008558790430573707,0.02225136001433997,0.006417314306585082,0.02731594732508984,0.006592639292152545,0.00054786973324155,0.015410695322785868,0.009708260582041828,0.005517385780035857,0.00019227370353409968,0.008009157334738247,0.0031653431200449472,0.021949946559087354,0.020003227198921905,0.0795758272900119,3.2600862747918626e-06,0.0009069227729410795,0.04173719898375066,0.04176758615614194,6.786481435202422e-05,0.03264450215385577,0.09895939699818397,0.017511491914515436,0.0006110046543549297,0.13266057374667986,0.010373110984617708,0.004784901930321413,0.0018139394606573936,0.0056948553741217834,0.002991485784560509,0.0003008437006152517,0.010566117463579754,0.0006953165023113025,0.008353231412220887,0.003342554315750746,0.00024627652554679225,0.010499923438459265,0.0,0.0030910312878705284,0.029847984821962024,0.009352336135715638,0.009251592714699506,0.0006263541381063192,0.002131217672191876,0.006168440448304008,0.014949036426126761,0.018169195367730193,0.016289833946656156,0.01320565058419116,0.0010318854494128203,0.009797418996950304,0.007961379852917502,0.0011654777581443035,0.03553135343447488,0.039782070201163276,0.009797418996950304,0.02993849328950202,0.07323964420112228,0.3524981700837075,0.027152854815385558,0.4751270283450101,0.24462423053248988,0.1906932413265697,0.14959937694634565,0.06352853862282318,0.1311243522218898,0.12506536788424774,0.037153560271383994,1.0,0.02555964765051455,0.006843654319938238,0.007808943111094672,0.034547679411855735,0.003753378144319305,0.03800499724401484,0.021231222723612882,0.0035977795014741167,0.03313858164847849,0.007178933000415584,0.019066232305702015,0.025143775751080698,0.11958799439460595,0.0027059292249697166,0.0034545364497383275,0.03489872036921555,4.909297120449245e-06,0.02998063205086178,0.027248776541316744,0.010832292345747977,5.553118969809001e-05,0.00014465392384371812,0.01721916628485094,0.005525245199315184,0.02283594653626495,0.00036050486051041633,0.005896084956463394,0.0014710588611014975,0.002571914888743999,0.0075506353005857455,0.010918890729625636
SMA_01_0592f,0.00035468351622198715,0.010503387784267196,0.010361837448296518,0.0015898429659922735,0.000989356358081077,0.00044162907160954937,0.0030136739781325634,0.003095381647997209,0.0006639550385022748,0.006030195132390644,2.9489100653586905e-07,0.00041113942965574705,0.0010428266443326096,7.548137358211996e-06,0.0023528719331030942,0.023125305415585877,0.016209978156744683,0.08686639906881463,0.01758022914279521,0.09929831558160375,0.1530046801648386,0.019207931379974407,0.08412497590090495,0.0889011837306265,0.04866890158826711,0.024433861921367196,0.03519719658017046,0.047792964262951786,0.048754929142496344,0.07636267482478545,0.035756375876296424,0.001084215850614341,8.763333527890954e-05,0.012955947482299076,0.02032868457801369,0.004876489284844752,0.010780271029313799,0.06323407867835955,0.0011891506801185816,0.0018660183497703,0.05746125418229489,0.028278830673117327,0.0011572668686933567,0.019719465682976348,0.006803140448151475,0.004681601124165158,0.009780554588223127,0.006544410633380724,0.011622854819894505,0.05690811064819824,0.003394112909652789,0.00010691840253733691,0.003493118816600886,0.0008598375532504662,1.1144886930307337e-05,0.027671039511443903,0.026569181325594347,0.02779054865999416,0.036699546090826325,0.0002943027832641629,0.02646374495060442,0.011363854352788442,0.0283150120159523,0.022551009691336978,0.020166531636458738,0.0007648694263206933,0.013731080886375712,0.01638939602423572,0.008162483821128835,0.007056351593356223,0.021528096887912216,0.013731080886375712,0.047332251227894875,0.004069618427612996,0.008948034878884337,0.009443211164644087,0.007708791139289902,0.004155767617926386,0.0047840489607734885,0.03809951012269011,0.0002508728717216321,0.0004049665445277808,0.009431296899881167,0.00029631929103852934,0.02555964765051455,1.0,0.1842372093075421,0.20058939845565374,0.17122821229493873,0.22774504721000388,0.14532583269590904,0.06727014666329283,0.13769620001883087,0.25109827091237014,0.150526113402803,0.13458220154228046,0.13671444539929,0.14983815651430873,0.0717885549162105,0.004831971548404136,0.04134342043959003,0.0020668344908894042,0.040286554434078636,0.009323125006710519,0.0034145887005431045,0.007290487728142893,0.0012120826257379558,0.01720512403694513,0.0014909624756299803,0.0030003300910275755,0.0034627768428146795,0.016564752479700986,0.008392559639835647,0.0004745521653614236,0.01596794055390305,0.050194566641588105
SMA_02_1b70d,0.00010057534903094392,0.009489894499213655,0.005669631144946254,0.0007469983757975765,0.0009209013621809227,0.0021218528954630865,0.006668003571374417,0.0007660649710043953,1.4775348267302346e-07,0.00834969835206485,0.0020318257449931662,4.574257290480079e-06,0.0003867954901083781,6.75360061021383e-05,0.005657194616348098,0.0031450327453118997,0.003008450185761508,0.010766899420884279,0.0046647224096724475,0.015384731609866439,0.024486537909480615,0.0026815062752097818,0.024147854149307743,0.01927886344248409,0.02783329145712876,0.02038415564616442,0.006694784810143088,0.006872965314854196,0.03306226418020833,0.09714325840474877,0.012679937491885994,7.586107736495557e-05,8.119867854917445e-05,0.003021870445329617,0.008293487958952463,0.0016231137050396218,0.013791325932037843,0.0364596076027508,0.0005243799402984996,0.003389277098523389,0.032824499971439505,0.036732336427442426,0.0030176153918396002,0.04211009080854494,0.035322193786829714,0.0013849567020036016,0.015328223887708142,0.011632555577964257,0.019475318432129223,0.04721141160026038,0.0010463980536234527,0.00030679950217320505,0.03527937960979453,0.0017505768805273904,3.281106475036433e-05,0.011980425675567258,0.027378014035503634,0.014627227306504228,0.027695846875167962,0.0,0.004153591008033439,0.002946734611834889,0.010709900211833774,0.0031329572386023944,0.01647771187176035,0.0011009994285744488,0.0024328198440194578,0.012658092117016406,0.006160757367547693,0.0009101886619986826,0.012460631797811247,0.0024328198440194578,0.019902609019455175,0.00257246206110785,0.003038589277018452,0.014013894649413983,0.005739220588819724,0.0079995622714726,0.0013847723062254608,0.004992675340512163,0.0005727669681152986,0.00031462743165741613,0.007912770244766677,0.0011798163131994568,0.006843654319938238,0.1842372093075421,1.0,0.19026140212034612,0.10839895472354069,0.3550899059040908,0.11507713022296713,0.08180075050769113,0.12912573659810064,0.1915333887959369,0.23679245192393822,0.11527150516625437,0.10986000833555461,0.10755441152176466,0.14675024860299715,0.007560880559623797,0.007408688451571596,0.0028457442102980284,0.032370355750142764,0.003071040391477918,0.006155837058924748,0.017244277777970784,0.007868114456309623,0.012383233117595356,0.005414247410066291,0.018077306145371216,0.04158692223528051,0.01699715496157325,0.039273674510673394,0.0004255091842268959,0.013615746097200536,0.06309122871976566
SMA_03_20b1e,0.0013823078632624628,0.01093540928576348,0.0061635701492698085,0.00653146870780662,0.0013169046364080092,0.0012320289099836252,0.006741693535959019,0.0002627708485946463,7.647702129583386e-05,0.008279421832643871,0.00022856680359466686,0.00013946411133380606,0.0012120277416162845,0.00041488602925767826,0.0005753805035387558,0.004521042459249173,0.0018474552969571594,0.009065304830354249,0.0034244348870795197,0.007361728371651893,0.011202334596171228,0.004518627684122338,0.01239963548008637,0.014141677762779487,0.005985236785810284,0.005663277093577733,0.006054991775184776,0.004163500492734108,0.03240193176162509,0.12134574796098285,0.006632806268111014,0.0007584254563068023,0.0011415780521554673,0.007762835278762387,0.0064429870620021385,0.0038911989652206103,0.001427434495426269,0.04284117488868408,0.00047223002411928445,0.0009508674806417793,0.03415649655384663,0.008140821014052228,0.007026770407403501,0.03462708192223396,0.0020430680956795445,0.002244504776620906,0.005815487245146122,0.001928411162439666,0.007561968973831615,0.024734579812471156,0.00024008894400384903,0.0006992365997884281,0.010151469495576266,0.0019674566448959737,0.0,0.024942228227496224,0.013261534535357056,0.009734430127932207,0.026066853899450494,0.0008400582359707777,0.00879237056293987,0.006284289937611982,0.010910901585265961,0.0018267969778637645,0.006693806690435359,0.0002936631987773663,0.005432821510697762,0.003882764556620605,0.007932710889134765,0.002816461214212126,0.01934034411902443,0.005432821510697762,0.038049098613110295,0.008461543356596248,0.007575286386160578,0.008879579184176015,0.0030144500456053642,0.0007502491388144961,0.000244666267723472,0.009142651716100618,0.0005671224990637137,0.006945739638061899,0.0049677644963826584,0.00418077673970288,0.007808943111094672,0.20058939845565374,0.19026140212034612,1.0,0.07551140660542131,0.27473528591568286,0.15678672711126718,0.08597580762522129,0.1248541445965235,0.21774664651968512,0.23450484269311964,0.20632798814675096,0.10663981799493172,0.08371422522871028,0.16211824095205948,0.004247244956701098,0.00032384980291324335,0.004134570020551884,0.015072448530810889,0.002511669750513413,0.002121247660366893,0.0030728844092573677,0.0036072721817432267,0.002699215960094164,0.0006428891557456504,0.0002893043213669871,0.005723020135571866,0.004802746096306538,0.002029385605689229,9.26961372050158e-05,0.01472617404587283,0.017910292874360176
SMA_04_28b4e,1.7307460152431193e-07,0.011368265597391099,0.002162941550301235,4.5077339759693895e-07,0.00029700093068785107,0.0005328929846461702,0.001058821004271119,0.0009397310210826928,0.0003016311692373298,0.007326960930938995,0.0,0.004366045707175756,0.0,0.00012949235972656016,0.0004653273307299423,0.01270191506551076,0.0028302884831195424,0.029735410629651692,0.0009687043759841954,0.0444012813779411,0.010307192817064497,0.0008719788498346177,0.050549328105789104,0.04799856085635596,0.005740384255746958,0.007263789165026464,0.04089330664000956,0.009981787883034396,0.020255344865857266,0.06430299000928899,0.051253001188115356,0.001971662643835529,0.0005386444827683158,0.007584152634307681,0.01829298421828557,0.009012682285453362,0.04731140695546198,0.034822926234973156,0.04200883767422347,0.0011374988572406914,0.04594394436866878,0.003967663439643948,0.014047659972710463,0.031133697139785817,0.001256895655922571,0.0004248681542202435,0.0020002533187655383,0.0017360283352861271,0.000994107889496569,0.024883108578684233,0.0017784523213115807,0.0016567978378509566,0.006857373164305337,1.5133762984835033e-05,0.0,0.014167773247851905,0.005351302790686725,0.008063293229080318,0.015000595271286533,0.002595611380926911,0.015894351655775123,0.019115369026953766,0.04135607863082311,0.03253228597223614,0.015925186118257013,0.0005366888888254972,0.019869783157355245,0.05223368249157499,0.008613672648988387,0.013987832803698532,0.018297577916622548,0.019869783157355245,0.046637375914637055,0.001625085277034802,0.020509545321690796,0.008816677119286,0.021599066554164922,0.0095528636322969,0.015623144878854316,0.0497346736317169,0.0010588061436254451,0.004668847117947143,0.002008758838129825,3.963134355293281e-06,0.034547679411855735,0.17122821229493873,0.10839895472354069,0.07551140660542131,1.0,0.1269878593290295,0.0858207218630654,0.028114932803940274,0.13485921954455415,0.12621407755596903,0.1902017241230135,0.07815036275149458,0.04948234239467772,0.11457573942486737,0.06351675295802424,0.02855686516221373,0.029091065094477963,0.00312855643435452,0.016318312945594268,0.02727454606546222,0.002101973127206728,0.06056720534706201,0.010722520291539809,0.00613753061576269,0.009714479025701356,0.016257084493559573,0.01398193728133073,0.019125751268359446,0.0041694917262528036,0.005953885168535021,0.009992950014228046,0.027744244205836186
SMA_05_29f8e,0.0044016567651996115,0.016032079149142515,0.0070737394592253495,0.004167305695903071,2.211473391180474e-05,0.0036323971665073373,0.00922649288109663,0.00014727373531395023,0.00034859471259612537,0.012857794398687318,0.0035013791959800132,0.0005687461322511037,0.0004435741961944904,0.0013926492148651805,0.004912117819187187,0.0038859768573978244,0.001969571539182106,0.010327175442066475,0.004531709029777769,0.007832537835347753,0.013657204176253664,0.012300266238960049,0.0125273343739365,0.01404694166195166,0.009530910610709781,0.009581907077603579,0.004239183880029906,0.0038134313890496,0.026548488615223093,0.15517505379801894,0.004481070393135184,0.001406210979696306,8.859820322566489e-05,0.0018097139797159652,0.006109556382919602,0.00835759758964444,0.011657175823837358,0.07147803641868243,0.002810363876914188,0.012962813950689878,0.05153463463106917,0.030243476459303125,0.012191177967294485,0.06715914729003467,0.016162299918891808,0.0016935323197810983,0.018648098641943278,0.00363083400809043,0.011432955917875064,0.025117326912320145,0.00040451256484848563,0.0021919810948653556,0.011303441495397675,0.00886103636501703,3.0169059825876657e-06,0.029598064114131618,0.023895107438403014,0.01827831436581274,0.05627443201392543,0.00034129590998899456,0.0029527184062365717,0.006316814393375252,0.01729853252925837,0.0017918565871099794,0.006116784169050822,0.0011294200631844949,0.009469550699628217,0.003460448576790785,0.02017047984518584,0.0011107709167908822,0.011534777265798822,0.009469550699628217,0.03270934752947241,0.008108755969301612,0.002591051410870233,0.0741957164941987,0.00525958527981605,0.001148980857956662,0.0008100305673472712,0.005878134357503828,0.00020804348705905524,0.0011070295379292175,0.009293642785639098,0.0013248371661239555,0.003753378144319305,0.22774504721000388,0.3550899059040908,0.27473528591568286,0.1269878593290295,1.0,0.23784154794823506,0.08201335133688718,0.272677408748598,0.3137926383562945,0.3440364163018091,0.22856493190586813,0.06643858763811415,0.12464619334004245,0.21846913213379915,0.011693507997372161,0.001624225297566771,0.00844951300942023,0.025657365645440217,0.0012792205562570764,0.01153803650786271,0.005775430764561691,0.011912117450560459,0.006124077507467831,0.0014528465305452783,0.0006959047038589727,0.03681841492162808,0.011387523910237049,0.005454401790589335,0.00018649198026036675,0.014690954183126282,0.030170737164025636
SMA_06_2df5b,0.0004876340325921527,0.019414081463540612,0.0015839095028533031,0.005771327675584034,3.347153933556986e-05,0.0005769021220393804,0.0036033999785779957,6.042639202458001e-05,0.0015509101816656835,0.007061898653067867,0.0,0.0005049767572007758,3.6854444381158516e-08,0.0,0.0008570724166223157,0.0,6.902009840621866e-06,0.005679182514402567,0.0007685978230607849,0.01761463484328039,0.0011098620974698413,0.0009392987684221383,0.010157741576513495,0.0024848085568613025,0.0020290560070552886,0.0020330135467114775,0.0003871829208422088,0.00022450479797025855,0.038166240655867774,0.10990242509970154,0.010938739666887617,0.0018558111829250724,0.004196821158371431,0.005123159664325618,0.029144020464082696,0.00857158889194813,0.011456303281433771,0.29099216619491053,0.00955407931185257,0.019481532058797227,0.08081081877414387,0.03774494737457649,0.029658451209921104,0.029402930120747205,0.003602370380501115,0.0022355352417645666,0.0034591355516135646,0.002000134094308461,0.0019554505034958245,0.030897763612530202,0.0009127403808285452,0.0,0.0031050611876572987,0.0003275955978000747,0.0,0.06190861008810245,0.008270577339346349,0.016828710438189842,0.043696545549705985,0.0006001295024938897,0.0058957756572687505,0.002867690273951897,0.009423157529116363,0.0058025206716466535,0.014562661278633537,0.00011816943615837079,0.004062721576286405,0.003930387053420948,0.0019965822451716814,0.019623379444827626,0.008986463010270436,0.004062721576286405,0.02024980468118033,0.003611374441338496,0.00407447914662988,0.05357248221831104,0.005709528789013008,0.0006246643993757846,0.003078163585138109,0.008142782194969533,8.985967673053592e-05,0.0017218328974882191,0.0015723721968567252,0.00017809995929529457,0.03800499724401484,0.14532583269590904,0.11507713022296713,0.15678672711126718,0.0858207218630654,0.23784154794823506,1.0,0.11665747196238191,0.28661745945589145,0.17019689208431682,0.2067245903270014,0.5626577257995291,0.0709082315743259,0.17693449590374122,0.23793889631002968,0.002406932656930085,0.0004221776255092992,0.00015155429124821002,0.05404026407576122,0.0003532822704412314,2.0046055132027294e-05,0.0004570944595141906,0.0122109467855326,0.0005456363049061,0.00036918825744257524,8.255439718547525e-05,0.000784143362346749,0.010228514295756105,0.0028587881423684115,0.00047324244751411075,0.010665496008916024,0.020441572307989635
SMA_07_57127,6.7206951372598396e-06,0.007774036411800529,0.0005681743193135296,0.0024156592478302994,0.00016644809875286594,0.00014491079546041983,0.002251104828140851,0.0011280921837381885,0.0007890558116760354,0.0009859124796091298,0.00011590405501477485,0.0,7.822180236326998e-05,0.0,5.153295077483594e-05,9.292062032521655e-06,1.8043948724053867e-05,0.0036218861782790187,2.11058787286351e-06,0.005815290637930225,5.7620549215958364e-05,3.8650983071341113e-10,0.0010381006402498383,5.802054319125912e-05,0.00032121671058574946,0.0001239022717289656,6.489559521999338e-06,4.1836174204945564e-06,0.010489226508317498,0.02195486729325604,0.003623657692491185,0.0,3.431008708602225e-05,0.0019965255405166365,0.022353155127742445,0.00016456367253505526,0.0009930467266442062,0.03778445785851718,9.67884173680298e-05,0.015263887138618265,0.033607240053810494,0.006543272059402835,0.0007594520255012609,0.02476982926546181,0.0016804188878564838,0.00019022354743361165,0.000638969191798609,0.00045257975368111425,0.0002047126135841155,0.03622770599201687,1.3743840449809934e-07,0.0,0.018079375411517596,0.0,0.0001920087467552911,0.019703807871824942,0.000802182813463063,0.005597578757856176,0.01613657180608471,0.0003572908916852573,0.005780054102896735,0.000899437730270318,0.0020619437194492407,0.0014553343844015084,0.006984530078859289,2.313852680559245e-06,0.0007347034595844657,0.003946159776261855,0.0003110880568116749,0.0016023565755654344,0.003496433765272531,0.0007347034595844657,0.013404708346681823,0.027776819202873372,0.006902982207284877,0.007688621653511307,0.007869904245660994,0.006485267800799842,0.012156411731928767,0.012195355501316065,0.0062354402804960804,0.001707689507915201,3.432009477952378e-05,0.0027923267828054788,0.021231222723612882,0.06727014666329283,0.08180075050769113,0.08597580762522129,0.028114932803940274,0.08201335133688718,0.11665747196238191,1.0,0.07573361351318746,0.05585886277883375,0.10024915662564685,0.1131311634319193,0.05754724818049967,0.08712812849534404,0.1742424272908906,0.001082648365319986,3.1545385927260835e-05,0.0,0.01006232267582408,7.516274831081983e-05,0.0,8.407877502601773e-05,2.199239277634673e-05,0.0,0.0,0.0011642266381550388,0.0003501505222361392,0.0004678304442860201,1.255587661059997e-05,0.0005872423311654726,0.0033458973283501956,0.005395374643827791
SMA_08_6d7ad,0.0032953600053972796,0.006550881741860883,0.003521853226036021,0.008486330158961613,1.8846165279418172e-05,0.0036514699175121106,0.002418873511792159,0.0001415664458180149,0.007324950941281303,0.0033198044615174145,4.587988568747457e-05,0.0027854040511273953,0.00013252638612851718,0.0004242923837560653,0.0015393026309557043,7.534537987342086e-05,0.0016367495613963687,0.0034854181197137186,0.0005740974472439616,0.017392998710729964,0.004068533729575761,0.0010581394152655917,0.0028976319555039445,0.003008282498134141,0.002545681758119802,0.014897227769036405,0.0004405307775688196,0.000438219973744372,0.013006199700258176,0.08880348295765972,0.0016756213371897561,0.004979221405972745,0.00020850276345647122,0.0032692709190416474,0.023114203831919925,0.041175324835379286,0.01273577253125408,0.07512784929987097,0.010365883418489966,0.017835948572772528,0.028828309393001617,0.014394087987238624,0.03609536551863645,0.08709460626151624,0.0007716686771394136,0.0008983368512007279,0.01625949442055895,0.0001020481459165276,0.0040655130871065474,0.046968091749077234,1.3106318287760734e-05,4.8159712654448215e-05,0.006167899177316663,0.0020274200066822054,0.0,0.05819367744271074,0.01660646696629073,0.027273363324525648,0.06344262780682555,0.0006172472399347019,0.019046139563335836,0.0033995758748452207,0.013489038099152096,0.006842932443576688,0.017565652921473527,2.58180118279924e-05,0.006012162409296149,0.004019550869614674,0.005116488100498517,0.006984438607396013,0.008525813528578004,0.006012162409296149,0.014573071224310325,0.0031334205195564123,0.002966607480927786,0.07870043815889273,0.00245472464587192,0.0006692671376769167,0.0007004882684597825,0.009392867644905689,0.0,0.002465246462785409,0.0013946660658608124,5.3741589169914036e-06,0.0035977795014741167,0.13769620001883087,0.12912573659810064,0.1248541445965235,0.13485921954455415,0.272677408748598,0.28661745945589145,0.07573361351318746,1.0,0.15586929459583396,0.29638852087139167,0.329393302418963,0.03804600373229163,0.19526872368575793,0.17441295656480885,0.03361560196622705,0.0009498165883510582,0.004587964117017534,0.009452409250032311,0.0005357529725645733,0.002002198481711353,0.00768097581107221,0.0223958068455667,0.0006244579682869733,0.0068522433849622,3.707827225389787e-05,0.006917981172832264,0.02445271774239033,0.006274582399635384,0.0006064183338353939,0.005577612815138598,0.007269363874917481
SMA_09_87975,0.0026096724797002725,0.0707200012634172,0.020918907397688057,0.003324259320290415,0.017222409722914094,0.014779211617925773,0.02996161900713625,0.010382665025259953,0.0002859353536980717,0.05934339306210919,0.0009815155654244283,0.0028732738700891587,0.003564988814706265,0.006919967956614732,0.004401022848942845,0.005779115417515972,0.0020013123533762717,0.03432421171634983,0.01966188581492638,0.027860036164798048,0.026182836840728616,0.004378831030666564,0.03118026224942693,0.02571219012214607,0.012708672014274234,0.004725745714358159,0.014664584204945158,0.007673460256865595,0.0736995779015471,0.15306637898279946,0.028657872148369744,0.0018293875190430033,4.090625643292843e-06,0.024418025708675267,0.028970450749951075,0.008927549858641715,0.02626892359315449,0.07207414056337968,0.009490920468992057,0.002856357599269459,0.062320232866539246,0.01431833478846987,0.01502853157629772,0.09665925644294183,0.04140147263272613,0.054570398002231894,0.02692172093610191,0.016145182882775985,0.029949873586803722,0.050278703972776166,0.012000912706858501,0.030813660835401702,0.021532359258059183,0.003997292460455233,0.016996847618866575,0.05783384586854326,0.12648318862118188,0.09057019315434259,0.03868127039098655,0.0021594682841315814,0.00786124079347604,0.01162407514835672,0.03584152600798867,0.007917649269733295,0.011886319830258046,0.0003533224845312363,0.010941066048349768,0.01824827932485089,0.005437873926586933,0.0019290650386434335,0.03912409860086546,0.010941066048349768,0.03593315853551339,0.01524057264067359,0.020995826095659854,0.04861871995820635,0.01982811060402336,0.025995595993200765,0.01699144608461049,0.035372113561295125,0.00011362711749202096,0.020355107752611727,0.031099095523899653,0.0022798452862009882,0.03313858164847849,0.25109827091237014,0.1915333887959369,0.21774664651968512,0.12621407755596903,0.3137926383562945,0.17019689208431682,0.05585886277883375,0.15586929459583396,1.0,0.3055597638955893,0.15675397410307962,0.19391301153703863,0.13205391796033392,0.11401163641388933,0.024801066866173123,0.011664347938736991,0.006069723838803556,0.024672833586613048,0.01242050163936443,0.002107805786974417,0.0031181639808809335,0.0027402017603393117,0.021207224792216095,0.0018697230225129214,0.014073024738461665,0.011648380207702504,0.06623757013070442,0.003325171484770148,0.0016137249999675107,0.004599210377604027,0.04673194251506644
SMA_10_8b8dc,0.000683358351238995,0.017643328408695886,0.008201255135943606,0.0017272072516917912,0.0005149981427285114,0.004613284117745253,0.0012177262170893462,0.0019966276096687525,0.0011755289598800204,0.01741687312103649,0.0004421934325288728,0.0049120868166279905,0.0004581552749151668,0.003945882933821422,0.0010596088174860512,5.058644654097621e-05,9.477232783952877e-05,0.005852179760932341,3.597554506551156e-05,0.013812211863639063,0.004078339468881336,4.949355020050341e-05,0.008339700778919715,0.005768342217547681,0.0011267614730516274,0.0017274698265695337,0.0044202209407043875,0.00010085481874296193,0.014017210529813473,0.09171921553299969,0.010197505138863736,9.77069531277128e-06,0.00016568042070319166,0.0023236765253710962,0.005904223993332495,0.0038637348538717335,0.012297665222707739,0.03942953461269613,0.011851708319392001,0.003944927480356104,0.029222310069833717,0.007888065065824805,0.052402346264641825,0.42804217348395573,0.006373669930746242,0.02167072017973803,0.042679085562782056,0.004582268937890879,0.003389059231986166,0.07320549954386386,0.0007400992161388895,0.008107464152845044,0.03758860547038866,0.004615286371017842,8.204083010761209e-05,0.08990743327584526,0.025599512666023328,0.06448377113336638,0.04870616696466778,0.002806018093596132,0.010902371232900563,0.011003145012799928,0.02145021414332894,0.00741535015221075,0.010490203330095616,0.0002085996054785774,0.009180991736117063,0.010013272153204206,0.006847573963198403,0.0018533441352919585,0.011620845592972528,0.009180991736117063,0.029985395197607883,0.0052429246686111555,0.01196962482121429,0.024266693794700728,0.00401722326205381,0.0059972049318136305,0.0025001826993042513,0.01556274385996783,3.573832990645269e-05,0.026836088282638722,0.001643075601854728,0.00017658278365840615,0.007178933000415584,0.150526113402803,0.23679245192393822,0.23450484269311964,0.1902017241230135,0.3440364163018091,0.2067245903270014,0.10024915662564685,0.29638852087139167,0.3055597638955893,1.0,0.21063572635121008,0.10325580800297696,0.1376990609248213,0.2331124719278154,0.10288488975933,0.0008927447939175572,0.00030352508264735713,0.007716176128158112,0.003884584790243719,3.562715056456178e-06,0.005767663586571325,0.0029309040316058766,0.00046014006573528174,0.0017354420852767846,0.003339093687405789,0.004774926502748765,0.024950594280917403,0.002224069040139763,0.0024580548828712287,0.0031383318060689627,0.015041243335421846
SMA_11_a504b,0.0008967795036207612,0.018986747789080664,0.0018094245489702113,0.014805988336949587,4.962846398959333e-06,0.0008631013129800062,0.004423337702935108,0.00011270506462173056,0.0030995840318730674,0.006434991009595925,3.7529147035938846e-07,0.000726047188642347,2.8996923153367e-05,1.1341526600007478e-06,0.0007573121555927619,3.1205615372254316e-07,3.854589341497304e-05,0.005233637279620497,0.0007553720635499536,0.01795186964379622,0.0011428461240164211,0.00029413429836572404,0.003403438230732609,0.0012860155125235403,0.0006484621307677904,0.0017914134443409722,8.434020769170641e-05,0.00030438922869789164,0.034187697775985446,0.10162435441844127,0.009142972272960407,0.0025604622652868865,0.005794567692342913,0.004350501740676488,0.025849358383973137,0.009513349949643937,0.008811351469452921,0.15721303565550704,0.014298342548420238,0.008535824831445363,0.08755539216994836,0.03290761211687293,0.022704977927881273,0.04321840160712305,0.0011205749710738078,0.001724415822454364,0.0031128467798814145,0.001792247035330344,0.0021715450493277155,0.035382384526833156,5.131139863198235e-05,1.0165979700483969e-05,0.005570024064157911,0.0005236512130784625,0.0,0.056645335924630044,0.009692075786328408,0.01326325777020913,0.06324043634952906,0.0029717346886573917,0.016285467877714607,0.005209257689560965,0.012807798170236223,0.004883928524453757,0.022625782231480932,0.00034644514732219933,0.007874376367715282,0.005295793409355271,0.003576510119466067,0.008531142956503849,0.01497839720839748,0.007874376367715282,0.023164588540724226,0.0136323621036794,0.008622541988440039,0.038211338942672986,0.0043538621730495755,0.0007885764666875374,0.0009363759721384834,0.005289081332065002,0.001187575837626696,0.004051468333702964,0.002112453769204771,0.00015494879335165024,0.019066232305702015,0.13458220154228046,0.11527150516625437,0.20632798814675096,0.07815036275149458,0.22856493190586813,0.5626577257995291,0.1131311634319193,0.329393302418963,0.15675397410307962,0.21063572635121008,1.0,0.0643482612490663,0.29174300599637076,0.14887300784794544,0.005095798586200813,0.0001975319498086138,0.0005408777960856707,0.023938346501473598,0.00023799932331747015,0.0005722245066965195,0.00040481093998163964,0.011545735137731328,0.0006558932389778351,4.637089568110294e-05,0.0,0.00033702774982135995,0.008396496283302024,0.0008168335265958018,5.052923598015036e-05,0.004232527138969081,0.009632923220393663
SMA_12_c6e00,0.0060759615314864394,0.04983519685366416,0.0028393716038359234,0.0002040084692679516,0.20047747242663294,0.018122632078291793,0.002307064920344821,0.013090678876395792,5.860218321448617e-07,0.01400898935313396,2.156580717302322e-06,9.64449575757478e-10,0.0008576275515535494,1.9772319733447885e-05,0.0003108106538137597,0.006972619378754936,0.0006578781887217238,0.03177381853657784,0.010358956611506678,0.03554764776330422,0.006571606659867661,0.0009951341609397324,0.03967971765347371,0.021725110714842413,0.020332627280403498,0.003431382402164378,0.00970537202520532,0.00913454646420924,0.06780211910420182,0.029809700811807918,0.051899705472124094,0.0025204157190136752,0.0,0.17771397563498295,0.016082087091661642,0.0020105414466651235,0.002652670805441032,0.025583176662150785,0.0015293927377615438,0.00028623735978930686,0.01940775305061507,0.002300343419342625,0.00026505006557514733,0.01954413025327662,0.020790663242501742,0.04868077294545978,0.007065130842089794,0.016722767633229062,0.001750932734766332,0.04859980953595954,0.026458886135133152,0.0008979706460114351,0.021569831411837024,2.4407161089761276e-08,0.004798517450624949,0.011459756771869485,0.007763003531698646,0.02626922382134297,0.006209561026176342,0.0009232356760158499,0.017007051012121462,0.0066587590601586795,0.005757266490367001,0.01252805777103285,0.03625510211275519,0.0003256230416047746,0.0021961386135291375,0.030077287891428574,0.003273790852988048,0.0021318633069581663,0.011976194411228127,0.0021961386135291375,0.01639711579286929,0.0014565449106434612,0.0032733217211998004,0.00033510977263877815,0.0015121635348759473,0.024737388214089558,0.004588798555643187,0.012039317194790882,1.8239629590629552e-05,0.00042639291907174795,0.00041091404920124807,0.0023210298787388,0.025143775751080698,0.13671444539929,0.10986000833555461,0.10663981799493172,0.04948234239467772,0.06643858763811415,0.0709082315743259,0.05754724818049967,0.03804600373229163,0.19391301153703863,0.10325580800297696,0.0643482612490663,1.0,0.07938205941501468,0.04202617022801491,0.0019918907347469712,0.007951210361803344,3.2742206012671114e-06,0.004657073670327534,0.006928074857272198,0.0,7.482218162150836e-05,0.00018995693253949213,0.0005517471718017814,0.0,0.036760065413023124,0.00017952961191777534,0.002469089225517766,0.0005571609745715926,0.0001795614812142766,0.000301891817940057,0.01698217040941917
SMA_13_c9088,0.00023906534038465826,0.015987950559005554,0.0013867993364751591,0.00942676380949022,0.0009484229325493195,0.0010634661814808183,0.0030327334999942276,0.001421071622591894,0.0024359003932803982,0.001609492397938238,0.0,0.00018663560238923806,0.0,0.0,0.010190636745278913,4.6433932025190486e-05,0.003767924887529167,0.02098307712846597,0.003162298710838253,0.05457250756388075,0.006265443948396081,0.0003976971089353771,0.015258386295205194,0.011986727612549474,0.015317887442820687,0.006400989121906703,0.0023128643162267887,0.0026758741912881905,0.032333028805355386,0.07814934950484938,0.034243274279511335,0.0007340121062127231,0.010646974290406078,0.01634150462548738,0.03836132650646378,0.0039713977101684395,0.03337999012835338,0.10929756500737825,0.027924043183713183,0.00407930264768099,0.2957540132677501,0.09857656089269315,0.01338359025149029,0.031074203897134722,0.002577988482354307,0.0004769495805822613,0.0020111225883822858,0.0011666187998309325,0.0005017598787681106,0.043973759675640614,6.228164936605555e-05,0.0,0.0071145390344288535,1.5398614676899e-07,0.0,0.04320323056000352,0.005452213499373331,0.005907326269659356,0.029412913445426875,0.0032537921275779926,0.026215787670914713,0.005651910773902192,0.01907539673221803,0.019978241711559656,0.0279627052722366,0.0005938375567821244,0.00708955217890704,0.009992319538612954,0.002650454445877711,0.012349564181254888,0.01938296925597271,0.00708955217890704,0.0217865935804653,0.011458093556957209,0.06592440209657723,0.013629025578404654,0.14452116991851188,0.009406717537678523,0.012578078137642444,0.020793908237934814,0.005235642684994351,0.004413558779818204,0.004317547171759995,0.0010488253568599483,0.11958799439460595,0.14983815651430873,0.10755441152176466,0.08371422522871028,0.11457573942486737,0.12464619334004245,0.17693449590374122,0.08712812849534404,0.19526872368575793,0.13205391796033392,0.1376990609248213,0.29174300599637076,0.07938205941501468,1.0,0.07261832133572585,0.005656973207802264,0.0032970352718182192,9.453426966600335e-05,0.0034950951796387203,0.0010683790549148836,0.0012547663842702643,8.879380223420538e-05,0.0015180771556809226,0.0005511820037350271,0.0,0.0003898134350152595,0.00023264707341393202,0.0020210562971696234,0.00034050183834710793,0.0008461943259935268,0.001213286427394076,0.0026057224108628867
SMA_14_cdb07,0.0008126858438545514,0.005053507468979776,0.0012585999727804207,0.002301805129567079,0.0,0.000985804433888358,0.0023961228456923296,1.8789514937797867e-07,0.0002584424509107346,0.00180722959797623,0.0,0.0,5.762344591058683e-07,4.584316487884499e-06,0.00112453434605094,0.00010830804103339453,0.0009999381316546623,0.002204584511739805,2.32951583119604e-05,0.003856549364752863,0.0016055123665034282,0.001042385386174618,0.005056736083828662,0.0023141217145234826,0.005456984172986186,0.009198329505005334,0.0007613901483095385,0.0005482170101993197,0.01794556897304148,0.1567550138110055,0.010215097910346162,0.0013877335021150558,0.00802379006071463,0.0013836196483430253,0.00411653489267989,0.005040286092931022,0.0064411607547576214,0.14524547939546073,0.005573395992001594,0.030536563578911168,0.051397767825676295,0.047313675900335826,0.031038692705334332,0.03609419373110588,0.007560019546434934,6.799163142439173e-05,0.0013071965823743237,0.0001463550966162375,0.0008310686739005963,0.02399793926798904,5.7453617092238335e-06,0.0,0.012180885035708341,0.0005111750040548433,0.0,0.006069741688698338,0.0035380664205171787,0.0016671395026290258,0.021816038175277188,7.306974585638078e-08,0.0003024820494324092,0.00048623068193632104,0.001655641400950096,0.0003866540663773524,0.0011804173732382847,6.331349852971271e-06,0.0001404440407300681,0.0015716493556724674,0.00030347905162194543,6.451416912294376e-05,0.0006368649557542981,0.0001404440407300681,0.003160107175217847,0.0049033802649404296,0.0012608107915959806,0.04890891967464518,0.0031008158298901746,0.0025288168547141247,0.0001298813208007452,0.00025330972149139984,6.650868749253918e-05,0.003246957129971717,0.00045562435250349776,0.0005722097170941141,0.0027059292249697166,0.0717885549162105,0.14675024860299715,0.16211824095205948,0.06351675295802424,0.21846913213379915,0.23793889631002968,0.1742424272908906,0.17441295656480885,0.11401163641388933,0.2331124719278154,0.14887300784794544,0.04202617022801491,0.07261832133572585,1.0,0.0012898149895892404,5.685754254345904e-05,0.0013748900728734134,0.005151445172563795,0.00014295962925960388,0.0004651448154629976,0.0019154722067349647,0.025147244318152382,0.0004532388600329222,0.00042907791140282554,0.000690550170612681,0.004698440246452672,0.0044117980855071124,0.0032414592137882466,0.0006030935695058828,0.007377750397357736,0.006118566583003977
TRA_01_10265,2.0930131788289774e-06,0.0,0.0011155147769699237,0.0004955272693159718,0.0001928091223669192,0.0006650239203532761,0.0,0.00042105557980533226,0.002182475125833499,0.00012829238111553064,0.00027434704370411973,0.010759699213441129,0.0002906949063452122,0.0005522344881057458,2.977442067504621e-07,9.616552936435572e-05,0.0009093273986401716,0.002225147755834824,0.0019793736982981107,0.0048496968014208755,0.004283273691694454,0.0007926524976999538,0.00022852870337159784,0.0005237720397579661,2.650314553376336e-05,0.0032885855270896945,0.014923680724742436,0.0004214454559824813,0.0017972619421197948,0.0008557903906266523,0.0034557583908198576,7.836382981611164e-05,0.0,0.004555052708431441,0.00032425727040709867,0.0016603932346452594,0.009858738612456468,0.00012996342720127406,0.013593907797289057,0.0007965412481580771,0.00035156307537772505,2.0970251735975893e-05,0.026734486707110636,0.2815167366437008,0.0015507616438792113,0.025347578750357133,0.0345965062068904,0.0070731135017073135,0.008912060586448159,0.013560812826268955,0.001000539042024499,0.015094870456050258,0.009671484536415456,0.008871086124142757,0.0074614179291041536,0.08725491602653138,0.03148597541253235,0.04435141218041078,0.019054710739263906,0.013471293524972793,0.004360927099214491,0.005599991852376412,0.008043127078752162,0.0005795132967815956,0.005041174510293007,2.0360547129349962e-05,0.006257243326549647,0.002179966896950771,0.009050471959681934,0.0020604435385365356,0.008560404719347787,0.006257243326549647,0.00315256587582626,0.004613194921918962,0.033788775344351665,0.012103688840003742,0.007304871258866192,0.010007640961620242,0.002765377351758496,0.023295216652730457,0.0001292901694727972,0.04925897396589156,0.007324161884773983,0.001551792020532802,0.0034545364497383275,0.004831971548404136,0.007560880559623797,0.004247244956701098,0.02855686516221373,0.011693507997372161,0.002406932656930085,0.001082648365319986,0.03361560196622705,0.024801066866173123,0.10288488975933,0.005095798586200813,0.0019918907347469712,0.005656973207802264,0.0012898149895892404,1.0,0.0450023363732691,0.010997148528514562,0.004344490647191082,0.035295539096734184,0.04337172015458775,0.018174373984437962,0.013167365201974089,0.016040607522021435,0.033825680597720974,0.015006795509421675,0.03053167236891333,0.09720758617975661,0.01745273771598009,0.049052786243648526,0.0011057479513017503,0.008346512092184831
TRA_02_12fb4,0.0001679900171775391,0.00014080380135717658,0.004024285689984038,5.336090836771905e-07,0.007217403975799078,0.000309573382155113,0.000682332271164241,0.013478999158240416,0.00022910332946453796,0.000985347540924879,0.00034578403413421544,0.002879469069311035,0.002699826112745794,0.00030669051940715263,0.005748149880518164,0.05997120149962147,0.044674237839888706,0.0990019061349908,0.021354704481700997,0.08195544322061289,0.07867538487995072,0.03336794199055356,0.08107334076586929,0.1168519978163799,0.04060199532432834,0.03312074530433192,0.045825045288648295,0.10615327982854782,0.03134995219908608,0.0030323326435836295,0.0564936095915119,0.0006747147836790654,2.461957399908227e-07,0.029409148137811217,0.007668828109746029,0.0003758434393027219,0.007748948779326258,0.004953212189271383,0.0056170046400038105,9.7918358540024e-05,0.00804847605292413,0.0020750737390699044,0.0011877242347227452,0.0032267633756440247,0.02106890892063174,0.007135620496575106,0.00833342970652876,0.027174733118177058,0.022525042998446376,0.01835895880582893,0.007088601960040447,0.007817934367245021,0.01657466597886532,0.0012667489681581457,0.004015804540432981,0.015920251737420538,0.047469892598469156,0.0242484430686669,0.001548616092072736,0.00012223701478463806,0.02008269450510332,0.014069773011032904,0.02493926697072601,0.012388306441149034,0.008451427008127949,0.0012314720844485685,0.014987134672357573,0.03275827586440436,0.017413232904761947,0.006886684454288346,0.011397772502787161,0.014987134672357573,0.012215365940361688,0.0009710345860792368,0.031093419487918404,0.0022753228986596647,0.021122916708755813,0.046074768465955596,0.005754481113688709,0.09691814604601066,0.00020362822281169568,0.008031970078216422,0.015633875321415875,0.0031757009992484987,0.03489872036921555,0.04134342043959003,0.007408688451571596,0.00032384980291324335,0.029091065094477963,0.001624225297566771,0.0004221776255092992,3.1545385927260835e-05,0.0009498165883510582,0.011664347938736991,0.0008927447939175572,0.0001975319498086138,0.007951210361803344,0.0032970352718182192,5.685754254345904e-05,0.0450023363732691,1.0,0.03210136063689782,0.0742583124569211,0.06291040215866803,0.10956912863662693,0.1501598711267924,0.02482253036517495,0.09563690905163691,0.08673844657804232,0.13011970834363848,0.049580184523230444,0.12074140251224874,0.12044059424850241,0.05561042786413722,0.04225400991476028,0.10972380705939132
TRA_03_21d93,0.0036798247079057674,3.700089525496828e-06,0.001728808857251933,0.00037037018124059644,0.0004910028466210716,0.0012767251913901561,0.005719067717120299,3.962686140322662e-05,3.859503084354818e-07,0.0004295663741289944,0.0018789026838545687,0.00020638418630156832,0.0022193529974040825,0.00035563409651216053,0.0017150576278622005,0.006387252076160673,0.02367112702302395,0.0018795752778477553,0.017691398296622626,0.0010633208726630473,0.010208507718472933,0.014276558849162273,0.0021836968540785823,0.005333488190003509,0.00378638698920936,0.01602301964509979,0.003807428839643942,0.007780381713723788,0.00983020483424411,0.025535171698818884,0.001793566536641858,0.0028364002628684117,0.0012180219077543317,0.005924457980122621,0.001362453549350451,0.004750240620867076,0.0014377465735233436,0.0030563449273022254,0.0006797010642419773,0.00798045940903414,0.001496818388600126,0.003269964204350433,0.0023188394505519465,0.00016767554638013856,0.00047551996939151783,5.39540223177179e-05,0.005937159913596061,0.00032164043389434037,0.012197373563569305,0.00031214171873584286,0.000675778655056484,0.001191074475356528,7.574353647085747e-05,0.0006468251191912009,2.6179573231705567e-05,0.0022021713543223854,0.02676983481520613,0.005210235715751804,0.003086874549065875,0.0,6.431102647186622e-05,0.0014514959250223048,0.001648439584003056,0.0,2.8740654049223257e-06,0.0003888419138465342,0.0008995960242900049,0.0,0.008989439030535147,0.0,0.0006016319827170379,0.0008995960242900049,0.0009956743058693145,0.0006113935771860094,0.0009973726666064964,0.011173854264907388,0.0002618937203180508,0.0002696666210581081,0.0,0.00010042151329321312,3.3218422940785404e-09,0.00022331203823604742,0.011702464566532237,0.00011261788842351914,4.909297120449245e-06,0.0020668344908894042,0.0028457442102980284,0.004134570020551884,0.00312855643435452,0.00844951300942023,0.00015155429124821002,0.0,0.004587964117017534,0.006069723838803556,0.00030352508264735713,0.0005408777960856707,3.2742206012671114e-06,9.453426966600335e-05,0.0013748900728734134,0.010997148528514562,0.03210136063689782,1.0,0.03638486764213398,0.012613527092635095,0.13212042346553232,0.026507326194146377,0.1158871377925763,0.1305205060915969,0.0828312125335171,0.025102545742951128,0.16957517271688455,0.09131457385479744,0.14893158130172574,0.03921234549894693,0.0477518590381934,0.07914894480421616
TRA_04_2ad9e,0.0015700714795017447,0.021497778343489093,0.007250357185888772,0.00047778511537447895,0.001616026295101059,0.00230794233039325,0.00814464958974658,0.0017884979114136126,2.459850782230374e-07,0.019888626377359893,0.0015423679467131734,7.651407713383952e-05,0.00879854970119806,0.00012192721917680739,0.004281274366152245,0.002163994427368972,0.004956689047804443,0.01992134157790646,0.0020923900385383305,0.019214100832933453,0.01539422390487695,0.005029538740019178,0.012969515041124932,0.006060292093230572,0.015403919366310732,0.004611956209869809,0.0011120410262172083,0.010673009523188575,0.009645095780083554,0.014053365687136327,0.002547372360617053,0.00039408274878110415,7.178472503361012e-05,0.00266827840726305,0.011624203608953014,0.000631806262935371,0.003448945354628753,0.04781910871178455,0.00017758988272466192,0.0007188515849852718,0.010785236953506052,0.004871184574253122,0.00011625509694897027,0.000881191496434037,0.006791372798205366,0.011313945982536168,0.005728456968091819,0.020332427469034686,0.026565185203450636,0.01566195417225135,0.015599477044615765,0.001460866462676501,0.004052904533025997,0.00039001480579455505,0.0020006025033585855,0.05549980691259172,0.05771546089911312,0.03928111267266949,0.00805911642481895,1.1572693586613055e-05,0.0030995726278604083,0.02090958231086679,0.03589434644703148,0.007200881530967249,0.005799680311681984,0.0004977970583730766,0.006019017348098119,0.0027812891517138586,0.00215979691924182,0.027817807728685643,0.008393645232855618,0.006019017348098119,0.039300869683403045,0.00108089028225466,0.008090733467832706,0.004223335279296895,0.003099891950788396,0.004721517101138876,0.008171592051819995,0.030885528343409685,0.00012355550854690686,0.0003618170709691947,0.012278754579412656,0.00081363300100717,0.02998063205086178,0.040286554434078636,0.032370355750142764,0.015072448530810889,0.016318312945594268,0.025657365645440217,0.05404026407576122,0.01006232267582408,0.009452409250032311,0.024672833586613048,0.007716176128158112,0.023938346501473598,0.004657073670327534,0.0034950951796387203,0.005151445172563795,0.004344490647191082,0.0742583124569211,0.03638486764213398,1.0,0.0371456367084301,0.04049256833006874,0.03117222070038776,0.0341856258932355,0.107726376664141,0.10493462181365433,0.055189532134898536,0.042988092530626465,0.12437982886114717,0.17896115205371152,0.04965761852429016,0.5236157818552961,0.3570281411594837
TRA_05_4f9a6,0.0005262029672855684,0.009957005556436523,0.008658773893186514,0.0,0.017967664572626774,0.004547897389902753,0.0011126687636378422,0.008639899882269283,0.0,0.01010344143917708,0.003224198716155363,0.003249467152258446,0.010048011213841272,0.0023670844685576386,3.142082386162971e-07,0.0035361112428056755,0.007329578515450084,0.007648089810363295,0.013812386859429527,0.003749579001175796,0.02615057529228592,0.0009573002717667012,0.004273259741655166,0.008389170533464448,0.000390725405891916,0.0013145128283689148,0.016963275028097614,0.0023846527887297453,0.005943435542514965,0.007624541589584401,0.033747919268641215,0.0009630991858037602,8.747960952794978e-08,0.042081809219065854,0.012127940330408388,0.0004887681971244803,0.0034694031722997533,0.005038399209529609,0.003921820492391193,0.0003169691687635758,0.003328718162610262,0.0,0.0012459441129403562,0.007427970730878063,0.012511320676231974,0.007634194942017196,0.008789628592951125,0.006292057078637985,0.04024966516788654,0.007250866279973152,0.017802328010989712,0.019754530075150146,0.007942786300951039,0.001440762259815694,0.0023011349723450337,0.006282700746735331,0.047715105615531606,0.02158632405049206,0.00023387892554970765,0.0020495356061712303,0.0018547528376508555,0.005900591446631033,0.010654946649025509,0.0013241621508630957,0.0006635917437092888,0.0005446017633310452,0.003943106295508976,0.005315190333371296,0.0014328229621918297,0.00023635497608725096,0.043935765444291563,0.003943106295508976,0.007763262926405159,0.006212473241911794,0.09175038563756557,0.0029267640942641127,0.02077670009499727,0.056536349040203,0.02786749750934401,0.06989295343225561,0.025626127900801005,0.02667869694811252,0.054265829940972225,0.014301861180936666,0.027248776541316744,0.009323125006710519,0.003071040391477918,0.002511669750513413,0.02727454606546222,0.0012792205562570764,0.0003532822704412314,7.516274831081983e-05,0.0005357529725645733,0.01242050163936443,0.003884584790243719,0.00023799932331747015,0.006928074857272198,0.0010683790549148836,0.00014295962925960388,0.035295539096734184,0.06291040215866803,0.012613527092635095,0.0371456367084301,1.0,0.03320404251933038,0.04049883106089143,0.030227250025182593,0.1383729038195619,0.055513232925449935,0.10632808291443059,0.017922695476615014,0.07406873786417237,0.024995601514123788,0.03184956027332626,0.012224397227031187,0.054400474169374
TRA_06_50971,0.0023697977880354436,0.0,0.0022287063311050314,0.00045815952571988546,6.889970385637349e-05,0.0004391677044895151,0.0028214853872833884,5.2129533970218636e-05,5.1974728919379785e-08,0.00027446181651612065,0.0027991721849749476,0.0006344378627491482,0.0031030977990099172,0.0002524202187922581,0.007210507657248204,0.010700285360193133,0.05244988664757416,0.011976016570169492,0.038648781308628095,0.0024244101331169637,0.03490303622941575,0.04546878191929908,0.004575853943763918,0.016099262118449715,0.028273486619138328,0.06118313589522569,0.010756352994829858,0.03693341512039122,0.0063320475277710234,0.009456478769529705,0.005455149821820655,0.0030887021445343637,0.0022573823876522385,0.005577410359047737,0.0036180920207820287,0.0013058865642569667,0.009471471703385925,0.0045130095751092884,0.003269672697450813,0.004804884262729711,0.008496630691883666,0.005524077265913263,0.0051798024821743645,0.00036335822495874454,0.004761097567854407,0.0012853431808290709,0.0038920970550206666,0.0034171803185646128,0.03632448636056311,0.001479763182627166,0.0007340688536133053,0.0007160714330895797,0.0001585711304507425,0.0035938217963656935,0.0015689799082976917,0.006329049113384216,0.046029509901846934,0.003934739629613052,0.0016231285229362435,0.0,0.00011488221327492213,0.003944320356447397,0.004242453946557249,0.0,4.968518775297648e-05,0.00248954521526567,0.0033800300293940462,0.0,0.01749647166012512,0.0002549626751149916,0.007640540233370459,0.0033800300293940462,0.0025497778395776032,0.008463162127046125,0.024088878392086222,0.022724755473947728,0.032267304504757024,0.007720233595380198,0.00038204876480127067,0.003710356913347357,0.003108240130795845,0.009563333126107722,0.08262476428003991,0.02216873565461161,0.010832292345747977,0.0034145887005431045,0.006155837058924748,0.002121247660366893,0.002101973127206728,0.01153803650786271,2.0046055132027294e-05,0.0,0.002002198481711353,0.002107805786974417,3.562715056456178e-06,0.0005722245066965195,0.0,0.0012547663842702643,0.0004651448154629976,0.04337172015458775,0.10956912863662693,0.13212042346553232,0.04049256833006874,0.03320404251933038,1.0,0.03569279570226054,0.17766254578703886,0.23216122000469971,0.1660067053704676,0.02118650328489088,0.21005204505303846,0.10200980505556917,0.1452016089197528,0.04500711008156509,0.05062174790346627,0.08777042970816358
TRA_07_669a5,0.0,0.0,0.00015355451616512076,0.0,0.0,0.0,4.7394773940767106e-05,0.0,4.034718099060048e-06,9.970889116833962e-05,0.0,0.000450524296747645,0.00022987278420552772,6.66393942088979e-08,6.864065851005476e-07,0.015962407856058708,0.011049119528788119,0.00809527443543624,0.00013421001289783108,0.0066218412370279735,0.008007282081307113,0.0018068581980080446,0.02067435098400984,0.02686211022276622,0.0023107759155253037,0.019585274173613564,0.009844144507462387,0.012521991743253512,0.0010449151147505947,0.0014615687440079543,0.001998278210385824,7.156103717538747e-05,0.0,0.0004890090033413345,0.00018714471085238516,0.0002764800789032978,0.0007001272739342769,7.793565241023371e-05,0.0017519122322314689,0.00022975604892948906,0.00025329468845760916,0.0,6.260570363834185e-07,0.0029210127345209403,0.00021631238535119035,0.0,0.0015666825020377922,0.00025663941265008567,0.011240290877266423,0.007847138294307453,0.0001478969596645128,0.0018602243869736412,0.008521135315467412,0.0006424829926599028,0.0,0.001129053580734946,0.004309037485638189,0.0027291867703618214,0.0030004416849876894,0.0005348640946949414,0.0022387835491432815,0.00036633004561727336,0.004899995444594487,0.0007806513130153767,2.5967784668673526e-05,0.0006073950556708318,0.0019080739177505207,0.02726327091278761,0.002676842775083555,0.0016144065461293747,0.0017550662502129246,0.0019080739177505207,0.0015846847076586403,0.0,0.0008068493981792142,0.00021116924880146897,0.00012537104781889705,0.0006533614583294939,0.0,0.03487653559019466,0.00010261304596001864,1.733551607880372e-05,1.514415873096699e-05,0.0,5.553118969809001e-05,0.007290487728142893,0.017244277777970784,0.0030728844092573677,0.06056720534706201,0.005775430764561691,0.0004570944595141906,8.407877502601773e-05,0.00768097581107221,0.0031181639808809335,0.005767663586571325,0.00040481093998163964,7.482218162150836e-05,8.879380223420538e-05,0.0019154722067349647,0.018174373984437962,0.1501598711267924,0.026507326194146377,0.03117222070038776,0.04049883106089143,0.03569279570226054,1.0,0.06177460994394954,0.030185053790742808,0.10174749458011383,0.08763622817532964,0.07771026385254307,0.03848593610793691,0.07587216514543955,0.04213728076838963,0.03342897246946591,0.09734207826677603
TRA_08_6d02c,0.002094060801302268,6.0369412399221046e-05,5.830642339696481e-05,0.00045410985983570997,7.641357083961195e-08,0.0003599110142911572,0.0009855865952120132,0.0,0.0,0.0011475612464684672,0.0002910905647921074,5.342838649802851e-06,3.0418848178354715e-05,0.0005913296168855999,0.0020906646149981304,0.002103625500976848,0.016166426727188554,0.005247167509681935,0.005039056148909676,0.001222900559824652,0.0035359867336000822,0.022467730174793504,0.00903928615706347,0.006933573999776939,0.007436394671248561,0.07028245871730286,0.0003186229538276555,0.005306437914719199,0.0019011995961923346,0.007573403630075056,0.0018845143577776097,0.0013948245514018478,0.002829755417308677,0.0022913095433663776,0.00031194592954915146,0.0038932253931826736,0.0009152530373101362,0.01865578272262122,0.0003567482498076117,0.012847335520893455,0.0024021570768272557,0.006094390007052264,0.004045722389214928,0.0012864998210955316,0.0013754274050543696,0.0002445830373585,0.0037801915565047854,2.648216939115639e-05,0.005203531708175279,0.002754168468049602,0.00010932368725069628,0.00045823710752457904,0.00015233228934939287,0.00030423632782999773,0.0,0.005510286880710483,0.011892821639528468,0.0030304150158162292,0.01494187579329597,0.0,3.2993016521741746e-05,0.0006108759083193325,8.065169532764686e-05,0.0,3.4916987659592644e-06,0.0014216774401210894,2.7594534543237067e-05,1.5672638811747755e-06,0.003888315394519243,0.00025518562504280934,7.766907932682068e-05,2.7594534543237067e-05,0.00017515260541712692,0.00027522223841382643,0.003761459842425035,0.009186512350895237,0.000799097686119096,0.0003915794561159916,0.0,5.900530700037817e-05,0.00032089895290184984,0.0005325898059454452,0.0024451641326742875,0.0004301621891203269,0.00014465392384371812,0.0012120826257379558,0.007868114456309623,0.0036072721817432267,0.010722520291539809,0.011912117450560459,0.0122109467855326,2.199239277634673e-05,0.0223958068455667,0.0027402017603393117,0.0029309040316058766,0.011545735137731328,0.00018995693253949213,0.0015180771556809226,0.025147244318152382,0.013167365201974089,0.02482253036517495,0.1158871377925763,0.0341856258932355,0.030227250025182593,0.17766254578703886,0.06177460994394954,1.0,0.0554291219019728,0.06261596771093986,0.02565679010672307,0.1569431205980217,0.039776069109498,0.1758453408960925,0.04674727901335029,0.049222603916453285,0.1199735286855242
TRA_09_74397,0.0021968607512330403,0.007263480660271596,0.0138875241480754,0.001551919052031403,0.00408006051577653,0.004856401081952219,0.023951136719306404,0.005880452648002446,8.383900403952667e-06,0.013796787163011935,0.005103994534287334,0.0011010356543577748,0.011749422972251884,0.002093633516415682,0.013973833643232767,0.004126992637209664,0.03797056487662339,0.008566631919552453,0.06873904838574056,0.00693824340293231,0.07141331947064265,0.00281808414003687,0.0034020385472809645,0.013070090422325169,0.014449741221294917,0.00963812952158176,0.009816015998196306,0.02510913828650058,0.015685785986084368,0.023647371367718873,0.01001260759592728,0.0003560983441594039,9.52395733495707e-05,0.010817618235016039,0.004828308069986779,0.00024477680444216196,0.0018732641190873655,0.0069882614884031104,0.0008806903103061078,3.899550303425955e-05,0.00418115727916922,0.0034000610364484096,0.00011317550579077734,9.823818349071415e-05,0.015118899868719919,0.005420524188093788,0.004888742846624837,0.010569510233024873,0.12257213001597114,0.006240166534650531,0.008982374952499471,0.005402644294340463,0.002779266802316211,8.422161992111538e-05,0.008550800396325211,0.007932469070212935,0.17228107402096265,0.013993418470882273,0.00026163249906055854,0.0,0.00041399045980251614,0.011252776424693793,0.02183366178548421,0.000281450687277393,0.0007164980205413076,0.007471172308273955,0.008657107656449566,0.0011121619480874722,0.0034997714198437106,0.0004395831536683389,0.0577266244001765,0.008657107656449566,0.01799594195981058,0.032781293056900494,0.028401879909471878,0.016633635797264977,0.019744065177807357,0.029356671766245578,0.004410590885537072,0.02530302831580512,0.004804680600496633,0.014090573947397784,0.2500122909868982,0.03867981831918292,0.01721916628485094,0.01720512403694513,0.012383233117595356,0.002699215960094164,0.00613753061576269,0.006124077507467831,0.0005456363049061,0.0,0.0006244579682869733,0.021207224792216095,0.00046014006573528174,0.0006558932389778351,0.0005517471718017814,0.0005511820037350271,0.0004532388600329222,0.016040607522021435,0.09563690905163691,0.1305205060915969,0.107726376664141,0.1383729038195619,0.23216122000469971,0.030185053790742808,0.0554291219019728,1.0,0.16446467345765511,0.052848770013739874,0.06587422366857038,0.17275176270183423,0.13127735933251924,0.04326724168816242,0.08006537943412953,0.13651153541060562
TRA_10_785d6,0.0020503493322708848,0.00047795671173539385,0.005429677769436969,0.00021300007745651562,0.0009304309860415638,0.003928944328823116,0.0023361496432958047,0.0012251021416420298,0.0003648352705779507,0.004129564962208573,0.0006120236730071017,0.0015646692921955242,0.0076287054615211455,0.002429706343675648,0.006792623348046794,0.0030271771106005034,0.014144658181967893,0.0009721221252558874,0.001991785996376796,0.00413677223655236,0.009836286429091508,0.0010137532836234934,0.0016636197276431728,0.0016116864285047336,0.004767882055429384,0.007179937859512024,0.0025332769496637427,0.0032461063690608985,0.002393104724521312,0.004230492186971797,0.0016936263224341522,0.002626418009301013,0.0,0.0025857758164447376,0.003710635484436812,0.0023259421959632757,0.006341820357180292,0.002128976732525555,0.0005405288796870477,0.002359853794492018,0.00028056003172716165,0.00017097949469959523,0.0038487711185802,0.0021888204309302157,0.0019626623239591234,0.0009783313206036903,0.001655251037326968,0.00177287259292161,0.02434074944122662,0.010764763431159468,0.0016450084823269994,0.0020198817296959953,0.002380987438221459,0.00020242311688824924,0.0003268908077230124,0.008093904758375858,0.03752297101432537,0.006959333804783471,0.0003331638510678181,0.0,0.0008606672816841155,0.0026282803846178256,0.007851919665032122,0.0002605784083382348,0.0001420556300584901,0.000614646622512611,0.0016801029784741614,0.0007939059428407682,0.0015932310999039708,0.00031923228336651853,0.004944960518578313,0.0016801029784741614,0.0021533080741521294,0.0015286617744903726,0.012060745850683724,0.00899171207021857,0.0040593852812037265,0.008482447294511105,0.0027861120951895137,0.004876191049795416,0.00024944450713247054,0.008993072984788053,0.019765796054932103,0.00012559603763406813,0.005525245199315184,0.0014909624756299803,0.005414247410066291,0.0006428891557456504,0.009714479025701356,0.0014528465305452783,0.00036918825744257524,0.0,0.0068522433849622,0.0018697230225129214,0.0017354420852767846,4.637089568110294e-05,0.0,0.0,0.00042907791140282554,0.033825680597720974,0.08673844657804232,0.0828312125335171,0.10493462181365433,0.055513232925449935,0.1660067053704676,0.10174749458011383,0.06261596771093986,0.16446467345765511,1.0,0.10195352152394432,0.0974151250360031,0.15797488544899135,0.22582822920306808,0.10084412590807443,0.09339043928819231,0.14622805348966003
TRA_11_7d8bf,0.0020704807708901976,0.01122735730962928,0.002074227309206006,0.0,0.05129772086820667,0.009653386757930312,0.011783381436047513,0.009450011258959272,0.0,0.019810915899152123,0.009312514999585256,6.922671146409658e-07,0.010290526494529344,0.0017975447873349217,0.0025834958790550283,0.0269469785049799,0.02373785154831884,0.021980436097777556,0.009580334132710876,0.010295924786385049,0.018305028791762813,0.001327969387024113,0.02576495556517481,0.021667009358281773,0.012100465292512503,0.011427856599656634,0.033681279042197816,0.008874312542118089,0.006742306166180967,0.0007347485945729128,0.024170269522689046,0.00020674784741544003,0.0,0.05123252568997772,0.0027534693593826453,0.0009454140517312886,0.001996210849195804,0.0016009417352028442,0.0015544731356128896,0.0005999425045212449,0.002643576876906396,1.597851065187558e-05,7.026671559861923e-05,0.0019070782880596811,0.04428472435518337,0.001407809603133563,0.005644600553460214,0.014993320328456834,0.010544984993996477,0.020758461457818362,0.004732168968476975,0.004479656218097946,0.04024410012224439,3.1326490569443206e-05,0.0026054413830718555,0.0015622870157945457,0.018359182802206497,0.009691831932166538,4.6565961919822515e-05,8.576404645195043e-10,0.003571001197441216,0.003810424964048632,0.0019800926162159274,0.0003582731824481659,0.002134983736683245,0.0004670851364796767,0.0008474379289558553,0.024811850308887752,0.0028334202541144375,0.0011651945940298128,0.0066214692186342,0.0008474379289558553,0.0019054453257782154,0.0009346279430655697,0.011451624000523124,6.017671847356024e-05,0.011437076403444445,0.07294667780302751,0.003801441303343152,0.007548797917479533,0.0006180720575460042,0.00213576654375057,0.0035292675758736547,0.00046806540190368436,0.02283594653626495,0.0030003300910275755,0.018077306145371216,0.0002893043213669871,0.016257084493559573,0.0006959047038589727,8.255439718547525e-05,0.0011642266381550388,3.707827225389787e-05,0.014073024738461665,0.003339093687405789,0.0,0.036760065413023124,0.0003898134350152595,0.000690550170612681,0.015006795509421675,0.13011970834363848,0.025102545742951128,0.055189532134898536,0.10632808291443059,0.02118650328489088,0.08763622817532964,0.02565679010672307,0.052848770013739874,0.10195352152394432,1.0,0.053897820499246525,0.05917919899132207,0.07464889259850409,0.08169165906874336,0.026955015393012587,0.09200426443476445
TRA_12_9234f,0.003618589325983588,5.177525744478863e-05,0.0009491169994811389,0.0001448466723665364,0.0007112690252866641,0.002720437877861996,0.003567948234065747,9.0575458410356e-05,5.53123224370903e-07,0.0024435158204897662,0.003822753049154079,0.00032323882083272834,0.0006269918496601685,0.001548510781161883,0.0031170535059662483,0.012268393382661467,0.019243722324081555,0.005085617554071989,0.011230486645370113,0.004602519558112639,0.01108982338298582,0.030868087669113156,0.009251190822494223,0.011755209144111345,0.009060532302818064,0.04349432170102356,0.00513971482572783,0.007856278971907962,0.010421093412997831,0.008780919005899746,0.005397140552222684,0.002499754511381426,9.589104871263067e-05,0.002987196257032271,0.0010094556452301476,0.0038675886786059843,0.008969840312256488,0.0015856425197233674,0.0005138765096507758,0.007308264704094027,0.0019562111644411645,0.0009566647187791019,0.0024614174686413237,0.006139664794569029,0.004253729337232514,0.0010307209312871387,0.011394168498437782,0.001471799109602448,0.018264346828034385,0.004637563230585548,0.0019961399773350303,0.0043339203927636105,0.002074009194491976,0.005601114064716243,0.000293232062702977,0.0064656247242787365,0.02909270576360284,0.008075695544968464,0.01515916982526386,0.00012074830444724792,0.0013949227738191128,0.0010876825024189042,0.0006096562941903796,0.0,0.00016581476900547065,0.003369151873903501,0.00031249731006300393,0.00012923485546573977,0.030753189494664393,1.309896402792035e-05,0.0006146996231831876,0.00031249731006300393,0.0008766630919895543,0.0002337201270878251,0.0039855221038590264,0.010112804108889989,0.0023275686118065008,0.0021974228591386683,3.6289419192924333e-06,0.001665292321322516,0.0002666654837616574,0.0007480941800297644,0.012432358891890965,0.003003980647848993,0.00036050486051041633,0.0034627768428146795,0.04158692223528051,0.005723020135571866,0.01398193728133073,0.03681841492162808,0.000784143362346749,0.0003501505222361392,0.006917981172832264,0.011648380207702504,0.004774926502748765,0.00033702774982135995,0.00017952961191777534,0.00023264707341393202,0.004698440246452672,0.03053167236891333,0.049580184523230444,0.16957517271688455,0.042988092530626465,0.017922695476615014,0.21005204505303846,0.07771026385254307,0.1569431205980217,0.06587422366857038,0.0974151250360031,0.053897820499246525,1.0,0.1010269766001889,0.16276035835572314,0.08030025585431987,0.0436320229484912,0.11852417224439707
TRA_13_99007,0.001731937671956543,0.007210140599913286,0.01892551121207283,0.01120503844412649,0.007419947692706034,0.010244185803707685,0.00507039783371783,0.004496801855665806,0.0006473682529890385,0.024899404425573243,0.0025535542554091834,0.003478159743948236,0.004074657051165128,0.004673644022052726,0.00299201298185881,0.0007340615781420928,0.0056073030220266575,0.009190709184074055,0.006287706691685991,0.02727346053481979,0.03353364435083562,0.003669520158932925,0.005615377511842727,0.007888135922860893,0.0028708098387431095,0.0042611461212260174,0.0025592509597999807,0.011827111858144407,0.0423722149471631,0.0392478548498756,0.025061054564895945,0.003815072717354835,0.0006083612711244272,0.033920853094799926,0.026986358437263117,0.012540823074659228,0.01747518559644935,0.01911650679859859,0.020208265593908585,0.0044923409572278925,0.007856632308924943,0.0026080594483246914,0.02347501694233145,0.04512724248597392,0.023981875620929023,0.08631402159426883,0.07516230245240259,0.03790765432277956,0.07809366709549123,0.062396941316187296,0.02933608650410249,0.046594203870276345,0.015883841307675135,0.00908420928775538,0.028720914774696543,0.14188404438370972,0.3312458508817828,0.19029772368030717,0.02115775113190582,4.236112111829714e-06,0.006334697935057641,0.01060304636444552,0.024992529036827717,0.0008662595715539777,0.005200192596366881,5.010226013977832e-05,0.005313921507770425,0.00038802229016624386,0.0017404281256583876,0.0002833911463817758,0.013391090986631026,0.005313921507770425,0.013309319345165552,0.00273703060894339,0.01293343145213134,0.04938718045718389,0.004159133385456382,0.009885260123564651,0.006601501591115267,0.03324248040666977,0.0,0.015541575750993967,0.03617819695324885,0.003933304751212968,0.005896084956463394,0.016564752479700986,0.01699715496157325,0.004802746096306538,0.019125751268359446,0.011387523910237049,0.010228514295756105,0.0004678304442860201,0.02445271774239033,0.06623757013070442,0.024950594280917403,0.008396496283302024,0.002469089225517766,0.0020210562971696234,0.0044117980855071124,0.09720758617975661,0.12074140251224874,0.09131457385479744,0.12437982886114717,0.07406873786417237,0.10200980505556917,0.03848593610793691,0.039776069109498,0.17275176270183423,0.15797488544899135,0.05917919899132207,0.1010269766001889,1.0,0.1675643787139182,0.11010000775340913,0.08313923004624003,0.19528027947500765
TRA_14_9c743,0.003210932649270891,0.0003150585883001013,0.0024663985462260274,0.0004054286998122937,0.002106330451505657,0.0025007262390029468,0.0005840530622066775,0.0009314197802434397,8.923841260525662e-06,0.002028990091611284,0.0005236070695042658,9.86205252604816e-05,0.003022487180534625,0.0007158438936369217,0.009767099880844109,0.006809524011239551,0.026313366434222506,0.015448597543805991,0.006184090840389453,0.013564189060966849,0.019694651896109628,0.014935888656669255,0.023255917061443178,0.01722430589187058,0.04141818820914583,0.02953071996496739,0.0034724939763653997,0.01838479261333208,0.005786362630592833,0.004597237496123765,0.0031134682062684926,0.0018234721647577348,9.143831264748792e-05,0.0052340253826238395,0.0018490010862593127,0.001028830002929644,0.0016521478300291074,0.006453462487969072,4.698543563299912e-05,0.0023156487207682277,0.0009232407622747543,0.02124064318822007,0.0005613971897940043,0.0032797436480120727,0.007128981707930494,0.006969793883673399,0.019126262805954787,0.006174071543883544,0.018088565845993713,0.011916314952007888,0.009202278659534397,0.0027923728782416517,0.0054149366258224065,0.0011004447013790728,0.0004288368695437679,0.017785899098902394,0.05778673974549131,0.02420845237668738,0.0036906310640110285,0.0,0.0013011048603223066,0.002709427297697718,0.0028276953360276092,0.0002947120024595692,0.0014250419514191663,0.00028710496344521715,0.0008470728844906888,2.204422704002211e-05,0.004951066599711832,0.0009978814798005074,0.0005287431207984203,0.0008470728844906888,0.0012050040948805858,0.0,0.0033328258920007807,0.006115462535296035,0.0009782819794393286,0.0013615044055138319,0.00013240185775615027,0.0033365616708194564,1.013071336660177e-06,0.00028149062286858317,0.009212765494762326,0.00029093979545994546,0.0014710588611014975,0.008392559639835647,0.039273674510673394,0.002029385605689229,0.0041694917262528036,0.005454401790589335,0.0028587881423684115,1.255587661059997e-05,0.006274582399635384,0.003325171484770148,0.002224069040139763,0.0008168335265958018,0.0005571609745715926,0.00034050183834710793,0.0032414592137882466,0.01745273771598009,0.12044059424850241,0.14893158130172574,0.17896115205371152,0.024995601514123788,0.1452016089197528,0.07587216514543955,0.1758453408960925,0.13127735933251924,0.22582822920306808,0.07464889259850409,0.16276035835572314,0.1675643787139182,1.0,0.07028452955391339,0.18394920821935248,0.3113747430159824
TRA_15_a15d9,0.005947050432931383,0.0038223989508908377,0.009690401403470385,0.013159140930199544,0.003664902146512545,0.02560474724782083,0.0006452656357061583,0.0061393770112716725,0.029453312741664146,0.009993796220549939,0.0066774849006837325,0.0060114234042919126,0.001176240139588787,0.0006920068736672728,0.007997731423270068,0.015818025600753988,0.03839933237628366,0.04546256340812075,0.011448907876510903,0.041995290481173585,0.023290710115118136,0.011004781600096386,0.02038306151532701,0.027543979314645372,0.026196793010485823,0.008533980252040458,0.017292266106288565,0.0137193337528889,0.0002771005533618582,0.0012817845786995082,0.0012416239227062247,0.0007090173543605157,3.1418270813012054e-05,0.002933827396218131,0.001480617844339139,0.00088866600687502,0.0038118690725276157,0.0013185036526409863,0.0011029853912948348,0.0008159057451709609,0.011001818169248914,0.0008114453716279188,0.0012990110855125576,0.004621118009731903,0.0015505987423738124,0.00511158373877568,0.015771974103851817,0.006848599248296907,0.015446279516069443,0.03057293212000584,0.006022355026210839,0.005956664009478304,0.00037082593511597324,0.0005720100824027186,0.0004174656117533534,0.04321172943198893,0.024621282928186185,0.01918866195367658,0.020315182022049724,0.00039117953316197823,5.824621679695564e-05,0.0008099559860032693,0.0004729471437142576,2.139938807796118e-06,0.0,0.000926984217586068,8.591392499898809e-05,0.0,0.0011544171493898332,0.00013330179171354545,0.0004205304314319664,8.591392499898809e-05,0.0003155307461918037,0.00016920587750544623,0.005255789785821833,0.00025519425797453717,0.004234356813545556,0.00021336316672117557,0.0018957109465394836,0.0025302941166340507,0.0,0.0023289318681241804,0.0027702277396072185,0.000589826738567373,0.002571914888743999,0.0004745521653614236,0.0004255091842268959,9.26961372050158e-05,0.005953885168535021,0.00018649198026036675,0.00047324244751411075,0.0005872423311654726,0.0006064183338353939,0.0016137249999675107,0.0024580548828712287,5.052923598015036e-05,0.0001795614812142766,0.0008461943259935268,0.0006030935695058828,0.049052786243648526,0.05561042786413722,0.03921234549894693,0.04965761852429016,0.03184956027332626,0.04500711008156509,0.04213728076838963,0.04674727901335029,0.04326724168816242,0.10084412590807443,0.08169165906874336,0.08030025585431987,0.11010000775340913,0.07028452955391339,1.0,0.05402891660941211,0.08224376861774449
TRA_16_aad47,0.0017411681846395137,0.007811068846525083,0.0015969196287760534,0.0005321047244081001,0.0002652589248558371,0.0006910895551952102,0.0061767439025725455,0.0002938077949281626,2.2218443960024166e-05,0.012601177268282802,0.0006152634285570002,0.0,0.0035914435347945556,3.397229488254871e-05,0.007944957615222755,0.001702666782341755,0.009166134717139467,0.013525619500206537,0.00032349491829680396,0.012559064599085875,0.008123451911662149,0.007528640716302932,0.012307690202749728,0.00853610863648164,0.02147715810605461,0.007630805292773097,0.000589965088080295,0.014209221409866957,0.002632202078512074,0.013384789777628242,0.0005343199367694052,0.00040508107144936114,0.0005182459152083186,0.000894913395745264,0.0013707994467938203,0.00019235413184236848,0.0005684957635176923,0.015576178853117581,0.0,0.000100884654198487,0.008504346658850605,0.006402098800014347,0.00014549914277568575,3.454454984109181e-05,0.003653522528098231,0.003928454595207568,0.0060774084767890495,0.011102063791950407,0.014794918145426045,0.013820335284821456,0.00629708018691518,0.00010242934282197758,0.005665555594312466,0.0001553148216958048,6.434203052834e-05,0.023044627912298925,0.028970433882940818,0.018570947495799572,0.0035831090405457227,0.0,0.0010324388113233697,0.008196965393845389,0.012911620566086976,0.003389745139693317,0.001381200927391337,0.00027438932470096955,0.0013542707307467705,8.088089399349128e-05,0.0006647705530015341,0.007201748398188912,0.0006123730535799474,0.0013542707307467705,0.011444366822760428,0.0005601678213661153,0.0038942875577013475,0.0019357785712355803,0.0026753917100637635,0.0009316841455406957,0.0014270038213451254,0.007636483002559744,0.0,2.2742003860832972e-05,0.0037885680701325738,0.0005066852294147566,0.0075506353005857455,0.01596794055390305,0.013615746097200536,0.01472617404587283,0.009992950014228046,0.014690954183126282,0.010665496008916024,0.0033458973283501956,0.005577612815138598,0.004599210377604027,0.0031383318060689627,0.004232527138969081,0.000301891817940057,0.001213286427394076,0.007377750397357736,0.0011057479513017503,0.04225400991476028,0.0477518590381934,0.5236157818552961,0.012224397227031187,0.05062174790346627,0.03342897246946591,0.049222603916453285,0.08006537943412953,0.09339043928819231,0.026955015393012587,0.0436320229484912,0.08313923004624003,0.18394920821935248,0.05402891660941211,1.0,0.2340252330414807
TRA_17_b751a,0.0019321147168083893,0.018421724039377026,0.019847622194757008,0.0004982723003177913,0.006038670560849848,0.0030832442489722623,0.006745567770367559,0.005813394184119044,0.0,0.024960306133408435,0.006742267875704812,0.00022795103532670987,0.005021884155243832,0.0015637079005942918,0.003537182142629655,0.003681853820784786,0.009955797309192039,0.03484598487390653,0.007334896559329572,0.027090806408964337,0.03146069954276376,0.008506186965827039,0.0523332160699341,0.019803873263827713,0.01728182941550615,0.012419859107361897,0.002858330734921888,0.019309001882598483,0.01912275895617275,0.010401688454601226,0.011103523278339033,0.0002804611861456871,5.9798030218261594e-05,0.005255973571075589,0.02182382937804798,0.0008172867392535337,0.0037095984135177527,0.019819361407849293,7.237439413782652e-05,0.0008976777535261351,0.004489143200216644,0.0025228936736294643,8.131743271736138e-05,0.005661152558758301,0.018489370416475796,0.04001930351795747,0.027717115108239238,0.038092363593548915,0.06880117888581182,0.04208576831175728,0.03577398139831052,0.0053625693407034275,0.009766854769882862,0.001189146666012997,0.006694962660326429,0.0632948913558006,0.11259091045703769,0.1018864533007409,0.0273106604167334,0.0,0.006748977302431999,0.016479078215504598,0.025070718472324175,0.003716059682965584,0.006361138334566908,0.0044243448216520305,0.010261401566959639,0.007148353041517313,0.005241370612566243,0.005350296249306408,0.01425091850142665,0.010261401566959639,0.03634777144629011,0.00018352640271518102,0.00523341089506197,0.0024783549971431743,0.001550249021801973,0.007536941241007119,0.006845020867759529,0.0307663378622135,1.1405626067651843e-05,0.0009053186997358231,0.01667497560913493,0.0004788973952910106,0.010918890729625636,0.050194566641588105,0.06309122871976566,0.017910292874360176,0.027744244205836186,0.030170737164025636,0.020441572307989635,0.005395374643827791,0.007269363874917481,0.04673194251506644,0.015041243335421846,0.009632923220393663,0.01698217040941917,0.0026057224108628867,0.006118566583003977,0.008346512092184831,0.10972380705939132,0.07914894480421616,0.3570281411594837,0.054400474169374,0.08777042970816358,0.09734207826677603,0.1199735286855242,0.13651153541060562,0.14622805348966003,0.09200426443476445,0.11852417224439707,0.19528027947500765,0.3113747430159824,0.08224376861774449,0.2340252330414807,1.0
