,Cluster_1,Cluster_2,Cluster_3,Cluster_4,Cluster_5,Cluster_6,Cluster_7,Cluster_8,Cluster_9,Cluster_10,Cluster_11,Cluster_12,Cluster_13,Cluster_14,Cluster_15,Cluster_16,Cluster_17,Cluster_18,Cluster_19,Cluster_20,Cluster_21,Cluster_22,Cluster_23,Cluster_24,Cluster_25,Cluster_26,Cluster_27,Cluster_28,Cluster_29,Cluster_30,Cluster_31,Cluster_32,Cluster_33,Cluster_34,Cluster_35,Cluster_36,Cluster_37,Cluster_38,Cluster_39,Cluster_40,Cluster_41,Cluster_42,Cluster_43,Cluster_44,Cluster_45,Cluster_46,Cluster_47,Cluster_48,Cluster_49,Cluster_50,Cluster_51,Cluster_52,Cluster_53,Cluster_54,Cluster_55,Cluster_56,Cluster_57,Cluster_58
AGR_01_06825,0.01728632687405104,0.017233276739398114,0.017318727284061777,0.017261027118793487,0.017281866900836544,0.01728689493950514,0.017237067631302016,0.017268697078217675,0.01723866317737108,0.017275961252215026,0.017340262159939487,0.017213982505378943,0.0172731892364877,0.01707481473099967,0.0172619577911488,0.0172389208178447,0.017189734597063765,0.017255060538492094,0.01718620248596531,0.01732925867640467,0.017225304510507217,0.01725186331882774,0.017258215681025237,0.017235337455384733,0.017228781668960882,0.017243605600033553,0.01727765837014645,0.017259757152201457,0.01720386832486135,0.017230305225164264,0.01723080561235736,0.017160692136945148,0.01721410868552987,0.017252011316004325,0.01728534423030764,0.017323108102556883,0.017203944434286234,0.017218318053266887,0.017188028544269467,0.017237351391455026,0.01716704090539181,0.017290299158619776,0.017289935093943484,0.017268160255130175,0.017171768276065615,0.017199618252075992,0.017203264877306272,0.017235216522119096,0.017319081333768548,0.017180568499963664,0.017258803537846385,0.017260803438144495,0.017255506608952465,0.01719162421537167,0.01724457387312355,0.0171776383099513,0.017277588272553237,0.01722820622010366
AGR_02_225ce,0.01726535442364352,0.01720856841393893,0.01731036724369926,0.017244328304947605,0.017283630531629526,0.01727382707479612,0.017238579606228745,0.01726653779085493,0.017266126074333546,0.01727928486258462,0.01732307884094714,0.017208463273524932,0.01726414204681721,0.017126888937349063,0.017257705026500175,0.01723400295375942,0.017191134367496648,0.01725361301729487,0.01720088345594365,0.017298018178628916,0.017226035871191498,0.0172420302030894,0.017261064026807535,0.017237013708757142,0.017231895411829207,0.01723166582656775,0.01727602626506152,0.017241825206846816,0.017234158776638427,0.01721361496253767,0.017235550965885305,0.017184891021135146,0.017237522530390823,0.01726156767290524,0.017267370056851788,0.0173090206308348,0.017223681016611713,0.0172141838047688,0.017217774457848906,0.017241279352702067,0.017168517182011213,0.017274446113900697,0.017260120844254566,0.01725195770115355,0.017190641137559436,0.017209114919509192,0.01722679820402293,0.01724340633208656,0.017282739229339518,0.0171940050750642,0.017238864922110443,0.017267189019242936,0.017235641222290165,0.01719793918612462,0.017256103750831274,0.01722378301866633,0.01726109706456428,0.017234928883087638
AGR_03_3834d,0.017197985535551037,0.01724660648234868,0.01717522614341985,0.017219316961028443,0.017240062539169248,0.01717000557608775,0.017299113769679166,0.01724558635175103,0.017242044500776068,0.01722822650151911,0.017221199938022298,0.0172304141968876,0.017138245971645722,0.01741270894156045,0.01721966646189639,0.01722915674810163,0.017270338587789848,0.0171785762524584,0.017303112946398625,0.01715056547381076,0.01730266361067934,0.017216646024037094,0.017257815190926236,0.01723006009403382,0.017281830601943122,0.017216097465716975,0.01727123350064257,0.017219292644900117,0.017286758035601837,0.017246607744349204,0.017223736506457532,0.017313773624517727,0.017293274969553123,0.017245165031380377,0.017242794962656897,0.017185434332567785,0.0172229539072749,0.017234598860343557,0.017325744563956653,0.01725080321364622,0.017273754268021427,0.01708646461790624,0.017197549437821875,0.017206861001298455,0.017290649388780617,0.017271462205307953,0.017331826416930544,0.01731614359659661,0.01717917070782287,0.017195807209467985,0.01719602168909473,0.017209613919228497,0.017235330028428076,0.017302678907139327,0.017321159789175537,0.01732414963547224,0.017116137335292943,0.017259775081126787
AGR_04_4248c,0.017265215755544627,0.017215546371876448,0.01726511147564111,0.017223521033990594,0.017289830102539774,0.01726391554833374,0.017242446964215223,0.0172476370955749,0.01727050851683579,0.01727811680485322,0.017317576150014797,0.017209240193751193,0.017269566645938133,0.017140099036682833,0.017235472017537046,0.017240199023155198,0.017214505160205385,0.017235358084027586,0.017212343566640982,0.01729249753471121,0.0172139588442316,0.017247499894321294,0.017253907933042958,0.01724870824734428,0.017257563498413984,0.017230419042275475,0.017273211282710713,0.017249361182848207,0.0172257968461724,0.017213996831391482,0.017239708082059636,0.01718987100573689,0.01722661352742633,0.017253583691483877,0.017268460675425465,0.017288457206206143,0.017222092231169845,0.017224551217665078,0.017229198722130204,0.01723179242435354,0.01717584683853978,0.017252825577616513,0.017253991687820568,0.017255843190591813,0.017191711131250665,0.017211411742578515,0.01723233576138968,0.017250158113197665,0.017271598459271682,0.017206394083448793,0.01724685560977769,0.017272898938905764,0.017246185160046446,0.01720131178087539,0.017271379507130827,0.017233937063781093,0.01728719591572017,0.01722065996957779
AGR_05_7d386,0.01728602051511832,0.01720368610296646,0.017297368124096327,0.017251517382883375,0.017306683528466447,0.01729384967897331,0.017223156244143605,0.017228520422382973,0.0172644884483554,0.017271382898978234,0.017324598090954716,0.01720822520452047,0.01730781474296907,0.017085038519933555,0.017239351771896897,0.01724988874315269,0.0171869103026945,0.01727789093660273,0.017174656770862985,0.01732280182221428,0.01719920119418957,0.017232992598823202,0.017248177954009996,0.017260588976599094,0.0172235679176739,0.017244951170760234,0.01725720167877821,0.017258171705638835,0.0171951204104116,0.01721423122906734,0.0172658145364769,0.017177389740526364,0.017213593085617502,0.017250285535368705,0.017260184424120268,0.017337950101400813,0.017235308509438354,0.01723088814351097,0.017212862419650914,0.01725093971330829,0.017162914828533465,0.01731240113588144,0.017244989188858608,0.017267147315705805,0.01714539509311549,0.017201849208644954,0.017208218706357577,0.01721383338788617,0.01728065808376312,0.01723078131117725,0.017247446550063043,0.017279039906403365,0.017242061844259807,0.017189318599431614,0.017235645568214924,0.017205671881024856,0.017322643406592335,0.01723671268654888
AGR_06_86d5e,0.017275799021109605,0.017231220294809245,0.017312572124836098,0.017245336294695622,0.017272223549702738,0.017276043629292116,0.017246412909796782,0.01728271886223804,0.017250003446941376,0.01728551727147035,0.01734422302392111,0.017214891035783164,0.017259382038686173,0.017087587233248505,0.017266823662520952,0.017233588847797028,0.017201686516092968,0.017235191683948835,0.017208497662842857,0.017320305973540773,0.01722426997565512,0.017260705490969225,0.01726351942957546,0.017223659214778995,0.01724154807973138,0.01723668990556978,0.017288620949434546,0.017252391785156657,0.01722123814699564,0.017227361955784472,0.017214897043593014,0.017161496713986816,0.01721974667867694,0.017252195344940605,0.017292548596033144,0.01730539235476582,0.017201230991321582,0.0172116171723797,0.017191536634541656,0.01722567022623496,0.01716398357178492,0.017271491775855515,0.017299593907612095,0.017258447404696092,0.017190601238772012,0.017201147774607677,0.017211863677862916,0.017246053860616777,0.01731946383331998,0.017173477889154593,0.01725779390591291,0.017268285985806462,0.017246961536627674,0.01719239498595996,0.01725954495434444,0.017187453208537668,0.01726407503163915,0.017221003683489368
AGR_07_8b7c5,0.017186691182669744,0.017207014152320045,0.017167199024497103,0.01724037722818423,0.017263718778114452,0.017173434513027382,0.017314865274279483,0.017209238670416252,0.017244648935875784,0.01722659690432062,0.01720633501662987,0.01722561540362284,0.01715021691226223,0.01741284960312513,0.01719980178148719,0.017249279969252896,0.01724724403595199,0.017176202820278437,0.017302007328077126,0.017138377107949417,0.017291079713129605,0.017177772878147052,0.017240875309871413,0.017266350123303995,0.017245443468394087,0.017221689171876876,0.017251381670027273,0.01722889395376718,0.017260710198860753,0.017269536678170903,0.017255761682690846,0.017312988596469125,0.01730577727916732,0.01722787663837431,0.01721101148821539,0.017218669645832616,0.01722445308878857,0.017253642790615965,0.017313383633601163,0.017256176605790204,0.01726798934063879,0.017108296152151693,0.017180669207228935,0.017207192109275918,0.01728085988678555,0.01727865570868082,0.017331736726945438,0.017279447165036075,0.017186955268545027,0.01723791524873554,0.017193379435490555,0.017232387500468287,0.01723847191739663,0.017330932414789463,0.017321529043963165,0.017342788989982302,0.01715183044075504,0.017253774185693856
AGR_08_8dbee,0.017277032571337173,0.017196546651402012,0.017275910975902916,0.017247041643052175,0.01730977933134246,0.01727625479484666,0.017227393677756473,0.017235731030341577,0.017283135926443878,0.017260247412075345,0.017325196053166608,0.017204088293579653,0.01728824285618721,0.01711370639977478,0.017237553894615853,0.017249428642557282,0.017190480570848383,0.017267488308491303,0.01717928923881401,0.0173053621862457,0.01720118827124231,0.017240807277313,0.017244357155848385,0.01725405205009861,0.017226085442024187,0.017242961275376584,0.017267745680095203,0.017265082502917462,0.017204947682223293,0.017217939094242244,0.017259510632835002,0.01719334896125108,0.01721704422976258,0.017255028714843124,0.017263221007317954,0.017320386556126208,0.01722983971293077,0.01722757301690897,0.01723001299997023,0.017254977996932545,0.017163602076267163,0.017280116112711963,0.01724215106889548,0.017261895185680318,0.017144296963177947,0.017198843059277925,0.017224647916087472,0.017227680800196436,0.017258686197318202,0.01724529806799796,0.017244949429136756,0.017286710064532453,0.01722865805729819,0.017193230990819982,0.017247013418797075,0.017231771233525203,0.017311287976338064,0.017243140662900076
AGR_09_8dd61,0.01727438774078004,0.0172115481620629,0.017293455134293572,0.01725853548416809,0.017302826470575454,0.017274876192160712,0.017226141642534262,0.017264110875178807,0.017274258888238105,0.017262997743507723,0.01733895697006557,0.017212163990469775,0.017253759444451868,0.017116326529645214,0.017255152993464327,0.017240847742169666,0.017193725107640074,0.01726396508757339,0.017176735466077505,0.01731071450074944,0.017222862204495957,0.017253926337139663,0.017246066550165196,0.01723074464279417,0.01721874394582864,0.017242664075715196,0.017275736278138908,0.017265898901341763,0.01721833071903353,0.01721455906932985,0.01723720052030583,0.01719590127664068,0.01722634464369521,0.01726667529281235,0.01726883616840893,0.017299199507894984,0.01721715951391513,0.017215061265438973,0.017224680017696965,0.017258207526177103,0.017162729871355097,0.017264404485881474,0.01726621461730661,0.01726731369654184,0.017156321508159943,0.0171930846533755,0.0172233630377958,0.017245352023041154,0.01727422566425603,0.017215583806771344,0.01724995985372472,0.017263514520054205,0.017229854653257316,0.01718534284114375,0.01725082303567916,0.017226178880842855,0.017275092170400595,0.01724635605763715
AGR_10_9781f,0.017270645457084958,0.01721084225305157,0.0173077219242338,0.017223465479428168,0.01727817781563672,0.01727020249804808,0.017237000572335237,0.017267263451640688,0.0172756674150593,0.017285642130311103,0.017328435901359962,0.01719859945446167,0.01728146769796217,0.017112756353877448,0.01725387172443395,0.017230673132012937,0.017196569863955565,0.017250404642541045,0.01720728509242131,0.01730271978737121,0.017215352427042432,0.017248282328747498,0.017271246218232866,0.017236912199875214,0.01725950064674378,0.01722462999615402,0.01728251831528227,0.017232703217918872,0.01723832322239951,0.017203311438403094,0.01723611035647118,0.01717229428676995,0.017228709442854227,0.017261212326597164,0.0172829309704944,0.017312653944545866,0.017229475158699447,0.01721080263042772,0.01722128763330443,0.017226272834327552,0.017163168898395705,0.01727480616093145,0.017256528305436048,0.017246876562982245,0.017190718118384827,0.017211330215790983,0.017228676632446923,0.0172478620274124,0.017275761127374546,0.017185001065652045,0.017237148728153354,0.017281530025124198,0.017236980631095196,0.01719036765795895,0.017262716796784656,0.017223853301875987,0.0172746412570614,0.017228090244620693
AGR_11_a8ba8,0.01719793287735808,0.017230284874971347,0.017170969019405822,0.017238927075723574,0.01725704712592597,0.01717066798014465,0.017307280346789054,0.017205389380834695,0.017236249908352718,0.017225147134077027,0.017216583095275986,0.01723176307877545,0.01714241568768361,0.01740593267966247,0.01720280449219337,0.017247026973243693,0.017270385538899195,0.017190758560183237,0.017306156928876232,0.01715175586953234,0.01729885693498908,0.017176813757832466,0.01725154179084824,0.017245167837035814,0.017265632060466784,0.01722375083480039,0.017245453346035108,0.017214669719213007,0.017257733288826578,0.017248832108312663,0.017259291673881214,0.0173231460741518,0.01730250655136307,0.01722571580085209,0.017227588118466978,0.01721297309275354,0.017242936117541328,0.01724864600279232,0.01733252430515743,0.017257895523156284,0.017270890245468587,0.01710088545405666,0.017174281437935274,0.01720614009162252,0.01726387925781684,0.01728416233183732,0.017336744861318056,0.01728280367016612,0.017175765686720468,0.017216673261374497,0.017185249171275972,0.0172174572873613,0.01723599786731764,0.017323341635017142,0.017320888034599136,0.01732891386828551,0.017137093220798913,0.017271679050643488
AGR_12_c170b,0.017186597970713424,0.01721134325775468,0.017163229856498635,0.017232185179973183,0.017248975530488604,0.017148910467409954,0.017305016900462274,0.017211800967698657,0.017257826842580475,0.01721582395630765,0.017198243969049242,0.01720475168257616,0.017154944362267364,0.01739816921942093,0.017188227281588295,0.017251965010640528,0.017249593574727072,0.017179880282333658,0.017299729214178966,0.01713414728536935,0.01729401923222325,0.017178457361567857,0.01724494197353,0.017269703308830122,0.01728047738411318,0.01721150706019096,0.017240668029820327,0.017218443032248,0.017264555059199514,0.017261943567621396,0.01727324831276148,0.01729404194914301,0.017305276680085843,0.017231974065123293,0.0172267506620414,0.017209771941682366,0.01723535026521814,0.017250778099554536,0.017310416283960996,0.017224066748432198,0.01727128048860619,0.017104890105306594,0.017179467791314962,0.017208689584512063,0.01729266654130517,0.01729466098287035,0.01733605109090143,0.01728077464298338,0.0171685910261331,0.01722681527854643,0.01719879804748428,0.01725281166048471,0.017258207342084674,0.017330347058197505,0.017330758561015257,0.017371608326388257,0.01718163524827177,0.01724419239420696
AGR_13_d7fa3,0.017198026984158503,0.017223413611812833,0.01717826093580337,0.01725380078276892,0.017253404006329645,0.017163952745534176,0.017295851741826882,0.017218995223999438,0.01724282811645629,0.01720282796130366,0.017204068797366648,0.017215894889142658,0.01714900719525927,0.017401369051600377,0.01720413165674033,0.01724795334582136,0.017240216916615685,0.017201158421710265,0.017277715247023855,0.0171433412258557,0.017304292537570303,0.01718514356995561,0.017243313441692998,0.01725738525324136,0.017254036355377627,0.01722376094916138,0.017246512023090726,0.01723003482542775,0.017258291000446162,0.017266587875055046,0.01726522374150017,0.017310374351007917,0.017298679999997308,0.01723797751846936,0.01722642626367831,0.017218296346703764,0.01722985949438064,0.01724834910526912,0.017315612986845582,0.017255357891399137,0.017276026947811437,0.017109229563675023,0.017179761165611693,0.017213675933141416,0.017268092965334252,0.017281375373200816,0.01733039340600181,0.017283877188569878,0.017168355045870148,0.017229926674029786,0.017195400777871774,0.017228315575023363,0.017245643293264203,0.01732325679528192,0.01730792597412998,0.017345514089371333,0.01715221122807029,0.01726928361634074
AGR_14_f501a,0.017282278698750538,0.0172344904608164,0.017307949477581006,0.017245699084362704,0.017281504730381494,0.017287040487253373,0.017248036914922067,0.017268965332278664,0.01724193372664109,0.0172907688212049,0.017350150787538352,0.017222947892617944,0.017265857428580066,0.017081388231923553,0.017263646225634484,0.017236552708010822,0.01720882426635867,0.01723764544031693,0.017209272772281115,0.017330178896126508,0.017218262116524417,0.01725574644854906,0.017262528131710364,0.01722531198933115,0.01723768133247571,0.0172420591918976,0.017285970577066528,0.017254429709890804,0.017209336449793715,0.0172246040948486,0.017217476227267357,0.017166619059562658,0.01721448448505818,0.017245221471375135,0.017289692521005758,0.017312839536208102,0.01720419631489034,0.017216462103713692,0.017195870821403468,0.01723511257610865,0.01716200393888282,0.01727674792841519,0.017294652641569826,0.017260761090763622,0.01717552841154931,0.017197611239204453,0.0172086281742262,0.01724002861050132,0.01732513714104207,0.017176879220029324,0.017256049247107292,0.017261400878398662,0.017244847400897267,0.017191155402863593,0.017256968304862466,0.017171285059471235,0.0172668134971598,0.017224464270793622
AGR_15_fe6d3,0.017182534351531824,0.01721272095057369,0.017172810281113744,0.017258102241749864,0.01724637204770453,0.017150118792744844,0.017307381527508808,0.01723600681645658,0.01724986912951232,0.017200394011912253,0.017198366916234758,0.01721179836759884,0.017131043893680472,0.01741178503074579,0.017206279661622338,0.017249074739285355,0.017231337291603616,0.017178021288370256,0.017285943137253203,0.017127544053389464,0.017309114043103032,0.017191131586654865,0.01723550087272906,0.017260478068609954,0.017245259635448068,0.01722022777797949,0.017253240165312208,0.017239673562137278,0.017266906119389594,0.017287519802921897,0.01725379027006826,0.01730160867735691,0.01730677922551965,0.017239072113931008,0.017223189498332736,0.017204695978961793,0.01720962756502748,0.01724727320534823,0.01729692603087367,0.017241980783725942,0.017276677122707827,0.01709622842274648,0.01720104324080526,0.017212730916886815,0.01729474308580211,0.01728180597711148,0.017331705102168606,0.017287983475934274,0.0171804819233777,0.017235435238519864,0.01720648981161696,0.01724094814047479,0.017250166004273162,0.01733440637142543,0.0173184610143876,0.017364237531009283,0.017151842424186683,0.01725311468254207
DIS_01_0c5e4,0.017191316098212475,0.01724628886777335,0.017136317970262334,0.017267738032241773,0.017230916350430482,0.017168645000030427,0.017282328702035058,0.017205149465012236,0.017219855307838285,0.017175704406386993,0.017152077646071826,0.017253902212954492,0.017153804164725988,0.017439063023410466,0.017201587522984355,0.017259149858600588,0.01726550898473292,0.017200929375797192,0.017281249813496997,0.017129455429848017,0.017295912278515835,0.017204396549941204,0.017209718326496756,0.01726652534493504,0.017226692188399183,0.01724628227664149,0.01721778451161077,0.01725905014927412,0.01724453209634276,0.01730236050335208,0.01726101317942489,0.017334428718650086,0.017280808372481672,0.017223296479872283,0.017197225579412678,0.017174179809111,0.01722759990817839,0.017274582131462882,0.017296049467764234,0.017264058533036957,0.017321962325357262,0.01712639411899208,0.017196154697339757,0.01722588355617857,0.01729100447811637,0.01728250327512697,0.017304908493721387,0.017263282047387533,0.017171763128128487,0.01729444440917856,0.017224723924131838,0.017211017179608826,0.017251450634732022,0.017335586018280943,0.017268750340449116,0.017325607308345026,0.017174766389642732,0.017262313037531892
DIS_02_24fa8,0.01718199683403514,0.017267370946777376,0.0171521546400096,0.017260576849468388,0.017193167779732763,0.017169579449821067,0.017290873826772496,0.01723556204534125,0.017199338869427882,0.01718663803512023,0.01713753084602875,0.01726979448246713,0.017143980561522578,0.017451657297411233,0.017223564602164742,0.017246373162185413,0.017275558374772577,0.017180752840288683,0.017308270734899905,0.01712235866708559,0.01730628360615697,0.01722297959179676,0.017217591964499068,0.017251048067780186,0.01723012213840702,0.017243581764470665,0.0172264942358836,0.017249989807934487,0.017266949359156868,0.017315798168768316,0.017228175157978837,0.017324913324503928,0.01728255218501729,0.01722093219206066,0.01720266908718403,0.01715268959385897,0.01721500702720459,0.01726967718518614,0.01727131580946203,0.01724816124049828,0.01733899127489167,0.017129120461000853,0.017227343302084534,0.017217056831314616,0.017341767938146995,0.01728772407003964,0.017294211471848894,0.017271815045744827,0.017200706800221243,0.017270748041288368,0.017232850789520797,0.017197950761291384,0.01725546911278314,0.017340242394996975,0.017262565412775415,0.01729896604791011,0.017141168266377807,0.017247269624621416
DIS_03_28e55,0.017259726528685283,0.017222082960263837,0.01727465626385087,0.017274768160262202,0.017260789657793013,0.017277232031697596,0.01721708371601508,0.017261071247806594,0.017252509711843,0.01723681939316854,0.01726980615175995,0.01724176682575172,0.017271964478442835,0.01714724242769083,0.017261224444579816,0.0172497630914464,0.017199290795766542,0.01726316025491078,0.017187078714900012,0.0172859200922596,0.017213997744232427,0.017267796437061313,0.017218373667711607,0.01724675899117184,0.01718596061871213,0.017260309630258788,0.017246682744266897,0.01728533927721882,0.01721439400433973,0.017262976130536727,0.0172345750507519,0.017201743450340916,0.01721442156288581,0.017250021654490078,0.01723851034751136,0.017271093132953958,0.017215595733048792,0.01724007811465562,0.017184110528053673,0.017251793944732755,0.01721052898505871,0.017304817782803048,0.01728768175574364,0.01726898374452672,0.017203052047250908,0.01720364015429216,0.017193365631459782,0.017212692758377095,0.017285954063086428,0.01728137355548787,0.017277670806088604,0.01726411976366073,0.017236509281892933,0.017207409685633862,0.017203399771943153,0.01720840122577617,0.017299994962559295,0.017231914310529232
DIS_04_3296a,0.017248651654142556,0.01723777534501329,0.017238521117047285,0.017244956175228563,0.017252922308172585,0.017273444810227984,0.01724048922532134,0.01724791190360415,0.017235325351073312,0.017249434701426886,0.017250613264823342,0.017259731003872732,0.017261693979542837,0.01721640927351934,0.017253094178361794,0.01724196276396533,0.017231899273836355,0.01723271079446611,0.017229543929181027,0.01725923080435459,0.01721802178580507,0.017265596678287844,0.017226515840910436,0.017247723910399373,0.01720671736045541,0.017255713902851893,0.017256004351596445,0.017273166534447687,0.017228814318620847,0.01726334543335319,0.017217209687649827,0.017233026857691583,0.01721909870757164,0.01723829866655159,0.01723126488551709,0.017247378444616965,0.017214941482455094,0.017248110561691822,0.017213778741956273,0.017259474808850195,0.017233925103107634,0.017266291879701145,0.017268448372905466,0.017252150461465342,0.01723097694843625,0.01721296958784846,0.017213561914186427,0.01723390435825014,0.017276899513909438,0.017272459325148135,0.017262223538072698,0.01724032534182293,0.01723143883162533,0.017227177985404372,0.017220593080413116,0.01720110199101098,0.0172560330366643,0.017228993911566032
DIS_05_4c0e5,0.01727131986714086,0.017228717306806952,0.01726095434560192,0.017263517680504895,0.017272126887634496,0.01729735004689467,0.017209869860822288,0.01721930419016701,0.017238839611312073,0.017242880882422523,0.01725660197665283,0.017254441613346126,0.017304400771943892,0.017156039845307083,0.017245854391486227,0.017254218889619786,0.017216863876955965,0.017282785563072688,0.017189121816064093,0.017293370671484988,0.017199725252762546,0.01725011476806254,0.017219949178607016,0.017260913965743117,0.01719219269330143,0.017266217260267017,0.01722753757653704,0.01727482432319496,0.01719885885841153,0.017245283855827364,0.017256088441630544,0.017220469882965904,0.01720633612583754,0.017238336003511216,0.017223503441796142,0.0172848208114887,0.017244064376772957,0.017254673181464505,0.01720738775026957,0.017269137732787085,0.017220287183934254,0.01732601377805452,0.01724996169495393,0.01726828179192276,0.01718215767707706,0.017209320927328443,0.01719138908199252,0.017197778953243658,0.017270767981416493,0.017295290547426224,0.017264152022211116,0.017248951190103643,0.017234767270393116,0.017207080616469934,0.017190316409093263,0.01718883431122241,0.017313292540484467,0.01724234044619222
DIS_06_605ba,0.017177718121012032,0.017246347293617147,0.017121319325962864,0.017247881560639083,0.01722089644936953,0.017178707258952014,0.017289598788071986,0.017197782513456456,0.017216045285736364,0.017191763360327923,0.01713185619670806,0.01727989220683528,0.017155132631852216,0.0174838669787225,0.017206038892942938,0.01725392760205466,0.01729106359209765,0.017187615782329142,0.017314435741817524,0.017114877903630473,0.017285696359293563,0.017206788604502688,0.017208767090204222,0.017262582806505323,0.017221445495497013,0.01724748919472863,0.01721499213546177,0.017248706901528577,0.017261677087404496,0.0172984337754083,0.017245074501708205,0.017359648336145273,0.017286420530450604,0.017214696827261844,0.01717702094701153,0.01715259602682971,0.01723936234416009,0.017280765689786082,0.01730784985839739,0.017272991827397322,0.017335724393394713,0.017127639037526128,0.01718849248858518,0.01721254880275377,0.017316628183872536,0.017285247137844025,0.01730635637160976,0.017261407266990478,0.01717170682279047,0.017312048823635313,0.017217672036498856,0.017198026370012946,0.01723249821038533,0.017341150333644674,0.017264043945977556,0.017315535218978453,0.01715377595149598,0.01725972477818537
DIS_07_67eb1,0.01726738885877833,0.01725340043933448,0.017283125006311788,0.01726890580046392,0.01725111712492041,0.017294232649363382,0.017221887385103104,0.017256287999377746,0.017215856597445293,0.01725008319167712,0.017265652371744232,0.017263234606834158,0.017268934887524432,0.01716862870086595,0.017269240797932257,0.01723937182030693,0.017219737251044236,0.017265345616525672,0.01720164590337557,0.017291539382201588,0.017227960344651665,0.01726492607668603,0.01723160797831756,0.01723611043084982,0.017192969990256275,0.017262805333904726,0.017247159157694043,0.017269993657655237,0.01721784600884248,0.017252508744999413,0.017221326392416143,0.017218164111663027,0.01721460003226307,0.01724500674581551,0.01723781744610718,0.017267789376687725,0.017220855747031676,0.01724125381504305,0.01719688286696695,0.0172669513973829,0.017227198834946975,0.01730218438707795,0.017279480703185728,0.017264864765226668,0.01721150696000607,0.017207826734410448,0.017192868744526985,0.017223401155109775,0.017297027826167075,0.017247269880529867,0.017265362164275336,0.01722171635527471,0.017239484662263136,0.017209155666869754,0.0171976366309366,0.017168155842367333,0.017253641603933462,0.017241065036527028
DIS_08_71203,0.01727903878505118,0.01725136741089917,0.017279582413316043,0.01726720701521341,0.01725545813488534,0.017294707484797424,0.017201953145656635,0.0172627443326146,0.017236924346105197,0.017240626154443866,0.017279524151308207,0.017254366802931895,0.01728652953426646,0.017126626140739003,0.01726883502418274,0.017243455605591353,0.017216118908076596,0.01727717932692551,0.017179212316827848,0.017311037583387125,0.017209815506200387,0.017285550725139463,0.017224235593653804,0.017233487335358372,0.017198889629583155,0.017266333310764242,0.01724794283096751,0.017284732138843423,0.01720919236891861,0.01724861562132349,0.017225021860186634,0.01720106089215286,0.017195052250093188,0.017251469202533395,0.01725118424806162,0.017266426956865706,0.017220896627542375,0.017238135887926873,0.017186646304990685,0.01725854841421927,0.017214398844616927,0.01731668344683972,0.0172928259118031,0.017276352894463314,0.017188900359301214,0.017195347743395276,0.01717941286919376,0.017218171272672927,0.017291601254712786,0.017266483660621366,0.01728233063892225,0.01724344907369998,0.017238160412301563,0.017186415222330744,0.017188386430605145,0.017170701171701167,0.017297244993612994,0.017237401476660877
DIS_09_891e7,0.01717858923219429,0.017245151485589093,0.017148338226130527,0.01727305242600896,0.017205980334054002,0.017170684378717074,0.01726447243385964,0.017217316187329183,0.0172249489914794,0.01717191293424589,0.017124151914314562,0.01726966909379064,0.01715430577522172,0.017450443375398535,0.01721570984538463,0.017257379852626032,0.017271638348369873,0.01721333512236965,0.017285373149290396,0.01712184812451772,0.0172940263298293,0.017214386543653752,0.017200182130824446,0.017258040697479327,0.017210011856779624,0.017249380991081177,0.017197994065575106,0.0172532287774988,0.01726324537469938,0.01730174937263138,0.017257016975507647,0.0173394332122932,0.017288191690706577,0.017227735548983002,0.017179032129810264,0.017148665893359626,0.017244638358873576,0.017274828397787215,0.01728077849862943,0.017258084771669433,0.01733637242712696,0.017155583587965907,0.017207497291978586,0.017224799516259163,0.017321790039014906,0.01728860672797154,0.017289845679217344,0.017247997619622986,0.017170953695447914,0.017318218895818558,0.0172339682788862,0.017209339440458975,0.017243711920463846,0.01733075552545688,0.017243710308605966,0.017331150607886564,0.017180436264240307,0.017260309325013407
DIS_10_9a1d5,0.017179536101172715,0.017249508208533992,0.017155297862520655,0.017270330377298793,0.017220091972096976,0.017173099068109574,0.017290493086325638,0.01722575325125505,0.017211383540322304,0.017186203068496546,0.01715073229398405,0.017269289261522408,0.017126854046693125,0.01747386601675287,0.017222855841798203,0.017246677297040658,0.01726919730849381,0.017195237445363484,0.017297556999706344,0.01711870631424061,0.017312883804570814,0.017206663630587343,0.017217143230343988,0.017245915009953518,0.017210722229514468,0.017244560944511034,0.017227598581411617,0.017247455085293382,0.017269423338808796,0.017298733151104344,0.017236524624239743,0.017353336837526236,0.01729861697127071,0.01722910228400536,0.017189858591136472,0.01716137611004594,0.017225646970055755,0.0172648872814583,0.017303057968177212,0.01727802420441172,0.017326565882814646,0.01711540713776585,0.017201311532544086,0.0172147254326713,0.017313025957171158,0.017281605711407248,0.017311797003868156,0.01727585822392194,0.01717918466119883,0.01727678214148109,0.017212900202360288,0.01718708532629228,0.01723401945030913,0.017338513563592665,0.017268211779079674,0.017318235214180626,0.017117849419179397,0.017272721150007123
DIS_11_b2825,0.017180150648458247,0.017235268641394207,0.017162192814351194,0.017288089308615546,0.017216249930366537,0.01716767411281765,0.017286135632204127,0.017208935983936375,0.017214817880303577,0.017175775550186814,0.017138843527567758,0.017259725607590475,0.017145635285716165,0.01743738246512374,0.017213191203299425,0.01726247220574386,0.017256708083872013,0.017207607796177093,0.01729047889979763,0.01712309742553817,0.0173033211134777,0.017188166061407547,0.01720869040560388,0.01726255165203788,0.017202782705976218,0.017248929672854622,0.017203568253709504,0.017248759776687026,0.017247643255174923,0.017311590860268195,0.017266834077091866,0.01733234482827564,0.017297048896937055,0.01721692702871252,0.017186121766444327,0.01718276937019587,0.017237201547420263,0.01727487285634439,0.017278954036182008,0.01725963855511073,0.017324861525899283,0.017148832155301958,0.017203040789999194,0.017218811970739004,0.017306383395441688,0.01729375289832518,0.01730011008785882,0.017240519566483814,0.017183969601803975,0.01730061349672081,0.017221559102296478,0.01721557183569347,0.017246453322308366,0.017349276745606466,0.017257363850396938,0.0173259372343029,0.017166941621051174,0.017266851076797842
DIS_12_daad3,0.017192568028851513,0.017257765454459038,0.017151433362769045,0.017270606999299557,0.017211598337364336,0.017171351051796048,0.017272609091310245,0.017216501397821313,0.017210225361611903,0.01716712439503116,0.017134194789357047,0.017256988571408526,0.01716037904492432,0.0174511836280709,0.01721306850664808,0.017251676500329587,0.017259834979587968,0.017214199552676182,0.01727637461015966,0.017123466919907786,0.017304120254043813,0.017211555948094582,0.017214264770702137,0.01726224826663409,0.017224775188826476,0.017246838909933004,0.017216193544782238,0.01725335312065093,0.017255779494951135,0.017304909531900052,0.017256556222741734,0.017336688784161607,0.017279240565787495,0.01722908527796486,0.017197072851626954,0.017172152995981186,0.017231999791046657,0.017272695360363667,0.017292550374387376,0.017266857476105808,0.01733757719501647,0.017138336254508772,0.017194598070805936,0.01722232796560683,0.01730527755967841,0.017286524293589758,0.017299753487384086,0.017265535419476417,0.01716584752266285,0.01729095682941147,0.01722240041084353,0.017200306543894796,0.01725090470513666,0.017334564395593808,0.01724971416987053,0.017315856498121143,0.017158134487989793,0.017269294876338694
DIS_13_f7310,0.017196141790937876,0.017277285657706202,0.017147861446041402,0.01726639483936461,0.017200954610920624,0.017190727731880982,0.017280912182013632,0.01720114592885259,0.01718024020368508,0.017186044179993195,0.017128306257804933,0.017285549702887176,0.017170415055342926,0.017441098920442415,0.017215118044305366,0.01725454059648809,0.017287573928609055,0.017203984875646828,0.017301973474248923,0.017137991711998538,0.01729494304616115,0.017208780198965507,0.017213362814665904,0.017260682350444825,0.017222582004438124,0.01725598733995339,0.017204413848346395,0.017248897610466274,0.017242344077944078,0.017309205795128384,0.01724825094647416,0.017336029630003795,0.017271154916198267,0.017207682636122552,0.017190439244415354,0.017168239590816297,0.017236204559319377,0.017284322897722044,0.017277729333406138,0.017264369705347726,0.017347914154940275,0.017159117423133582,0.01720748738480017,0.017222860259255176,0.01731599458492307,0.017290048141915013,0.01728200128173578,0.017248365982281032,0.01719967891256201,0.01728833791336181,0.01722950916510333,0.017184070710663246,0.01725696670257431,0.017339346198255126,0.017240771672427106,0.017269604580834087,0.01715972401252231,0.01725831723320243
ENE_01_0ce22,0.017285550113627923,0.017227074543278525,0.01728778054419591,0.017245707580335196,0.017253854663765892,0.017288015845215086,0.01719429590169553,0.01723556413179011,0.01725940361118158,0.01724617982698138,0.01726886292098134,0.01721955579459882,0.01734553098548072,0.01708047277364365,0.017244272500207457,0.017252251644356436,0.017199942164689824,0.017291661999940085,0.017176375638272418,0.017315231504642516,0.017183761328315627,0.017261954547275905,0.017235668008370435,0.017265711502875137,0.017235448467367187,0.017252225062709382,0.017230379418986874,0.017261885092519687,0.017199677998919274,0.01723416263556928,0.017269009081708062,0.017162266537603096,0.01718919756943405,0.017244441636596594,0.01725907634781817,0.017307492548181334,0.01725027080413102,0.017243829435256576,0.01717856067221259,0.017221053188696447,0.017201641478309375,0.01735794572421767,0.01726428069506956,0.01726987697721695,0.017184827944060278,0.01721556069030841,0.017177304676191475,0.01719106317300135,0.017273903457098064,0.017271798383789085,0.01727600531909445,0.017293629249997017,0.017255708338764695,0.017186816151536676,0.017191584441752443,0.017193407540878537,0.01737071137787217,0.01722027780741461
ENE_02_24d51,0.0171853688375413,0.017229946572896757,0.017187597624541657,0.017237333205412483,0.017190962166087453,0.017168843888685784,0.017272853514977794,0.0172288763916376,0.017240231884842,0.017205505439629797,0.01714114697501992,0.017230006042378062,0.01720276798114577,0.0173765676508593,0.01721196354522406,0.017249916474191215,0.017249794487729814,0.017201255587821682,0.017298504810457558,0.01713796775550859,0.01727567839487092,0.01720800735124018,0.017231820866320368,0.01727350401004942,0.017261876031947624,0.017223675725332985,0.017211600360407562,0.01722061381204475,0.0172734849277229,0.01728589115601747,0.01726526553781126,0.017269796811451167,0.017284131357239677,0.017226888813304007,0.017211106095888835,0.01719244919376022,0.017248855335779585,0.017262668348142794,0.01725088725515895,0.017202070747458862,0.017307065694874335,0.017188025963039817,0.017212951370413846,0.01721233072251773,0.01734453859222049,0.017302145920373775,0.01728386151621369,0.017243312222306777,0.017192721709395918,0.01726774011850173,0.017230551660148113,0.017257769750265956,0.01726651380501164,0.01732152957107799,0.017265173411926033,0.017330880429997766,0.017221046966649438,0.01722415760652694
ENE_03_31059,0.017280179831688936,0.017214201167508148,0.01729211643917413,0.017234524561835354,0.01725669682373082,0.017289406203172736,0.017200665962193114,0.017236030491880248,0.01726911675527829,0.017258302107909344,0.017272302152844667,0.017215554410351816,0.017349861688676256,0.017083942493814314,0.01724462545780867,0.017249237015526105,0.01719729214920241,0.017285099324619503,0.01718619850210713,0.017311105674405344,0.017178010519710858,0.017257462198507587,0.01724162089981911,0.017267440003284788,0.017238419287134592,0.01724606937084407,0.017236415081990406,0.017253037264546876,0.0172089742199013,0.017227597959788545,0.017266777833581097,0.01716050301891638,0.017195437131735342,0.01724483599232568,0.017257077143426235,0.017313950690321305,0.017253663640662293,0.017240655901846574,0.017182827196240667,0.017218490383704724,0.01719313343847224,0.017358352523203335,0.01725800530851117,0.017261719559662974,0.01719034652128425,0.017216238846402422,0.01718289419418701,0.01719203932267249,0.017273267676785952,0.017269244331401222,0.01726814681968219,0.01730202847162317,0.01724786020484339,0.017186972912354645,0.017199615196229517,0.017200407869147307,0.017367230286782102,0.017216771564738848
ENE_04_3143a,0.01719458579955442,0.017256025257993236,0.017165266436944212,0.01723516802974886,0.0171850789989938,0.01715682518451877,0.01726813225311542,0.01723061693396824,0.017233376672406202,0.017187116437956357,0.017141731119496517,0.017231848715927443,0.017192449894274955,0.017389445991973247,0.017208872413590474,0.017248830200394052,0.017266247903189536,0.017202052794919095,0.017294998688554192,0.017137344065339774,0.017283489435393953,0.01722239625390698,0.0172321010200737,0.017262730245506237,0.017281243279756175,0.017227737888685313,0.01721653614915163,0.017228570267169167,0.01726807484995052,0.0172879859439396,0.017261011870972173,0.017281867768477233,0.017270258592609392,0.017227348890128846,0.017228569747875493,0.017174643657526745,0.017244335117849768,0.017263045240325327,0.01726637138241822,0.01720553698564521,0.017320968418180965,0.01716027348345404,0.017213124334107613,0.017215924552370178,0.01733284486745531,0.017300916674577834,0.017290530543458058,0.01725970600532212,0.01717530275150482,0.017263674528610818,0.017233769460986027,0.01724653712062986,0.01726999938439176,0.01732001474223611,0.017265679538177002,0.017325573203071817,0.017210839952471246,0.017234452058774052
ENE_05_47c10,0.017270845196354127,0.017229532492159323,0.017295889320405662,0.017247228654846153,0.017231578264451666,0.01726211264100719,0.01721291869592949,0.01727671843554335,0.0172599341054354,0.017234559512924363,0.01726341161909252,0.01720577676166685,0.017312170132079856,0.01711790516313124,0.017260000238469828,0.01723903169583137,0.017181450749903293,0.017266734846346252,0.017187155795786183,0.01728404849417039,0.017210356287689656,0.017275005866387673,0.01724615809588218,0.017254600489408356,0.017239663058557814,0.01724180210510301,0.017260540482342015,0.017262435304297746,0.01722715077096229,0.017258073324997493,0.01724215486392839,0.017160322835654277,0.017200433138231795,0.017255191149536792,0.01727581644378877,0.017297002581211345,0.017220026688693307,0.017230802937211704,0.017174655009356853,0.017213035004471244,0.01721103753030643,0.017315800142072485,0.017280658646855098,0.01725579477916294,0.0172198704608894,0.017218525883953055,0.01719587358023699,0.017222167006527487,0.017271638910392403,0.017246889273108686,0.017271541443017138,0.017295309871778148,0.017254163219670382,0.0172035187903718,0.017206211665469637,0.01721059023435825,0.017316547215005543,0.01721963209357683
ENE_06_68cc5,0.01728792284181007,0.017218563161700947,0.01730688978488656,0.017253495235012007,0.017267833032580112,0.017295544766880153,0.017196549253127403,0.01723491981687444,0.017257592818920843,0.017254443533393,0.017282645572973276,0.0172134366534273,0.017341921671135536,0.017070512802667918,0.017245581226016295,0.017250816031281493,0.017186273383763277,0.017298303336022967,0.01716656859251613,0.017322114350053243,0.017190638729016397,0.017249629480984796,0.017240461971169557,0.01726758308138036,0.017226716739192866,0.017249450904846326,0.01723269407843502,0.017257322450012096,0.01719844636500982,0.01722561674559619,0.01727346751321674,0.017159098631148128,0.017198611252022458,0.017249784890725182,0.017255900141801627,0.017325373095159618,0.017249556080018554,0.017238967068155357,0.01718062871045937,0.017228837982079297,0.017189123247719436,0.017361545231504176,0.01725789796164008,0.017271835958822198,0.017174989056732173,0.01721314106928343,0.017179914367093273,0.017192215352312905,0.017280227838934684,0.017254466804035872,0.017267648659178816,0.01728763180972106,0.017256819205662636,0.01718439885350044,0.017196928367315966,0.01719453959147922,0.0173611522857268,0.017224810563864282
ENE_07_6b773,0.01728204349283338,0.017259259572690627,0.017290061768999547,0.017217290822330734,0.017231189950649636,0.017274619984219638,0.017207259365095692,0.01728347244155474,0.017251857172188023,0.017259986539133805,0.017286014128142815,0.017219085008739442,0.017310990839877995,0.017109226332311944,0.017263040193333686,0.01722681828455712,0.01721615464166381,0.017258168913844896,0.017198730762056767,0.017306962948526617,0.01720744315948437,0.01729656410129079,0.01725801712753506,0.017235262853106493,0.017273594928517582,0.017236877726820882,0.017270331887393978,0.01725153074616641,0.017237932130129113,0.017226348945118444,0.017219324307395433,0.017161129189183236,0.017190968868061,0.017260502037315672,0.01729015903938126,0.017271287006859242,0.0172231597953557,0.017222344566531243,0.017188413354333333,0.017210104952372338,0.01720649730135069,0.01730274037996163,0.01728834982106189,0.017260513231575104,0.017222973266479674,0.01721073869926973,0.01719235925767988,0.017246719778358992,0.017281391521351507,0.017207519348045486,0.017273769285972115,0.017269439018841624,0.01725795303903091,0.017177793029718776,0.01721835701840183,0.017185426558533296,0.017302473722560916,0.017211455836703415
ENE_08_76dd7,0.017195286268743306,0.017258228195281104,0.01719046866958482,0.01724352977266206,0.017177164555051198,0.01717485067467169,0.017256588843515063,0.01722671346902798,0.017220074499331536,0.01719427348355319,0.017127932655437203,0.01724367713239261,0.017205360331152192,0.017383663772639894,0.017217281366832073,0.01724696186624864,0.017263645849753918,0.017221775062962828,0.017290586174183775,0.017144357706457985,0.017284894358551323,0.01721482860295177,0.017232097806631125,0.017264100873463695,0.017265378536974862,0.017230926531608882,0.01719905080041091,0.017217725261240498,0.017271105340628725,0.01728005126497216,0.01726639413421777,0.017281724416295323,0.017276161519192427,0.017228153111099903,0.017211903168319474,0.01718054120341395,0.017260570067317352,0.01726534368511813,0.01725611117153069,0.017210687139770732,0.01732734417145362,0.017196899215849628,0.017209573249794306,0.017217745649504793,0.01734285865911609,0.017305805900214542,0.017275618246919436,0.017243678373994452,0.017185462927836577,0.01726272826277995,0.01723189033029183,0.017231928466491023,0.017271618234806066,0.0173158138067674,0.017244198684030994,0.017309562898241794,0.017210171686472046,0.01723693189224267
ENE_09_82f47,0.017272323864404675,0.017232452440574763,0.017306760632966933,0.017250194748476347,0.01724343211606881,0.017261360875603246,0.017223289070031674,0.017272310819488726,0.017252557731734834,0.017259232764104158,0.017293722796353276,0.01720399497789261,0.017292831592419827,0.017079432446499402,0.017252903969598582,0.017243987402634435,0.017193737309127034,0.0172540155870294,0.017196326048713923,0.017306771012343278,0.01721764971791339,0.01725967621217117,0.017250606459840334,0.017249299277944066,0.017252084281590658,0.01723631275452865,0.017253212658851685,0.017251958004780254,0.01721655586082708,0.01724178723385859,0.017246302832258777,0.01714121968894731,0.01721236185159942,0.017249941641059093,0.017282715988383608,0.01729804440732389,0.01721903855522292,0.01722589837031066,0.01716469414892877,0.017194382589133653,0.017190420796399482,0.017311118008185244,0.01729674702695461,0.017265138790587314,0.017218654576489793,0.017223310402933054,0.017194491734013648,0.01721973485428,0.017302980846371406,0.01720502470477411,0.01727602349951985,0.017291859260063002,0.01727481982750937,0.01720075510342524,0.017233976936618885,0.01720873528241496,0.017326149275588263,0.017204678332331955
ENE_10_a6418,0.017272709092606944,0.017234880854307674,0.01729611472286672,0.017224632797351157,0.017234483741052145,0.01728413364595617,0.017206427825631237,0.01727048734532213,0.017258936189110567,0.017268752766632717,0.01727436829376964,0.017223244428368905,0.017327385611925514,0.017091324537368835,0.017259007670183714,0.017237079881883874,0.017208060798309565,0.017259050241623088,0.017201254319657716,0.017308655694541902,0.017190984829360413,0.017283600995187116,0.017245378363219318,0.01725167824700972,0.0172503716831398,0.017239870992562523,0.017251302015334792,0.01725322176920594,0.017230626450711224,0.017233421119438385,0.01723234396488424,0.017149540255313088,0.017196993249294926,0.017252038501042278,0.017267226841450115,0.017280641565827308,0.01723130690693028,0.017231348671240883,0.01716497728769839,0.017201852695978688,0.017200145747143288,0.017340209030205684,0.0172932190286697,0.017262938907178827,0.01723169757956073,0.017213892903426415,0.01717737873468821,0.017215915946546655,0.01729837089840922,0.01723696549255331,0.01728238766839987,0.017288095340980848,0.017258867609918908,0.017182228273912463,0.017209282967766967,0.017190933343875676,0.01734079962652868,0.017196954036934792
ENE_11_b6eb2,0.017200595440026337,0.017238342494797377,0.017182699301237205,0.01723423525350134,0.0172077327460964,0.01716710616350306,0.017273893488711497,0.017213131343301616,0.017234962040086194,0.017207154175873027,0.017160694613826584,0.017216372716171522,0.017208713631708537,0.0173522366869497,0.01719638545619861,0.017253605659350815,0.01725139487754723,0.01720562558359064,0.01728770135531616,0.01715314255375444,0.017278037602815044,0.01719752889166338,0.017239249920435462,0.017280040580237868,0.01728536966896804,0.01722066324675638,0.01721209703961231,0.017218343590427024,0.017255366599641064,0.017273325098459837,0.017280999792555807,0.01726081994583675,0.017277648120731647,0.017225471641263673,0.017226088449084825,0.01720899355221372,0.017249714790873585,0.017262862468515227,0.017262207763902693,0.017199058728043417,0.017297479568797916,0.017177513346384926,0.017200667150884134,0.017219766681139184,0.017317972757457875,0.017303582503065094,0.0172900546374105,0.017249330435694377,0.01718881800008636,0.017242784073900532,0.017226243468522036,0.017256396822088606,0.017283185904870244,0.01731797499585621,0.017280451409580563,0.017328731619750362,0.017233964694371585,0.017225468856553343
ENE_12_bf662,0.017279980254329426,0.017270704472018606,0.017303733275210127,0.017246066083943436,0.017208632900920423,0.017284290193146083,0.01719230744357593,0.017273638950002657,0.01723090428904436,0.017249212081313022,0.017257549936808177,0.017246370039802898,0.017313181083316784,0.017099930881997898,0.01727324213840264,0.017236830626586735,0.017228436541738088,0.017281471636478297,0.01720022049471985,0.01731414757875849,0.01720835666859484,0.017289354318886486,0.01724316934894178,0.01722921344606755,0.017243592506784984,0.017253717150466526,0.017232979398943683,0.017250849864587456,0.017225080068378792,0.01723685293898057,0.017230776483623506,0.01716728117265834,0.017191835573204837,0.01724707958296039,0.017270825593249245,0.017262077483692597,0.017244248698192636,0.01723406821418731,0.017164622066456747,0.01721074958118462,0.01722708023327935,0.017347908832978473,0.01730176312154121,0.017266594936912214,0.01723134144817676,0.0172214131981053,0.01716782871496855,0.01720840372204581,0.01729631020042086,0.017235587484069205,0.01728610081825028,0.01725845886853516,0.01725958866632233,0.017184084327044352,0.017181710052379076,0.017162587695554735,0.017317175085383014,0.0172184815318765
ENE_13_d269b,0.017272528795150892,0.017231336409276293,0.01731442486620111,0.01722673008639525,0.01723232582412963,0.017290960697133026,0.017207754527521827,0.01727488621229282,0.01725518302783352,0.01727530403273358,0.017275308423173007,0.017222555027797383,0.017330941631589478,0.01708765240229747,0.017265882817818972,0.017233250242498485,0.017199437198602015,0.0172632533899653,0.01720114437050341,0.017310240228135126,0.017193726290016777,0.017278852738498735,0.017251256361717735,0.017250848753330855,0.01724438322203721,0.017238006563117428,0.01725338390666426,0.017246095484696397,0.01723548514667941,0.017230992265216145,0.017230535452495588,0.017145721331675398,0.017201851015520166,0.01725382790882659,0.01726542746323331,0.01729213115292341,0.01723294349980985,0.017228103441670622,0.017161217818985944,0.017204016346178488,0.01719700369701624,0.017350875458698324,0.01729176160858363,0.017259225954332387,0.017235513245316657,0.01721455878401211,0.01717567108778533,0.01721389393425538,0.017304980967584687,0.017227501225361718,0.01727654697084615,0.01728532922566245,0.01725638175826133,0.0171818483859026,0.017205717037011806,0.017184484554608144,0.017329929836837257,0.017198869893580937
ENE_14_dc481,0.01728208281198493,0.017260846346828666,0.017309299181729968,0.01725008762796929,0.017225588809137975,0.017291975501977943,0.01721833705240715,0.017255477675262375,0.01721135255466809,0.01726331026346494,0.01726546419854481,0.01723741319091491,0.017319840783536745,0.017093686042989574,0.017261541517852128,0.0172407027341799,0.0172112958407978,0.017266245522305223,0.01720614712408776,0.017313659394444195,0.017212395213060633,0.017261446235075528,0.017250463734046578,0.017251832871721676,0.01723929329084122,0.017250566594152406,0.017239886448788003,0.017248963153734868,0.01720762442587591,0.017249160127776792,0.01723932429394083,0.017155739858929944,0.017197587790132023,0.017234910021401158,0.01726753481633211,0.01730001897673268,0.017229271721146935,0.01724105680874934,0.017158873629365017,0.01721290787831902,0.017219363664253154,0.017345783444738163,0.017291350485453882,0.01726372020101673,0.017226968290467062,0.017225399630795328,0.017173552961362363,0.01720473930970657,0.017319102547406155,0.01721469036261173,0.01727559197495001,0.01725817893828148,0.01727439569942453,0.017204152739420758,0.017198216192204286,0.01715071123811222,0.017310840798653374,0.017210029455935173
ENE_15_f6fae,0.017279298214473857,0.01725179903292475,0.017336038928457906,0.01724843427354046,0.017229082362676132,0.01728274492377313,0.017208702942397097,0.01729607530169998,0.01724052980243031,0.01727133682361471,0.01730018151311223,0.017221063658814203,0.01729480338270349,0.017067018318783742,0.01727766108486324,0.017230460989033025,0.017199816080903017,0.017265762824574826,0.017191997047931878,0.017325311627387326,0.017220768553535666,0.01728128085366998,0.017257026016626053,0.017227576719353817,0.01724567942658565,0.01723907395020061,0.017258182402362765,0.01724619244034502,0.017231923714288677,0.0172285302126515,0.017221978035363635,0.01713917168597545,0.017207734286758154,0.01726011762308971,0.017285306185013238,0.017287096684242317,0.017220815131547898,0.017215763325622753,0.0171552031578091,0.017201679880482074,0.017191398217268946,0.017331901114339802,0.01731488112183106,0.017268021059755567,0.017228323757065164,0.017213281611077817,0.017176942826154763,0.017226504575571986,0.01732113398749055,0.017185321032014627,0.017280272797844175,0.01726731668217029,0.017267710729939736,0.01717799397771243,0.0172145966059538,0.01717556166534802,0.01730193859036946,0.01720768022847233
ENV_01_0cfd4,0.017274589098079423,0.017280270823275483,0.017302245366072156,0.017236444848770845,0.017225729404908838,0.01729870810316033,0.01720074967937561,0.017258534171362083,0.017218069558435502,0.01727632096251357,0.017270940526884326,0.017274499532486345,0.017279800386049305,0.01714862446175055,0.017277022322298566,0.017227835138014416,0.017264442009253384,0.01728281117183062,0.01722469301084904,0.01731448437761036,0.017223144791284083,0.017272138549602085,0.01725356561601415,0.017206302057489034,0.017240974360298263,0.01725286388594555,0.01723033395882134,0.01722613046471431,0.01724056862903253,0.017197991425475914,0.017220125985037527,0.01721541385025004,0.01721617137774646,0.01724784169432837,0.01725321066077034,0.01724385217376533,0.017267163139294255,0.017228852268821974,0.01721305262465407,0.017244163846722064,0.01722624655814067,0.017321037834120957,0.017274027733015347,0.017258228956195425,0.017225338533304168,0.017222474239445763,0.017188485890015714,0.017224406179855056,0.017288403392387065,0.017207724919485627,0.01725703200127572,0.017209221400550475,0.017237776012971596,0.017181764240364234,0.01719704014374854,0.0171549288504386,0.017252903467298512,0.017242283334338
ENV_02_0f9b0,0.017219474783308625,0.017253819807108505,0.017170069664948284,0.01723339158732692,0.017239929915900336,0.017209985941377442,0.017255200252223296,0.017178511529797845,0.01722337402816073,0.017213702962896052,0.017174633954959752,0.017261169689529277,0.01721238245499131,0.017385933460035342,0.017204665970532284,0.017250018550375865,0.017288523824608774,0.017244793014037023,0.01728014057968081,0.017175783985822268,0.017265860084254722,0.01719608995874189,0.017236814863774135,0.017255752898004614,0.01725756971585365,0.017242791159752958,0.017205434384293977,0.017217873061610073,0.017245574977786726,0.017234592890759747,0.017277331316628387,0.01733034243899298,0.017268480646814393,0.01722360804023683,0.017204275736631098,0.017205817363672833,0.01728504089927704,0.017267757691333274,0.01732352893429903,0.017271635908770067,0.017299683435708157,0.01718245707195741,0.01715899055471765,0.017220526564912,0.017253264958524202,0.01728147640926565,0.017292432306885763,0.01724730649276338,0.017162020392669893,0.017271257597265197,0.017200912244393372,0.017202157900295615,0.017234594097553638,0.01729380147842902,0.01725176542288623,0.017284906997666428,0.017193157489985133,0.01727760965501211
ENV_03_2f819,0.01728385653558874,0.017286354357911708,0.01730437896413932,0.01721687610998538,0.01723573225539985,0.01730413599716396,0.017204178207813333,0.017280086823781207,0.01722467570890836,0.017289461789350386,0.017301610203116307,0.017264408904025443,0.01727997968381949,0.01713483714364537,0.017282640781696005,0.01721553197470721,0.017259610447164966,0.017268281007481904,0.017218325187263652,0.017326537509359665,0.017221117648318626,0.017294692042459436,0.017264824884703035,0.017198660303351612,0.01725931957217006,0.017245003293406842,0.017262528788728505,0.01723151851441493,0.0172504237897573,0.01718902258154249,0.017195879092600147,0.01720297455846554,0.017205819170494224,0.017260668699412698,0.01727404939020467,0.017244497817735956,0.017244947968484022,0.017215893536729913,0.017217248015531282,0.01724481849130939,0.017209369702900146,0.01729944364188735,0.017284660703470674,0.01726013425454267,0.017219177422990804,0.017204900658190973,0.017191465645250894,0.01725499617814472,0.017296119140351705,0.017177847540410563,0.01725824717196791,0.01720686064043163,0.017236718828424265,0.0171625455396699,0.017213319691196036,0.017146072377212378,0.017238297435696312,0.0172344156751182
ENV_04_46549,0.017290663909188642,0.017278091737449243,0.017290561938986995,0.017228465858345768,0.017253895995967553,0.017311715135867926,0.01722610756654275,0.01723752524891741,0.017205981969574038,0.01728848946106948,0.017301048908713618,0.01726888813115484,0.01729293799289866,0.017135175164562387,0.017266769863353806,0.017229998632756132,0.017259612178997012,0.01726754456139733,0.01722938653334803,0.017327078800924507,0.017213070505552854,0.01725916700190595,0.017264723787538044,0.0172166486954017,0.017246378326175985,0.017255663762569855,0.017255187798160026,0.017233542215425692,0.017214549046642814,0.017204491534334117,0.017219024594557368,0.01721413655281508,0.01720202693686546,0.017232895039449983,0.017268040772725212,0.017284916945554812,0.017249602252419362,0.01723356880166657,0.017227058922261267,0.017261023622059102,0.017210022337670106,0.01730318514617803,0.017260156123775412,0.017253428779284985,0.017185742294807876,0.017210933921253876,0.01719864742724737,0.017229932353161767,0.01729990770704452,0.01719610136732255,0.017243460503943236,0.017211003988646504,0.017233323027445527,0.017189011233937818,0.017214084422192435,0.01712555337477245,0.01724278688883587,0.017247062398382407
ENV_05_4e2b7,0.017283170444107435,0.01725425388323961,0.017304501229881787,0.01720792561650264,0.017247011534726187,0.01730123062848458,0.017209023308357097,0.01724921439985669,0.017245207473015115,0.017296339274765007,0.01729905888362427,0.017245224102438325,0.017313877782276665,0.017111157627581808,0.01726362229063406,0.01722728609785316,0.017249177561051415,0.017274920364542444,0.017224565987456877,0.0173259530463435,0.017198168197722057,0.017264905929418723,0.017269170983507314,0.017221466017563518,0.017268557987606434,0.017239337817211514,0.01724954070115952,0.017217356778723335,0.01723720415317391,0.017182049767511618,0.017230446294072728,0.017188676468432015,0.017208357746034297,0.01724769032879283,0.017270799487105293,0.017281765635224114,0.017268561852882384,0.017223205510381555,0.017219979805398786,0.017230201701200355,0.017193688526558754,0.017324470240427395,0.017257445951495042,0.017250437554729787,0.017203025610348772,0.017217315142120923,0.017196974600728405,0.017226140805156994,0.017283234712886064,0.017198341545099853,0.01724628496090153,0.01724636623931728,0.017234338296778735,0.017171550663492602,0.01721957496316312,0.017165393318000325,0.017284638255690855,0.017230613913242515
ENV_06_5bd1c,0.017194977750570713,0.017276613481705092,0.017133749427557295,0.01720964954194819,0.017205014649651802,0.017191479780381776,0.017276977685053214,0.017193572296499232,0.01720971411447881,0.017219835211219878,0.01714558711478643,0.0172875285676905,0.017180123886695844,0.0174573139162095,0.017209799551461586,0.017241409502375418,0.017329762580328964,0.017198709459958807,0.017334806841876542,0.017142357583632892,0.01727494975399625,0.017215047072212008,0.017235367116617863,0.01724153466323317,0.01727375036711735,0.017239274278569097,0.017212666516780432,0.017212690792054283,0.01727302378021213,0.017251581754490278,0.017240534614588618,0.017352708147973194,0.017275075807367122,0.017212817135868544,0.01720031187930289,0.01714777219209417,0.017272706812484995,0.017271832451663527,0.01732645080918074,0.017258008202683348,0.017332184202001926,0.01714143112167591,0.017178308533012547,0.0172054276241334,0.017315749804769343,0.017292602167817202,0.017302505712842576,0.017268211121321837,0.017168528640975365,0.017268540463140282,0.017206740780685657,0.017185429339368487,0.017232385747795467,0.017314871605180023,0.017265661023260225,0.01728322872423078,0.017150938619028763,0.017260167676187654
ENV_07_6070a,0.017217117342966347,0.017257226305700733,0.017163819746251557,0.01723267939799392,0.01723386294264948,0.017215150413968403,0.017245470757395315,0.01717338762094257,0.017223699273191766,0.017214652087775412,0.017164149122639916,0.017274690262657023,0.01721715727788887,0.01738485653347244,0.01720515257190705,0.017253272321063665,0.017302723961213833,0.017249379322267458,0.017283773755222925,0.017179474731278465,0.017257541602992206,0.01720128288596161,0.017228022269150267,0.017253796630143224,0.017252529014556366,0.01724780791552687,0.017190997920369815,0.017218886618836034,0.017245209489198346,0.017231622780419044,0.01727818196497217,0.01733473906476923,0.017265966640348813,0.017220413424213227,0.01719393524878771,0.0171898028455619,0.017295855930447558,0.017272767569267627,0.01731797188364323,0.017269625588435287,0.017306081172321824,0.017198126773595303,0.017164290057577258,0.01722454391267203,0.017259701057167915,0.017282416719961183,0.0172814799390139,0.01723580003639352,0.017164318582706742,0.017289062881450445,0.017209630646195385,0.01719981373020411,0.017233102573712522,0.01728876651579777,0.01724039504837562,0.01728091299003714,0.017209138847386923,0.01727376547938262
ENV_08_6c0c3,0.017287276102949233,0.01726993827927248,0.01727970938589834,0.017218668670618175,0.01726547409365823,0.017309172884147184,0.017210955981009926,0.01726012163337002,0.01723565939977595,0.017284849840434834,0.017314186174716837,0.01726437027329566,0.017282613361083925,0.017142188954295808,0.017271685461820636,0.017223397810522012,0.017256460294585167,0.017266035308790756,0.017211256461962872,0.017326442679174922,0.017207704361126626,0.017288567384233493,0.01725602766841744,0.017207639512377533,0.017244695770702614,0.017252156376834922,0.017270196780766016,0.01724880889908834,0.017233515652845373,0.017193943579274295,0.017202135944588134,0.017219725899172166,0.017199441091578945,0.017255478621458837,0.01726763669501271,0.017257485683221413,0.017239624078343833,0.017222643123962888,0.017235548386829974,0.01726787364954828,0.017198975384117653,0.017286179172850906,0.017269106363844988,0.01726136992089746,0.01718319410315371,0.017191900926473068,0.017200121671673847,0.017252634520167898,0.017284484035323747,0.017208076419073477,0.01725313782429774,0.017213785097487916,0.017220764690501458,0.017164881787795076,0.01721820140975092,0.01715063458465441,0.017246449234741657,0.01724479064242734
ENV_09_80007,0.017205325367600197,0.017280508941970467,0.017177329558957736,0.01721343548931845,0.0172083209704348,0.017198606905758678,0.017289257123766322,0.01720257580937338,0.017196482671777147,0.01724498536837897,0.017180964417344846,0.017276180948130222,0.017174722879783992,0.01740949270941428,0.017218708382350255,0.01723571654297077,0.017320809856410557,0.017198949635663863,0.01733861788465282,0.017167156207214162,0.017287768764581223,0.017198349958317403,0.017258988880255437,0.017230107370361136,0.017286204252489654,0.017230950479253753,0.01722234804623748,0.017191031697027643,0.017269759955652608,0.017234796766492946,0.01723957850648693,0.017326078937734524,0.017284464403225768,0.017211969973903597,0.01722197080056439,0.017180509528945606,0.017271421794915857,0.01725785093250257,0.017317957262704898,0.01724692315813989,0.017307664456046083,0.01714710364472587,0.01718624001139093,0.017202724664482708,0.01730722820714939,0.01729604829720169,0.017303796258400474,0.01727023515979931,0.017197890198753372,0.017207163018326373,0.017195076526174188,0.017181888421914964,0.017242488469358712,0.017310340060592965,0.017283192024609016,0.017262134252690426,0.017131495937962534,0.01726011124935568
ENV_10_8f360,0.017222966224936256,0.017253436171949636,0.017167509920609995,0.017224194105817645,0.017243052886479187,0.017211716305249265,0.017250809926008415,0.017175732941974067,0.017230569246573766,0.017222100906366847,0.017183541592866537,0.017258732461567127,0.017221079081923586,0.017363405407800504,0.01719989694504743,0.017251889882352982,0.01729573764128872,0.017243150783196038,0.01728061594583633,0.017187328349557218,0.017255969573332103,0.017199734124949066,0.01723686385787736,0.017256420518533218,0.017269769629506732,0.017240477479450164,0.017202531603407182,0.01721610086269153,0.01724281211465168,0.017224775929575255,0.017279952196515343,0.01731886096005677,0.017263773100689925,0.017223120174226877,0.017208782526278325,0.01720336198754312,0.017289386975523048,0.017266924192322,0.017319368170725297,0.017260406133548116,0.01729085282363223,0.01718927043591941,0.01716378267477457,0.01722484880620778,0.017250420224234026,0.017280269969513287,0.017287042146811423,0.017244480996233325,0.017166636734590752,0.017268266671883078,0.017207093247689927,0.017210550878745505,0.01723963476338799,0.017283963363232437,0.0172569313806115,0.01728543648071628,0.017215813342409975,0.017267846220601922
ENV_11_97928,0.017209683563693904,0.017294368603498433,0.017183639636476296,0.017231801105148315,0.017188328230074556,0.01719387053854432,0.017258994101021632,0.017214124027138167,0.017197513292208352,0.01721458702477334,0.01715813299722518,0.017279381337844724,0.017179250163652064,0.017406287858487603,0.01722765478439015,0.017237134992653003,0.017316502125955233,0.017228874920452008,0.01731237552626476,0.017167163626352094,0.017293032699078188,0.017215504772840572,0.0172472740812278,0.017223407925108177,0.01727674465217893,0.017239542032820875,0.01720485779283221,0.01720047242729346,0.017271115318691948,0.017240602807947467,0.01724672238791071,0.017328356285498437,0.017275226688215715,0.01722211377227892,0.017220622703472858,0.017163233792511418,0.017281099116446107,0.017258708735947766,0.017307051522723185,0.017247154069409385,0.017326936669146416,0.01716792230953417,0.017194176337798746,0.01721285836839774,0.017308668312529377,0.017297374065975632,0.017288615360307808,0.017261976734915092,0.01718067182114843,0.017230660685710206,0.017209271892973062,0.017178752700228634,0.017245329364102377,0.017300665220715612,0.017250030768766182,0.017265596558310434,0.017147005902056017,0.017270974887095912
ENV_12_d933a,0.017283070827469434,0.017285120316168072,0.017268914178795766,0.017220420469359534,0.017240878993840428,0.01728693323979518,0.01720973409464445,0.017260732097391752,0.01722700290716112,0.01726504725183969,0.017286214614839212,0.017258530190285917,0.017279373550604313,0.01716108159098285,0.017265133367659852,0.01722529552290585,0.01726121337308848,0.01726504112384351,0.01721737486257763,0.01730799185536675,0.01722017379205096,0.017287861920193756,0.017256156311466847,0.017212082071163936,0.017263292953840045,0.017249620318482536,0.01725922543866867,0.01724433830274725,0.017235489914484457,0.01720660184196788,0.01721134560929102,0.017218044884069163,0.01719910081682061,0.01725209567372953,0.017273883127265213,0.01724395263571642,0.01724237116888646,0.017227819585822816,0.017232008394344092,0.017249785571579905,0.0172233351214059,0.01727718904803977,0.017267840636309845,0.01725885123977882,0.017206045469008734,0.017210153418330338,0.017204512597209506,0.01725382345995303,0.017270236109892326,0.01720605920958271,0.017256801759407574,0.0172161859342538,0.017238305164090684,0.017180878036638616,0.017215969545006794,0.01716251664177923,0.017249074672291923,0.01724186717580912
ENV_13_e223a,0.01729127151776444,0.01727532430452671,0.01728845482035735,0.017217081440730198,0.01724653607689115,0.01730877898931751,0.017203987201416544,0.017241305471756938,0.017228535208502097,0.01729207559386467,0.017301443375328508,0.01726537918329113,0.017309272353290727,0.017098310025358252,0.017262836791830733,0.017234147573616364,0.017270716761059644,0.017274549956168242,0.01722366076956607,0.017342226870883073,0.01719464088877633,0.017274561330545033,0.017256998124508555,0.01721508489247636,0.017262458181592062,0.017252647180021487,0.017239223409288715,0.017232125957607782,0.017217977429587694,0.017188919024633466,0.017226164117061852,0.0171933511636824,0.017194630419934517,0.01723793012861088,0.01727047983298783,0.017265286709606628,0.017264764738806993,0.017231491299795686,0.017211222040690453,0.017234393052700237,0.0172017817013215,0.017328060078783306,0.01727517694732097,0.01726340054507848,0.01719258338450815,0.017211559124210966,0.017182226114418192,0.017218266141707857,0.017299125397812053,0.01720856930839667,0.017262947842875707,0.017232408654674097,0.017240792299895384,0.017167553198181588,0.017209761455139732,0.01713965374986763,0.017296770046145958,0.017229119801226486
ENV_14_e4670,0.017203890395208716,0.017280772622730055,0.017153999107943765,0.01721252776506938,0.01721056818533026,0.017212420184301983,0.017273720733898424,0.0171979184362414,0.017202420318880966,0.01723305091282909,0.017163099867598886,0.017298604427352177,0.017184385479696106,0.017437125297949507,0.01722334756895579,0.017236642601609595,0.01733067216921048,0.017207797062075335,0.01733091889033549,0.01716221357426527,0.01727139006959317,0.017218585327498332,0.01724056424325799,0.017229543244646428,0.01726166694636791,0.017244276561336563,0.01721833394709422,0.01721070526203325,0.017271370757438207,0.01724148376856387,0.01723009989939716,0.01735309252024768,0.01727150858169983,0.017213767533823893,0.017201781309723167,0.017158659381115583,0.017274607734781105,0.017266740955758655,0.017325013956304036,0.017272008006951455,0.017321485260235484,0.017156878989781892,0.017183864035699783,0.017206702404865413,0.017300688933256737,0.01728155007036046,0.01729310308950841,0.01726563077926796,0.017184440445328398,0.017259053821851406,0.01720370407668596,0.017172942394321395,0.017221108797134215,0.017300956421355807,0.017256328497650048,0.017254627290623846,0.017137454281597412,0.01726818480136027
ENV_15_f1429,0.017290924588839962,0.01728055896268254,0.017289367669491233,0.017209518165208843,0.017248292995332037,0.017306140796583436,0.017215929248971334,0.017258047224457784,0.017224245493597932,0.017287639318503023,0.01730534652767714,0.017260271825153464,0.017294936713088294,0.017142494205795434,0.01727271044840017,0.017219068052145785,0.01725947639445981,0.01726719584367488,0.017224508958293718,0.017323444081997152,0.01721096954899607,0.017281779749901725,0.0172710518086202,0.017207418937314832,0.017264759317132783,0.017247456195636356,0.017270586271762367,0.01723137156770716,0.017236406777833137,0.017192124077904516,0.017205452178609623,0.017213006378105973,0.01719757481361114,0.017248924664689535,0.017279350640901133,0.017269476336283902,0.017248121568592876,0.01722252529194095,0.017237034822635028,0.017257187493169797,0.017207258303324216,0.017290677946446495,0.017260605398785586,0.01725065994236185,0.017192936012344433,0.017204421794582335,0.017203496298841003,0.017251805503870336,0.017282247460208677,0.017189248846134285,0.01724332243010586,0.017214573917791392,0.01722590172824021,0.017172393631595867,0.017217219995998165,0.017138373243462537,0.017236154573948715,0.01724600701625494
ENV_16_f8183,0.017290589610431235,0.01727318240162798,0.017300858898152107,0.017251472583136324,0.017250899319243722,0.017291727713462796,0.017200791878464065,0.01725313362744432,0.017228789815680712,0.017262197739564052,0.017303249662445744,0.017253305232551794,0.017277971929921705,0.017111277407885723,0.017268546340639932,0.017236370603762163,0.017247160994132867,0.0172918872044586,0.017198149624024002,0.017331219469628883,0.017222302501366304,0.01726660955741397,0.01725333466518403,0.01720771302299269,0.01724238090420559,0.017256274304659577,0.017240155125910754,0.017241525654362728,0.01721497351126174,0.01720018103867167,0.01723541556783579,0.01720511226456058,0.017205854708991615,0.017249178411356456,0.017274214086412453,0.017271406595757117,0.017256748275610592,0.017225304047098353,0.017218452911666005,0.017249403426317596,0.017204982378426624,0.017307809785832774,0.017271993470402112,0.017267240685423665,0.01717591577377089,0.01721215635030181,0.017194973093682075,0.017224876203368256,0.017280964543096782,0.017206532455912266,0.01725708638040729,0.01722592582474299,0.017239446444724638,0.017177000965429505,0.017206804582492075,0.017161102705494407,0.01727137810211218,0.01725448761608518
HEA_01_07f11,0.017263314387613252,0.017215490142480427,0.017292762295937777,0.017234151095860607,0.017262103559196242,0.017253557702159642,0.017198596991082993,0.017276061355236183,0.017301429615864145,0.017253254795216038,0.017302344231107335,0.017207114937568022,0.017270105737852787,0.0171295231263185,0.01725751719945447,0.01723536005358007,0.017211852680202235,0.017279701570314984,0.017188542762045646,0.017294306673344403,0.017214915018635056,0.01727014101095888,0.01724973248971065,0.017221483593732708,0.017253002771319078,0.01723176645590019,0.017254762217510697,0.017240702834585814,0.01725127281664659,0.017194168359043315,0.017245721775882874,0.01719293232759702,0.017228292828075094,0.017276086445853517,0.01727177983253572,0.017263373248299678,0.017254611076629373,0.017210160457465255,0.017227776987086107,0.017225276294954624,0.01718054481602726,0.017282491112280047,0.017260055689256596,0.01725723321226413,0.017194470237118443,0.017213694853471625,0.01722195661507734,0.017240672310655673,0.01723640696244316,0.017230204230300656,0.017253133129727535,0.01728362323247325,0.017227187144064376,0.017174912226099612,0.017237028466303962,0.017259338830734557,0.01730085174982622,0.017241145427017532
HEA_02_0a422,0.017268582232541213,0.017203381350752868,0.0172716742850219,0.017237541011944857,0.017287580505439163,0.017282168504715076,0.01718982990161167,0.017235021475570197,0.01729745971427167,0.01725662869489949,0.017290711141441522,0.01722694092386601,0.017300389318693432,0.01712963940664482,0.017243364591210175,0.017248044734863053,0.017218451428490798,0.017294409874551647,0.017179143804553994,0.017304026781713718,0.017188967484490662,0.01725852100977262,0.0172305171275674,0.0172436456333993,0.017224603619858166,0.01724652102645568,0.017233342635344023,0.017254630271365583,0.017226886461007798,0.017193482369316056,0.017263537912283203,0.01721059700342713,0.01721862780598875,0.017264258592135654,0.017238602278694996,0.017273401087104963,0.017269308312769266,0.01723029993302189,0.01723246016181937,0.01725105302139647,0.017182491002154136,0.01731596462905049,0.017239444718525898,0.01726673066998305,0.017168428009098465,0.01720527513601352,0.0172070295221672,0.01721289871120626,0.017236592310250532,0.017280520526614954,0.017255996982343463,0.017277805156334293,0.017219268263214717,0.017172322365731275,0.017216026039904943,0.01724414715817605,0.017337409063109762,0.017243396306104754
HEA_03_12168,0.01717586271539637,0.017211735265733635,0.01717432074350539,0.017234960720330733,0.01722735774699042,0.01716416376780999,0.01725851314903483,0.01722733548201279,0.01727367934078963,0.01719850447934496,0.017153924328868416,0.017230773068705317,0.017163896815694538,0.017446723566902262,0.01721124652518465,0.017241202790558435,0.017254435628447373,0.017223136042680717,0.017280015928286766,0.0171199105020356,0.017290472916522387,0.01720486770777349,0.017229140827099598,0.017255127225390535,0.017248329356556485,0.017219128941200812,0.01721772463232736,0.01721612794032,0.017302042204068557,0.017244302779557016,0.017265886563282803,0.01733121521125296,0.017310305376880945,0.017256494095211784,0.017190359108792307,0.017167357470725494,0.017268967192055118,0.017248580005324376,0.01732095471574112,0.017250176459410026,0.017297662189858534,0.01714255994981816,0.01716795752482754,0.017209675143835135,0.017314951274745877,0.01728984348439095,0.01731989465745086,0.017275332615397865,0.017132325461508464,0.017277268979529133,0.017200952488039187,0.017229272166259923,0.01722803992802694,0.017305712036417818,0.017277660006584823,0.017384404967113916,0.01717238918259716,0.017264838605791647
HEA_04_19bb1,0.017188908435274024,0.017239782081445967,0.017168504946162268,0.01721214434871466,0.017224672958346444,0.01717243113387901,0.017256459947058808,0.017250348111733257,0.017267826816187746,0.01720857875097787,0.01717737425256478,0.017236625658400524,0.01716137793002933,0.01744228922306145,0.01722220531871717,0.017226099729552125,0.017270102934578948,0.0172105116916973,0.017280768364990776,0.01713502529129384,0.01729006610564194,0.01723915990792098,0.017239902527689793,0.017235809005169706,0.017272476700292187,0.017216972640224388,0.017246556982582265,0.01722149295495408,0.01731298313490033,0.017234050536038388,0.017231932372677138,0.017329348034450322,0.01729163367107609,0.01726610119025914,0.017214197182232476,0.017149638171037925,0.017250695156224616,0.017237707301621386,0.017328804295948505,0.017254273697440065,0.0172948584504675,0.017119363134545977,0.017184190294600842,0.017212571367909362,0.017313022440658053,0.017272250127369212,0.017317734659698332,0.01730937248577334,0.017139924418947253,0.017246941209442878,0.017206310704115966,0.01721074427719484,0.017225635943679787,0.017282654040574757,0.01728424250977679,0.0173559888357062,0.01714717104677224,0.017261184559718454
HEA_05_65dc0,0.01726315978814538,0.017222053525756887,0.01728936515361436,0.017244454750441097,0.017268202784612118,0.017269037064188426,0.017187339861002033,0.01727474407335439,0.017281630155355363,0.017244556990543912,0.01727713052691453,0.017212463069433474,0.017278880480697055,0.017152662072019285,0.01725288333194548,0.01723305795251577,0.017194016153747087,0.017286513860209945,0.017161403007934665,0.017285991528761334,0.01722462093856123,0.017276574254612685,0.017234850264572863,0.017245613300767144,0.017231631236494554,0.01723496832429983,0.017247612260479633,0.017258759261332274,0.017251497140299752,0.017207105266170742,0.01724449866604441,0.017196552383823005,0.017227276071442383,0.01728869316460479,0.017244212707656647,0.017254891372090363,0.017238459564828237,0.017219786964937984,0.017215574284654,0.017241076183750207,0.017199938867670142,0.01729463574629772,0.017257048395823923,0.017273948217395325,0.017212960847967945,0.01720816414838485,0.017207979150026618,0.017248886602823626,0.017242676458142273,0.01723634127824235,0.01726444440923708,0.01725589228889761,0.017248547562569848,0.017174598887242726,0.01722011697059886,0.017256922723809687,0.017302460627571233,0.017230637074682902
HEA_06_6bf25,0.01726524170525601,0.01719856968446437,0.01728065127351354,0.01723438761035512,0.01728225555964221,0.01728434066628967,0.017195466747388838,0.017241847016130032,0.01729491761717282,0.017256667041059093,0.01728180730889116,0.01722298912797496,0.01730605631309541,0.017146972646193897,0.017249096843117293,0.017241527660089725,0.01720479615223679,0.017292527392655167,0.017181187845511956,0.01729182377602986,0.01719244255552365,0.01725763332962863,0.017237001612871828,0.017248109301790143,0.017220360731675804,0.017243031490673105,0.017243603710930814,0.017250979925483256,0.017237184504944717,0.017200203131850736,0.01725759387033363,0.017211967298454152,0.017221535986375422,0.01726723459596302,0.017236577785459197,0.017283855682222,0.017264147578602753,0.017228753209484905,0.01723354426575172,0.01725633399593548,0.01718694457048833,0.017316000259489147,0.01723216756903744,0.017257853693431944,0.017179012343992797,0.017205945823045837,0.017211425758099527,0.017218797081349893,0.017233720959351585,0.017277778011746216,0.01724727403780671,0.017276847670199616,0.01721408682415553,0.017178437643080066,0.01721261820658226,0.017242728112456765,0.017317527905298922,0.017245608979364495
HEA_07_7822c,0.017171020152513834,0.017203683324170344,0.017154871145361048,0.01722259704539137,0.017239225142815427,0.01716073078070703,0.01726575563120615,0.01721926133845718,0.0172826915083471,0.017208452115049202,0.017160046822983013,0.0172281801289422,0.01716233708540885,0.01744771760344612,0.017198585269710884,0.017244813355220785,0.017262201244481943,0.017205922990725975,0.017288118257813928,0.017118544587431467,0.017282186898489347,0.017203836915880278,0.017224727520381383,0.01726377053850921,0.017257415677204565,0.017214784772565703,0.01721900584998191,0.017219376045508487,0.017300382333385204,0.017241350453220183,0.017266193267121772,0.017328292197328475,0.01731182671444595,0.01725410354157752,0.01718650424235052,0.017159092769323522,0.017264215832848977,0.01725141360903924,0.01732319581256583,0.017242430946951732,0.017290182495967858,0.017130890280326713,0.017168346605331175,0.01721231591903363,0.017318564049508198,0.017288546269684284,0.017323791957227407,0.01727909709156022,0.01713545084407249,0.01727936980855615,0.017205314549488118,0.017237044034090734,0.01723343491766995,0.017306195242229507,0.017295710108676317,0.01739794820510982,0.017189005761763347,0.017249930390840433
HEA_08_7c732,0.017166609452421357,0.017216307897035796,0.017138776506356538,0.01723132561057485,0.017227950972734187,0.017139400286445155,0.017256244398105983,0.017217859060126062,0.01727658704968394,0.01717744880726883,0.017128480626424056,0.017220336054715183,0.017150877853488056,0.017492726242067987,0.017189002374836337,0.017244883487429297,0.01725820293815825,0.017216579188499368,0.01727488927939606,0.017092221254560853,0.017304096481884898,0.017202730356208472,0.017219210483189903,0.01727187415588766,0.017265245356210705,0.017213039065103665,0.017207988220955213,0.01722197197151868,0.017306049218567453,0.01724971683222823,0.017279204814977064,0.017344837771124548,0.017316400318408795,0.017263021919977865,0.017181414201710463,0.01714065138216082,0.01726597065736212,0.017256092519614276,0.017336626256366363,0.01724439491329739,0.017319102543937398,0.01711056548844804,0.017151239363221972,0.0172150419287307,0.017332444143558747,0.017301859920198632,0.017335529030585405,0.01729177554482467,0.017102116320221884,0.017283195136176693,0.01720347093804522,0.017224338429584787,0.01724807952238753,0.01731972021916321,0.017290338399542925,0.017425695523463042,0.017179177726275772,0.01725906358455067
HEA_09_8b6f3,0.01726683035576636,0.01720586841891191,0.017262632599429124,0.01723859569217258,0.017286036627944555,0.01727317120277901,0.017188844609627354,0.01723691366468195,0.017291742173948178,0.017238897728918873,0.017269203579757125,0.01721320059212509,0.01730414637959971,0.017159910513379912,0.01723472385572554,0.017244864389458586,0.017199216780222387,0.01729478760217348,0.017163937004960567,0.017282348652525842,0.017201858216563917,0.0172594814288142,0.01722888403852523,0.017262666516664436,0.017228623510107628,0.017241644355739476,0.017237663998934918,0.017261968739205477,0.01723185586657265,0.01720692902920118,0.0172684635778881,0.01721255550455461,0.01721879616844471,0.017274047878263032,0.01723385833973123,0.017273704917926097,0.017256377134832912,0.017234197291730494,0.017235818260832682,0.017254187173229317,0.017199378393215333,0.017302486096517054,0.01722560509562185,0.017268750674443226,0.017182071247152705,0.01720941405874043,0.01721427098375929,0.01722887429785649,0.017219520841039452,0.017278808624806016,0.01725447045547417,0.01727180482674987,0.017234640281685604,0.0171826044377982,0.017215134052024992,0.017261058336765736,0.017330588078153655,0.017241064846325514
HEA_10_95108,0.017175002549678842,0.017212057159507767,0.01714793534077473,0.017243568120104323,0.017227237393282805,0.017142274603511892,0.017259604712067063,0.01722321673213286,0.017287003364996625,0.01718113989478506,0.01716033834684267,0.0172279510701633,0.017149072986778802,0.017431549535294466,0.017202220112523016,0.017254659595940986,0.01726763253534468,0.01721512023411147,0.017282885534189073,0.017121357646685712,0.01728480478039544,0.017209040853431504,0.01721700237807111,0.017249186488960126,0.017254395309294984,0.017225366879373937,0.017211378495129135,0.01723062877626297,0.01728479862259739,0.017256489137431042,0.017274198279758797,0.017329336767601563,0.01730229228578691,0.017246789639089273,0.017203156377239202,0.01715321352622318,0.017266074902279806,0.017252437246941688,0.01731731513881316,0.017236432194856946,0.01729556427561217,0.017125763017961277,0.017183340490450838,0.017215044374723494,0.017299344662031896,0.01729095428822121,0.01732242829924338,0.017266263429824513,0.017126107464617967,0.017300391098625093,0.017215389346814103,0.017251608968025633,0.017229355301470187,0.017311043815663563,0.017285699749400803,0.017399786471069458,0.017201609156567887,0.017264140241422192
HEA_11_a46bf,0.017255405637786207,0.017212199362251508,0.017294478586606127,0.017235095486846045,0.017264933101823095,0.01727383276100304,0.01719925984582874,0.017280442606175176,0.017287369521784182,0.017261720391047612,0.017284123943913276,0.01722023059217678,0.017276195050248508,0.01715380954095214,0.017261818839571973,0.017230021918038622,0.017200234403615795,0.017272001339305586,0.017183375359709336,0.017285352131217846,0.017215852948608563,0.017276974292377886,0.01723955225303868,0.017237304948392117,0.017226645714308014,0.017233456302030194,0.017256375082138835,0.017251794619623097,0.017260518693160715,0.017206481882307223,0.017230601562527113,0.017196837720532366,0.017232020322682385,0.017282343637665835,0.017243493827194895,0.01725580597422207,0.01723856351930994,0.017216508856378862,0.01721313538592452,0.01723915493592481,0.017191071118346772,0.017296224984006257,0.017264801606990447,0.017262919637104593,0.01722150865372702,0.0172057351565688,0.017209120617870714,0.017245231074584096,0.017255687765428112,0.017238098355329804,0.017260263308722646,0.017263210089620024,0.0172324111241804,0.01717584764020175,0.017225597289529836,0.017249496911352084,0.017290708610216844,0.01722674315797005
HEA_12_cb742,0.017246435441266306,0.017212636035463018,0.017249198413017863,0.017222136401963673,0.01726252658226317,0.01726220089479739,0.017216324968492628,0.017261622263063908,0.017287886757542007,0.017253063815720737,0.017265783813254647,0.01723199283785327,0.017271842013024827,0.01720215237476982,0.017250905594604966,0.01723505857408583,0.017222363337222976,0.01725116094531619,0.017211846273800836,0.017260859994463144,0.017206681355859496,0.0172753135360813,0.01723419882644771,0.01724138507741993,0.01723121501624756,0.017238519443381086,0.017259930087692478,0.017257757892049874,0.017256798339885953,0.017222892540089133,0.017227596654576856,0.01722499649784337,0.017226726977080463,0.017265028449051673,0.017238992285428165,0.017241883774403707,0.017238314375293343,0.017229449301873787,0.017234583050364405,0.01724718188341097,0.017208448289043627,0.017267411160566133,0.017250926145897506,0.017249815869093462,0.01722294611497808,0.017209988271794728,0.017224876257136038,0.01724601957155464,0.0172369866115539,0.017271523171015754,0.017254285685812894,0.017267538010722838,0.01721762710659054,0.017197312114028165,0.017231514453814083,0.017252798705720152,0.017281186311612743,0.017231353452596288
HEA_13_e6d1e,0.01716645658396974,0.01721591339004142,0.017138466967873207,0.017231999262745386,0.01722844820375023,0.01713943428365818,0.017256458447015607,0.01721770849406911,0.017276187460227226,0.01717690002071717,0.01712787748580044,0.01721997849156887,0.01715094398262964,0.01749334301282193,0.0171885963363048,0.017245076157334525,0.017257007065010533,0.017216350898250285,0.01727402148854196,0.017091639449116732,0.017304432199557507,0.01720250887895771,0.01721865607549435,0.01727303272012751,0.017264334640830697,0.017213109592109192,0.01720802919660017,0.017222866342230282,0.017305642662395728,0.017250835151193415,0.017279445706006077,0.017344657303868194,0.017316460347414922,0.017263188518688577,0.01718071581652055,0.01714103930731914,0.01726493326819115,0.01725648717491036,0.017336015522760918,0.017244728674013252,0.017319450170785653,0.017110495833264613,0.017151189766326198,0.017215456934981763,0.01733274661733825,0.017301723613039534,0.017335406528523525,0.017291878960671657,0.017102378647666363,0.0172836760718147,0.017203795053459793,0.017224221160999524,0.017248828398090135,0.017320306905318113,0.017290247167796785,0.017426140069835255,0.017179484374109946,0.017258647145341536
HEA_14_eb0b8,0.01719122470123783,0.017246837025069496,0.0171658386620537,0.017214371844152,0.017219104670869036,0.01716750803401766,0.017252961904080544,0.017250881281262738,0.01726475068416657,0.017204075406371866,0.017174877876000492,0.017234131715076807,0.01716284256885286,0.01743007547001253,0.017218674789087698,0.017228998695168363,0.017272415914785233,0.017210191881158972,0.017277843134229552,0.017138559787158655,0.01729115079542849,0.017242058040076794,0.017237336557546463,0.01723787411452637,0.017279991655683825,0.017217257952539606,0.017240842006256956,0.017224062301811824,0.017307601988850438,0.01723753675617317,0.017235824456255606,0.017319691959149834,0.017287364743417567,0.017264807133129785,0.01721894554632144,0.01714494720798288,0.017248967815966857,0.017239519605530506,0.01731923870853082,0.017243216043228954,0.017298284787848842,0.0171219853610607,0.017192224338331043,0.017218025831185094,0.017316932894177444,0.017275627952354468,0.017312431591756085,0.017307015349070923,0.017143719758362267,0.01724407277451585,0.01721495500767452,0.017213975727132756,0.017237746078633123,0.01728252033803368,0.017283899764443774,0.017356087523922707,0.01716171917184758,0.017254374316428366
MAN_01_00138,0.017185719399874677,0.017239180625296405,0.01716502300557082,0.017222784485723827,0.017220644435565997,0.01718844076927897,0.01729653314099873,0.01721158851374407,0.017211281509906206,0.017217529064574424,0.01714059959271746,0.017243755063383753,0.017189368505550154,0.01746216201869808,0.01720526994250718,0.01723562496977499,0.017252184784789064,0.017186433193191356,0.017305241111457082,0.01711672430830029,0.01729329888655114,0.01719739337639758,0.01724102317910785,0.017284038997117952,0.017253766816038366,0.01722207926087065,0.017238081865923204,0.017221846538546474,0.01728172571966211,0.017281739263761368,0.017245839841809024,0.0173185779619593,0.017292489950900877,0.017231131725900097,0.017191125295282182,0.017196931751263286,0.017231225284456995,0.017267506895759236,0.017300693804720716,0.01725512281547628,0.017320738421189932,0.017140718201792277,0.017170681204261205,0.017204050700680568,0.017338923034835595,0.0172915668086407,0.017311033528294422,0.01728374644526576,0.01718078788671956,0.01724547005330452,0.01719927529692065,0.017202433354587394,0.017255937154596234,0.017334785426265226,0.017280185388344707,0.017314573009346287,0.017142166688745412,0.017241199723801177
MAN_02_0bce5,0.01726334346884291,0.01723371296036143,0.017281797525230545,0.01721392470489561,0.01725186951268099,0.017297798771411327,0.017229991521444447,0.01726045479411381,0.01723820554160186,0.017280051717001303,0.017263122832726765,0.01723596495616035,0.01731355001610392,0.017171693045678813,0.01725733712383809,0.017224828009601737,0.017205859418772017,0.017242580386456725,0.017215192934203937,0.01727967793438046,0.017206320955926873,0.017271637802545817,0.017252062470172858,0.01726207835934509,0.01723566219587526,0.017236907168577092,0.017271629296744865,0.017250662311671314,0.017246130895377094,0.017236118241033493,0.017214610303373533,0.017190406070103144,0.017211957394099017,0.017254808601124726,0.017242992962433916,0.017282607218200977,0.017218020630885546,0.017235789738958823,0.017200528950270084,0.017242614352655568,0.017214539486669806,0.01730475661696797,0.017259422328720953,0.017250137983262435,0.017243119723238776,0.017209774983452643,0.017200701367253258,0.017244710891254563,0.017289880831514375,0.01722599878800253,0.01725492551977595,0.017247370075905776,0.017245945309989765,0.017200414274894216,0.017220073072358864,0.017185404934260334,0.01726987740087376,0.017208443316721903
MAN_03_368c1,0.017197337312248675,0.017249602296438772,0.017170845407111127,0.017213360316519603,0.01719461804381449,0.017180915647747333,0.0172784967318809,0.01722412819589223,0.01721697804720376,0.017204874856017204,0.017128061400362826,0.017223688757774275,0.017229696499326475,0.017410629283502593,0.017202441838569987,0.017236988518837718,0.017239987626788692,0.017192363233048104,0.017290183825939612,0.017126818853158282,0.017278841944168007,0.017218828986078218,0.017242221030786525,0.017296715987702264,0.017282844690678197,0.01721815562244049,0.017234566192470352,0.017226656843680816,0.017276666504423034,0.017293361088698504,0.01725389072856193,0.01727272807722672,0.017266828829102222,0.017232948620406387,0.01721370124372174,0.01720222028374224,0.017227620818486326,0.017268995567992693,0.017264502826918993,0.017216478515572262,0.017326063382689747,0.017171564268472085,0.017190454210610877,0.017211371196453558,0.017352975219978785,0.01729660533562844,0.01728857645618574,0.017275262667859063,0.01718467407947715,0.01724786178114347,0.017222878301405103,0.01723439711337039,0.01728191593743533,0.017323714022200867,0.01726521869735722,0.0173098268871448,0.01719858109099525,0.01721726825655149
MAN_04_38948,0.01719757791761627,0.017239619257141556,0.01715948305213859,0.017219794940544028,0.01724934432078034,0.017196896585245362,0.01727079156125453,0.01720267817780972,0.017213488938329066,0.017216591014114394,0.017142193472368714,0.017219848410654486,0.017212244701272496,0.017434089354691006,0.017178239655934874,0.017238065725448497,0.01722960332755614,0.01719963557909361,0.017253315867887274,0.017130541739648314,0.017295644298793805,0.01720215822770827,0.017228574771319716,0.01732113921045694,0.01726821711997873,0.017212524019065083,0.017225753861417833,0.017237133786168146,0.01727342278305055,0.017266077608565918,0.017267317982220108,0.017291660046862233,0.01728769833009899,0.017256354753223395,0.0171775926592363,0.01719427805888342,0.017220504103002125,0.01727097749160541,0.017289414552406467,0.017246758320585483,0.017314915028582685,0.017153039436659013,0.01716259562052601,0.017237814876653833,0.01733935530483838,0.017285584276529986,0.017296731688301908,0.01729910850043297,0.01717973494512551,0.017226721797103304,0.0172185260676397,0.017193453202792645,0.017304254132755166,0.01731219814281811,0.01728700654684998,0.017341119502339294,0.017197392076177664,0.01721320326969555
MAN_05_5144b,0.01720365679209815,0.017218332468006962,0.017152303706888465,0.0172245925764217,0.017250145495498206,0.01719862829262729,0.017274619613537226,0.017180869565693098,0.01723527806190899,0.017203725398389234,0.017147044487424577,0.01722715192525237,0.017234381601673326,0.017419094132056247,0.01718512725953764,0.017250204121699628,0.017235889989882264,0.01721581081647965,0.017268186688277825,0.017134814456569093,0.01726264376581018,0.017192046838525994,0.017229380053225458,0.017308623995414604,0.017250938610836472,0.017228950413109626,0.017225974632208183,0.017238156259313478,0.017252553476295673,0.01727475737684755,0.01728146510982721,0.017309364467950783,0.017271313767440816,0.01723136581106273,0.01718811054094159,0.017227369515816715,0.01724612009360944,0.017277412522345714,0.01730541269981218,0.017262680468490974,0.017304776501126707,0.017171373824721982,0.017147266336256264,0.017216842692805427,0.017286131154073472,0.017281563168931712,0.01730151043583089,0.01726073800165579,0.017157373112563417,0.017290375869106776,0.017203979690084407,0.017231556963406464,0.017254161294136774,0.017319005620850935,0.017265439814418408,0.01732500975217125,0.017211813468356534,0.017246584430695492
MAN_06_5a689,0.017274733265222893,0.017250879213985753,0.017266271879434844,0.017213006075059403,0.017260817120263994,0.017285686274211797,0.01721921271124591,0.01727091620722897,0.017240916453143983,0.017259611700113392,0.017272810085996206,0.01722107624911085,0.017303356193601845,0.017179469423615163,0.017250659399566718,0.017220266339683914,0.017200636604538563,0.017247661125688825,0.01718792505131705,0.017279206900820295,0.0172199099421694,0.017289321751807165,0.01725192717652806,0.017260467528599034,0.017254605158316123,0.017234248182446787,0.017285050906643715,0.017265039399889926,0.017245995761716797,0.017233052870267496,0.017212431759276732,0.017193942756323348,0.017201529814492682,0.01727212537627656,0.017259499434454012,0.01727039111120193,0.017202756530032642,0.017230013960790533,0.017216657355536267,0.017249065189012213,0.017218531928032205,0.017271129858562703,0.017255462218328316,0.017261862819492685,0.01722798643885705,0.017201444823169966,0.017209932814456874,0.017275796786122153,0.01726680604413982,0.01721055858482194,0.017258798110742136,0.017236204036710338,0.017257812491566705,0.017189804425387114,0.0172275317080693,0.017198728684510958,0.01726347365648807,0.017214984330909965
MAN_07_5faab,0.01727050456674899,0.01726302960267318,0.01727154092576113,0.01720846062589728,0.017235468128374072,0.01727803017683449,0.017233775270626497,0.017279570650853473,0.01722944195772963,0.0172616859413595,0.017266372317279306,0.017230060019264647,0.01729436366241904,0.017193942332270194,0.017263323258838795,0.01721521453260536,0.01721419205534079,0.017236555391283676,0.017218093346631207,0.0172704478065004,0.01722534592169402,0.017289032158644125,0.017264637436146032,0.017243693857232224,0.01726298033865694,0.01723464875040842,0.017292401498548993,0.017251185663544708,0.01725370174176104,0.017241503306757115,0.01719931164117138,0.017199084637290835,0.01720240461556132,0.017259610806703886,0.017273262424761484,0.017269159927389005,0.017205220079524353,0.01722783848528815,0.017217916208688625,0.01724283794829088,0.017229069147131397,0.017262112669567974,0.017261860708187943,0.017244257943413364,0.01724254949904434,0.01721085977721271,0.017216518313628817,0.01727528172713073,0.017271270109511124,0.017200523613244475,0.017250034617105003,0.017235648451983145,0.0172468798879434,0.017203470605548603,0.017227111512967994,0.017180177233942977,0.01723060507539681,0.017221919089684196
MAN_08_678a7,0.017262357961045204,0.017225172947536404,0.0172746951372202,0.01723061148180407,0.01725758594179186,0.01728230515582475,0.017236623949798385,0.01726147786791078,0.01724275097790552,0.017254523314625587,0.017259584451097616,0.017222460984394478,0.017302320332584973,0.017190459398260416,0.017254910218715686,0.01722854061846687,0.01718531624698008,0.017245423623014983,0.01720273424849842,0.017262466304344016,0.017216607686743882,0.01726533061060017,0.017249396888254793,0.017266912912427355,0.017224534908732374,0.017239693588874984,0.01728081298585889,0.017263232410333715,0.017239237100658982,0.017256177925250162,0.017222338365482266,0.017199976701779803,0.017212604754473414,0.017256225870143537,0.017248020350687086,0.017296238710668294,0.01720626045422575,0.01723681171832824,0.017209585795478814,0.017254385946454422,0.017218637581094216,0.017283182356693308,0.01724954740741722,0.017246487095368388,0.0172268137518671,0.017209130989732105,0.017215398761991883,0.017249182747620842,0.017269798857619492,0.01724044054648654,0.01724809089958151,0.01725586571758588,0.017240150718746537,0.01721581806250814,0.01722055796062044,0.01720208979378742,0.01725731339687413,0.017224786507127582
MAN_09_678b1,0.01719386421213519,0.01727311585934982,0.017164149139449858,0.017220117365466532,0.017207158430194703,0.017181098970922293,0.01729648318407955,0.01722059189105522,0.017186902161179605,0.017216423726845103,0.017141970869412868,0.01724250246381676,0.01717869434830033,0.017457012586700075,0.017202752184704136,0.01723053120276639,0.017264060976170552,0.01717938682397999,0.017305312910757317,0.01712293867610589,0.01731272464336938,0.017205768888312017,0.017248211064727344,0.0172792330979531,0.017281678178719062,0.017218091748772823,0.0172388893828545,0.01721853241434532,0.01728047796475158,0.017280553201736895,0.017238911268796484,0.0173072029865712,0.01728746797519329,0.017233453565972334,0.01720783784019251,0.017181818203082892,0.017220279541796807,0.017265286311522725,0.01729468012046933,0.017240450995626315,0.017333645694625397,0.01712419715811206,0.01718339674749968,0.017212588081136286,0.017354996721891995,0.017298515932664616,0.01730885356704269,0.017302815026963174,0.017191772105175168,0.01720199753026779,0.017207225476151247,0.017181527155028988,0.017285526352545492,0.017334219807011195,0.01728912154884151,0.01730077863974897,0.01713070473727612,0.01723150033985954
MAN_10_b0685,0.017179130556617305,0.01724073416314549,0.01712747891489132,0.01720623246695777,0.017217054095046574,0.017177555864955094,0.01730190265104104,0.01720583270961062,0.01722022177470747,0.01721108339509162,0.017128848740285297,0.017249060549606732,0.017188917277695136,0.01749078999991321,0.017196359093336805,0.017237904854198946,0.017269875955753727,0.01716833417564216,0.017321367874012093,0.017101650015453086,0.017281972135383936,0.01720898092050426,0.017233853726287423,0.017286890294833285,0.01726489430101099,0.01722312911753064,0.017242331097141725,0.01723060362597473,0.017283929233957333,0.017291089019497993,0.017239160481960475,0.01733136222768382,0.01728387822556112,0.017224592832475988,0.017190674040784112,0.017174695336513588,0.017227397627675018,0.017274596165278603,0.017310839585628325,0.017252351075220003,0.01733151276381739,0.01711974578995094,0.017169237382650682,0.01719948934274819,0.01734623464112272,0.017290969532895415,0.017317892004762254,0.017289870233188582,0.01716677193443012,0.017270931428183114,0.017204252344017953,0.0172107420965576,0.017249530499538996,0.017341075729078066,0.0172859726156412,0.01732391707416851,0.01714930915579953,0.017234989232583892
MAN_11_d7e72,0.017270392970309478,0.0172388043100881,0.017248892010061204,0.01722512919053224,0.01726243697672206,0.017283409300840446,0.017243054440056582,0.017241378077103558,0.017228778816599358,0.017255550126494417,0.0172605437284078,0.0172276903633262,0.017311184120334885,0.017180091129378412,0.017239462105609633,0.017236550035923424,0.017201889437025084,0.01723401565874872,0.017209447044949623,0.017270839124478774,0.017208624725221996,0.017263658324145587,0.017244779894808465,0.01727714935990297,0.017238230802723388,0.017244565251022106,0.017275557418110203,0.01727157389702181,0.017217238900507685,0.017263447845459162,0.017227807496928413,0.017195885014418544,0.01719865177629038,0.01724175094599451,0.0172523220399348,0.01729480669379557,0.01720103420290949,0.017248534396574446,0.017206703160275897,0.017248330716200373,0.017224123342064503,0.017278297434026136,0.0172519273523734,0.017253490230063083,0.017218764488815697,0.01721055646027504,0.017210743103264876,0.017244850078571,0.017279617681944696,0.017242439325011676,0.017257197363500332,0.017254852570641434,0.017255846318860246,0.01722130602804826,0.017226481416041863,0.01718603335517076,0.017279223537565044,0.017214058084526286
MAN_12_da3b4,0.017274682653832148,0.01723231663518568,0.017282627133054302,0.01720874736025858,0.017271645412863947,0.0173066982745719,0.01722465265171179,0.017248744358863557,0.017237103926047766,0.01728945768340749,0.01727738600971584,0.017222822414063855,0.017331387330592963,0.017140079596837318,0.017242131607238587,0.01722769649855657,0.017197380060076924,0.01724585104638423,0.01719629942072235,0.017297085870639283,0.017201245967655047,0.017266833839085907,0.017252146691555878,0.01727968892544477,0.01724817212480838,0.017232133288828045,0.017268947210264358,0.017253690521996715,0.01723322479605042,0.017224684258845196,0.017227307180626112,0.017170636656043316,0.017206477225454087,0.017259578721174215,0.017243838634837763,0.01729666173850256,0.01721423359796451,0.017237335022292383,0.017195323009978218,0.017236283831842013,0.017201698442748277,0.017313918111979566,0.017254409036986853,0.01726410701551674,0.0172309991889957,0.017206185970446115,0.017194106277194907,0.017246973261486154,0.017298181927747534,0.017208729780897356,0.017260311900218317,0.01724844512317077,0.017268217977512886,0.01718936434931728,0.017229508575596714,0.017186329863299366,0.01730096454562035,0.017194309463390105
SMA_01_0592f,0.0172647129358031,0.017230285612285106,0.01729579471074535,0.017251601879733194,0.01727074399336026,0.017286066672733972,0.017204592343181797,0.017243538450290228,0.017257937920287444,0.017282339571476457,0.01730101044934234,0.017247088279948242,0.017267493456088513,0.017107003807783877,0.017252289054447048,0.017247898670022636,0.017241266314978007,0.017276135519648194,0.017204222459901438,0.017322241956298695,0.017212662156737828,0.017247880092161202,0.017235292641311326,0.017227764249629348,0.017226104299225956,0.01724654519707473,0.01721935955653118,0.0172397328363955,0.017222636810676154,0.017192341673358473,0.01725049111567739,0.017194511119527165,0.01723446088694601,0.01725245479201159,0.017240321202130607,0.017258308097643425,0.017262752270913326,0.01722810350920966,0.0172033886927881,0.017230247928420078,0.017185100105643426,0.017319422517569173,0.01727617060581638,0.017274243367925202,0.01720064131149922,0.017217954037770655,0.017194096728306754,0.01720810480536484,0.017292836374076144,0.017224500021950404,0.01726668200632772,0.01724896188622141,0.017247747977618275,0.017180414358438287,0.017229211872491268,0.017213235202029595,0.017315566674537455,0.017225486959688827
SMA_02_1b70d,0.01718811404380076,0.017263118644412156,0.017171228111830274,0.017258805341275826,0.017216744978964957,0.01717217398925188,0.017275008301652014,0.017207859311406178,0.017215334554295764,0.017220130299382002,0.017178200092161693,0.017272083412519106,0.01712976264311092,0.01739153759201558,0.017210140708746165,0.017256991095400884,0.017313744785775832,0.017205013722495548,0.017313821853842944,0.017164630705830238,0.017303364720206767,0.017191536287335184,0.017224382283986667,0.01723049425539003,0.01725440323052099,0.017237259273782262,0.017187943600780003,0.017213433444812565,0.017257616423714733,0.01724727712425712,0.017261754511705824,0.0173208846625861,0.017305614232377527,0.017219534906799592,0.01720289547811638,0.017148044493660742,0.01726815677169498,0.01725975322246794,0.017291301312644156,0.017231092496739247,0.017302893321574555,0.017145961658163945,0.017216207254132667,0.01722854590390107,0.017311083459261474,0.017300913171256278,0.01729617184244571,0.017250289676206638,0.017202250711587028,0.017234448699580854,0.017224493338990596,0.01719528429095765,0.017261693809633417,0.017315195263527892,0.01728774182353256,0.017317179289354855,0.017176145069387055,0.01725231449475618
SMA_03_20b1e,0.017181744938467282,0.017242038055913775,0.017153300823897034,0.01724460591030804,0.01725029280495709,0.017178986726742444,0.017285131388513186,0.017185159910888953,0.01721208834970022,0.01722815634431987,0.0171625517290804,0.017251277136881696,0.01714617718615476,0.017434081352223563,0.017180394192031306,0.017254798450994376,0.017284119414157653,0.01719372168369345,0.01729631375801901,0.01714040994836921,0.01730883761751524,0.017171735858452893,0.01722148799564642,0.017279922714201906,0.017255964886503192,0.017222827867787234,0.0171929637999351,0.017218017871421368,0.01726139578176654,0.017247278665078677,0.017276318004765413,0.017323132556543972,0.017318391693581747,0.017232263116718712,0.0171727056834644,0.017163501921615847,0.017252097753854972,0.01726971089949739,0.017305517079324796,0.017243265477706566,0.01730567122366715,0.017132279092336656,0.017176647058947392,0.01723432943882953,0.017326139742400312,0.017302154701142602,0.017310128279442775,0.017271768979213883,0.017191013919163164,0.017224745715599416,0.017213114131058374,0.017183668488264785,0.017287125347952258,0.017327241360010816,0.01730850821362586,0.017349567803935026,0.01718007549258633,0.017233133661127883
SMA_04_28b4e,0.017184015298290025,0.0172326956710362,0.017160710595934676,0.01725199129488507,0.017240416932572996,0.017157848813658352,0.01727314921374651,0.017190042535197098,0.017235977637740228,0.01721137697724823,0.017165450895136172,0.017230663921421543,0.017151953043016893,0.0173964339963955,0.017177823240017924,0.017263031750255304,0.017276188002795706,0.017207500050255727,0.017286495612562,0.017144872396777533,0.017303312318190524,0.01717089433484953,0.017221362841856585,0.01727602690476119,0.017269416142164398,0.017220556137873645,0.017183189401113852,0.01721516789256512,0.017255830389862944,0.017246308761074358,0.017297134278598966,0.017302512016218075,0.017314831962913065,0.01723293085186282,0.017191093777811486,0.017170367007227454,0.017264923004086073,0.017265002858689052,0.017295661297291137,0.017218274272492885,0.017296551198730508,0.017142727468269964,0.01718267412928549,0.017234768197108893,0.017314442166369497,0.017310515201021937,0.017309612919221142,0.01725629431270085,0.017175418123292648,0.017235869902575945,0.017219633204321544,0.017219631689190523,0.017289591121509604,0.017323906376897395,0.017306899759146274,0.017374162056863828,0.017218539791941677,0.01723532805110538
SMA_05_29f8e,0.017185892706954087,0.017241386447655865,0.0171882207162879,0.01726369802403554,0.017235120430623804,0.017172829068871923,0.017269885162537513,0.01720351491963559,0.01722414220222908,0.01721856912399161,0.017174202023688467,0.017248179851126852,0.017137717992852037,0.017399147327692988,0.017200496005613904,0.0172548396199344,0.017279606943015002,0.01721998639954279,0.01728768759226732,0.017154543621426124,0.017313659699422803,0.01717338027411671,0.017227317394744375,0.017252593758279786,0.017249140309394662,0.017226368056852365,0.017186187983078655,0.017207796042796143,0.017264783886092164,0.017237570839138697,0.017281452584028818,0.017316074073319348,0.01732159464972785,0.017236633131760156,0.01718902631036763,0.017170279671939643,0.017270207417340398,0.01725656016969394,0.017298779030238114,0.0172373396350209,0.017295336672326883,0.0171510487247529,0.017189175948151253,0.017231404904937894,0.01731057614684367,0.017304369642180656,0.017305359550466737,0.01725677602993975,0.017186216667728155,0.01722313602349448,0.01721166704907716,0.017195687949239667,0.01727201630135863,0.017315962587165168,0.017293268683056546,0.017349338536701488,0.01717861674108835,0.017253630744154678
SMA_06_2df5b,0.017271610496850127,0.01724644983040157,0.017272224909580847,0.017242831198076576,0.01727553711466934,0.017285992865383914,0.017207315195460295,0.017235709884430274,0.017237503957652087,0.017274787012319284,0.017285653204513182,0.017236810216879686,0.017282865814540818,0.01712064557258704,0.017232772963978068,0.017246807370375945,0.01723179891044863,0.01726347798527836,0.017189945335419184,0.017313746201043985,0.017219034413263355,0.01725387186363904,0.017231524682734176,0.017257732392071727,0.017243522944564743,0.017242440287405694,0.017224448334957537,0.017254686196680646,0.01721383961496779,0.0172079373217964,0.017252242354027416,0.01718392472866679,0.01722200476934319,0.01725603756692525,0.017238370727741523,0.017256627415513544,0.017238145380323512,0.017238907499882532,0.01719711989290531,0.017226375241449963,0.017202550281952132,0.017306279572057454,0.017270562748524933,0.01728656393740162,0.017215264097402216,0.017218525726491678,0.017191488955315224,0.017227745401418817,0.017295421761902716,0.0172108375507403,0.017276769861750963,0.017236303254961713,0.01728325317263741,0.017187278094835275,0.017235245436142754,0.01721088394625986,0.01732710525692054,0.017204641274535047
SMA_07_57127,0.017257030081002156,0.017229290863015723,0.017286594354421224,0.017250523609806584,0.017274502736629647,0.01728858081480029,0.017228213641829613,0.017236280631739057,0.0172357018084946,0.017284254244581562,0.01728410607540173,0.01724851805622611,0.017263019801984324,0.0171540699291965,0.017247016347244966,0.01724368713247389,0.017229613370628515,0.017257174512802873,0.017215325342160012,0.017297099747071498,0.017225642119895572,0.01723463015617796,0.017238731101208396,0.017246266134675635,0.017217156813908237,0.017244026649863395,0.017231464235029074,0.01724165283481364,0.017225051281050424,0.01721257228962214,0.017243611820042172,0.01720740987756414,0.017242543408439396,0.017247645495083123,0.01722709176546317,0.017269121497229565,0.01724368642999668,0.017236202928299825,0.017210072950425974,0.01724501377213834,0.017200382237069094,0.01729938376587205,0.017260685638809857,0.01726564811751882,0.017218895486436868,0.017221908615446355,0.017206594911012014,0.01722113594528263,0.017297391103855426,0.017216120766435066,0.01725399262336046,0.017231702214460243,0.017253368961625125,0.017205735245975823,0.017237116392756182,0.01720823618450798,0.017278315224618996,0.017223189902519375
SMA_08_6d7ad,0.017273605452691448,0.017250931753382222,0.017314734021049074,0.017260657653965082,0.017260035631989204,0.01728778194007428,0.01721883527385623,0.017269470007948307,0.01723257311207357,0.017285529122005656,0.01731924560606263,0.017243707040678315,0.01725652125919117,0.01708197034947774,0.017265716612590146,0.01724111791859953,0.017229476302459322,0.017258466797160567,0.01720301237814073,0.017334020411600714,0.01722795744637455,0.017260001447303278,0.017244549426429476,0.017220126427560892,0.017228868483274703,0.01724670455160579,0.017241921596175876,0.017248430421372776,0.01721681213405374,0.017212975547857674,0.017227277546765743,0.017169683657250065,0.017225561572604336,0.01725128290385359,0.01726431167047223,0.017268730811990884,0.017228154926170094,0.01722144416150563,0.017176967856647442,0.0172218094523364,0.017183284989181175,0.01730906665301667,0.017309439457515022,0.017277984501226362,0.017208725470896826,0.01721131787962794,0.0171860863115833,0.017222712448730415,0.017330361553130873,0.01718420250128155,0.017276554021556666,0.01724037734010188,0.017264664898449692,0.017182799506209413,0.01723481604673607,0.01718012872408673,0.017291009520439347,0.017215487489628926
SMA_09_87975,0.01719404701455485,0.017275881790001755,0.017173001484372587,0.0172288007345082,0.017228221578655424,0.01717842087198391,0.017269273838144812,0.017231971416649408,0.017214730657233734,0.017231308915413485,0.017187704152245187,0.017253513660720674,0.017132920922019918,0.017418089365169163,0.01720803727298104,0.01723366957484296,0.017297884223180352,0.017196588658498442,0.017292069367407344,0.017158700349337197,0.01731871837058971,0.017215120651030657,0.01723871269924421,0.017238809404765885,0.01728370852759125,0.017218079003257756,0.017219572048961254,0.017212475381264993,0.017288050970515008,0.017227246170400216,0.01723862756946024,0.017316083364546857,0.017305005624361536,0.017252423885352575,0.01720867427445517,0.01713715816252326,0.017244350735635912,0.017245765633712277,0.017309144490261188,0.01723820067887693,0.017301929468128568,0.01711549085294808,0.01720400102942184,0.017234626506010885,0.017331010741157463,0.01728836277649809,0.01730626580218433,0.01730705120710649,0.017191564347020367,0.017182666091396168,0.017218548209554277,0.017167492489843426,0.01727864276302685,0.017293808321074074,0.01730631668593351,0.017327820892114782,0.017144170334394214,0.017239467987459307
SMA_10_8b8dc,0.017193955913621783,0.01726770767746883,0.01720172628576112,0.01724667432298315,0.017214858899982734,0.01719578709428069,0.017259790883006453,0.01722434117644688,0.01720979380807259,0.01723634477858724,0.017177486169114953,0.017270704515436806,0.01715049669199689,0.017386196146276435,0.01722199208950319,0.017240926956565063,0.01729842066855347,0.017218218594479494,0.017296677888323505,0.017173545359925196,0.017305483268132114,0.01720413867388055,0.017234054214399316,0.01723349048370185,0.01725515590636295,0.01722946487746247,0.01719552406474469,0.017204350661524415,0.0172789056331547,0.017228950609464,0.017249090368297543,0.017310076374357462,0.017306020796025435,0.017239423826843243,0.017196007663009792,0.017152620190263777,0.017268097571206818,0.017250960773097436,0.0172856188480235,0.017237148983231497,0.01730067160038258,0.01717014102537822,0.01721284385914833,0.017232202550894783,0.017328064186465104,0.017293270320875957,0.01728366583948234,0.01726486436463295,0.017210182118472753,0.01720815968669233,0.017221859575943566,0.017175874389729343,0.017266607545233893,0.01729288921835415,0.017275606560860874,0.01730373890939088,0.01716368957456619,0.01724543896592563
SMA_11_a504b,0.01727665505328979,0.0172568260291905,0.01728191560722149,0.017255845093434665,0.017271096293025392,0.017279982881891,0.017205248230599695,0.017239395609753887,0.01723057782646818,0.017266842030383173,0.017292416020815507,0.01723618478523447,0.017269882090561375,0.017111703464324637,0.017237281121103426,0.01724781399386076,0.01723370507704735,0.017272561929244576,0.017185721804242507,0.01731983856395001,0.01723078763316535,0.017250360029754813,0.01723491496056087,0.017246086730330006,0.017244824139028433,0.01724518637586083,0.0172212602482629,0.01725188397700671,0.017208359110611762,0.017206450735544384,0.017255911259438084,0.017184885105598024,0.01722333974489252,0.017255608237518098,0.017248845746869242,0.017258628274911612,0.017240928708351862,0.017235157205623793,0.017198704312538397,0.017226622851671015,0.01720341950558315,0.017301438486068663,0.017274380340507094,0.017288232861027916,0.017205164993545685,0.017221848727218134,0.017193541620967555,0.01722708523799624,0.01729440291275045,0.017198113416782276,0.017274961993719855,0.01723046072337558,0.017285420761269217,0.017188310462405494,0.01723391449742221,0.017206341426276413,0.017316520368746778,0.017216202771156264
SMA_12_c6e00,0.017282475473858205,0.0172215005083404,0.017294180356497144,0.017261462183885624,0.01729660723853036,0.01730119933187171,0.017201056294485918,0.017214009096466375,0.017249263109396434,0.017272323036169386,0.017301031485401377,0.017232840637080377,0.017303080225869964,0.017087112656607888,0.017234875221719025,0.017256480048177678,0.01721479498850366,0.01729557587203577,0.01717353453478594,0.01733131822474944,0.01720377606478401,0.017230077543557057,0.017232427746646885,0.01725877598770508,0.01721750762263186,0.017251910008795963,0.017215672789435536,0.0172522157539706,0.017192654991553508,0.01719949235196163,0.01727807998020885,0.017187389273832867,0.01722081374958098,0.017249010353253273,0.01723480335815892,0.017302574953584497,0.017260478006835823,0.017240190144429544,0.01720490591622313,0.017246398046960834,0.01718147605852155,0.017339407657249235,0.017249407600873547,0.017283174752196224,0.01716382564055255,0.017213371785057958,0.017189574075056512,0.01719615096919855,0.017286518499020624,0.017237690675658845,0.017261753507371132,0.017253224091076463,0.017259211637920425,0.017183276781268932,0.017218677693709137,0.01720371690400117,0.01734461025036051,0.017231056252363052
SMA_13_c9088,0.017265434350079222,0.017242211232735373,0.017281633406127855,0.01724275014781244,0.017282994045238136,0.01728662715586908,0.017205054051318107,0.017239326098771348,0.017229795264270806,0.01727314561113925,0.017267865410458647,0.017222488090817303,0.01728144775317203,0.017156709509666322,0.017225654771229296,0.01723781228384326,0.017206101815022024,0.01726802726717335,0.01717104068217335,0.01729302423881788,0.017240893673631415,0.017245306718515215,0.017234305039526932,0.01727918397109774,0.017242313694587456,0.017230415360650973,0.017226109970550563,0.017250174260061354,0.017231223679876076,0.01720422879874578,0.017256973285448632,0.01718702678007179,0.017238762669511368,0.01727612438550628,0.017220053184424083,0.017258718884960552,0.017230025515676303,0.017237392334411426,0.01720445095414638,0.017234683831254937,0.017212689802111866,0.017298161663041375,0.017248204674991677,0.01729023041465694,0.017239656310234892,0.017223785612071156,0.017200471124819393,0.017250040961790107,0.017283821909674812,0.01718699691495654,0.017266935220839264,0.017214952928841856,0.017302548452872456,0.017192382781646465,0.017240602984174107,0.01723511807371293,0.017305964769534245,0.017199925221639545
SMA_14_cdb07,0.017197030879088766,0.017260162125751755,0.017183402371263513,0.017275415464456656,0.017227485615878467,0.017170905702693542,0.01726685922212352,0.01720551817905636,0.017210376143562363,0.017203677091783554,0.017175550900828142,0.01725090715758341,0.01713909182261193,0.017380579234055893,0.01720219730223335,0.017258964866331,0.01728191961275143,0.01722280974263378,0.017279263749251754,0.01716433438125179,0.017315714219382643,0.01718265528002593,0.017223533011636954,0.017249157958008743,0.017250407864208457,0.017235294616383484,0.017186030650224678,0.017221197072995315,0.017247374317881568,0.0172531891370753,0.017280598112589564,0.017309078226120753,0.017304978797861983,0.017230499465480276,0.017202891338459224,0.017171072214970898,0.01725999367008697,0.01726056525348684,0.01728663902000552,0.017235283696205344,0.017303445782188887,0.017151610634919608,0.0172042461876469,0.01723895297701683,0.01729893478769506,0.01730162861070023,0.017295883400592505,0.017253548125131954,0.017193948831208193,0.017225418765299285,0.01722371186998192,0.01719431475511946,0.017281225468125314,0.0173167964017162,0.01728310321768452,0.01732839678610917,0.017186416742216427,0.01725581116836617
TRA_01_10265,0.017272083396620376,0.01726024342597024,0.017318033388909478,0.01725833210192538,0.0172145316841998,0.01728502533239789,0.017208594017161252,0.017278812236702443,0.017244807565898627,0.017264451991369587,0.01729658425283234,0.01727463827349427,0.01726426795918027,0.017106466343358447,0.01730112083418697,0.01723688302057964,0.017259921855188026,0.017281841344896288,0.01723649628087849,0.01732494727826574,0.017208432047618818,0.017277956945599533,0.01725201098659293,0.017174679517621375,0.017217348802486005,0.017264823120480128,0.01724137206165692,0.017234755595621532,0.01723042243256795,0.0172177942220429,0.017212976431707706,0.01720704075713362,0.01720987291396513,0.01723336659230389,0.017279222916422247,0.0172595693024497,0.017266399422126218,0.017219457925848246,0.0171962916694027,0.017237336287540032,0.017203183222364585,0.017326999482284,0.01730721760484487,0.017245039915522075,0.0171946494076569,0.017213819079265887,0.017186884718988424,0.017196677310180673,0.017296647278737146,0.017242901948927646,0.017261827974603627,0.017254316083154732,0.017199023288302515,0.017183638292755266,0.0171891324157025,0.017149093733763682,0.01725880743688265,0.01726092827085967
TRA_02_12fb4,0.017280031440682006,0.017219424909043324,0.017294307118456982,0.01725883408557393,0.017254638609783823,0.017292095271012237,0.017221004239805958,0.017239856601211648,0.017264824524272575,0.017255276041560495,0.017303128419763534,0.01725355696688216,0.017303400728033897,0.017095671261821918,0.017276854030309013,0.01725240130038987,0.017229016722457937,0.01728417938233993,0.017220284536089862,0.017320807397201755,0.01717818510076352,0.017254671251267756,0.017244964011608736,0.01721201036327085,0.0172011369928421,0.017270123297402525,0.01725021445779404,0.017254856155033808,0.017197804101198932,0.017235408709921383,0.01724231363635495,0.01720658556090586,0.017195972502515575,0.01722050703885196,0.01727217713946257,0.017315338048754025,0.017261466682021498,0.017234598902059268,0.017207837992364017,0.017256298157936827,0.017184864787491025,0.017334339557560707,0.017272219038069615,0.017241006308108653,0.017143106858028466,0.017203501829881042,0.01719591005816911,0.017176777724206976,0.017278329808399693,0.017294450503218137,0.017250627137130374,0.017292724082128064,0.017185321309845535,0.01719614646909813,0.017190847480465767,0.017159611362249336,0.01730075710661843,0.017267394890307895
TRA_03_21d93,0.017186533438329224,0.017239666728392174,0.01718854212490463,0.01725486483683196,0.01718485810862821,0.01717026522150367,0.017297941637591057,0.017233025564543952,0.017233799999233242,0.017200341442130732,0.017169902601562894,0.017269560546383296,0.0171561785401699,0.017409935395541476,0.017248470062778708,0.017247355007829347,0.01728530606278614,0.017201574872040534,0.017341172162024444,0.01714008077895437,0.017278592002097595,0.017204854282539813,0.01724432764867293,0.017210796267565616,0.017229982025206706,0.017247043279484744,0.017234759258764804,0.017215416538993455,0.01726859254637466,0.017291161047709808,0.017235638781878372,0.01733030993075398,0.01728374771789906,0.017201505336797714,0.01723219519300191,0.017197762930388338,0.017260487951970084,0.01725425081788004,0.01729382743969341,0.017249844052057466,0.017303719435379165,0.017152508146962724,0.01721416438961917,0.01718093784754112,0.01729174847757907,0.017290093591431997,0.017307872172078912,0.017235970889012544,0.017184077298602565,0.017289681670108706,0.017199621097195042,0.017242704528533968,0.017190871415773436,0.017334471971409637,0.01725552271439484,0.017283529378147873,0.017129640892914334,0.017288393901424552
TRA_04_2ad9e,0.017280259208381433,0.017260935213866582,0.017288298568899477,0.017253006629150615,0.01722357837604714,0.017287315673509808,0.017248881436931034,0.017253650366404565,0.01721827620421069,0.017264826946473716,0.01729743124964607,0.017269671785782575,0.017285336250213102,0.017107136798966822,0.01728420224977448,0.017245318567014698,0.01725107969702838,0.017245924104272857,0.01725637363775113,0.017317621057252108,0.01719681090974921,0.01726375867927546,0.017256091742485522,0.01720329118195343,0.017221398366968715,0.017270502367611865,0.017263790883208018,0.01725228979013621,0.017195625968766958,0.017261537420863213,0.01721211942139128,0.017196277045747034,0.01718885059703768,0.017202717141121263,0.017291567261336106,0.017300634620211464,0.017232726552767898,0.017238351244266936,0.01718735134937278,0.01723882558674523,0.017208162491472,0.01730977774326047,0.01730402613481841,0.01723596497602299,0.01718160334636763,0.017212620371454504,0.017192407987761966,0.017192526901136304,0.017319634373107195,0.01724933593175628,0.017259313818622453,0.017269015011010386,0.017209244137466197,0.01721695326822883,0.017202065337311116,0.01711458567461896,0.017260263092144353,0.0172488572508463
TRA_05_4f9a6,0.01726912458417437,0.017235050353787917,0.01730103936657118,0.017255536019173782,0.01722575670116025,0.017273606709113955,0.017230279242729678,0.017276072182669033,0.017255048287069804,0.01724332573122447,0.017285204131712834,0.017248065947770806,0.017279711393568396,0.017141892806253372,0.01729242055966355,0.017236201500751027,0.01721934785005786,0.017268409121960742,0.017229450563383573,0.01729101803622662,0.01720537812279708,0.017271446638658504,0.017255744985717435,0.01720190172790208,0.01721022268891521,0.01726121906580059,0.01727232881530805,0.017251198291477504,0.01722778802879943,0.017252596868890364,0.0172161107336221,0.01721080091625439,0.017203312797066325,0.017232573507754485,0.01728340189118975,0.017296660182554803,0.017239926618853506,0.017224955702644602,0.017207632407432588,0.01725199472594905,0.017206365692772195,0.017301629363089776,0.017281806425231364,0.01722930359599387,0.017184205564666113,0.017209159460900396,0.01720883630986378,0.01720873459820255,0.01727179249390355,0.017267905594293132,0.017246279525699754,0.01727936087056884,0.017188154899434094,0.017208483886841992,0.01719453895470724,0.01716641305580665,0.017245402856794784,0.01726787104461885
TRA_06_50971,0.017185143409137994,0.017244114177596165,0.017182040845937302,0.017256211520222997,0.01717874108748744,0.017154220243515754,0.017288486578241252,0.017240934635607975,0.017250220133945674,0.017195296298324142,0.017180831058464564,0.01726896132872909,0.017139608607792407,0.017389892966315792,0.017248710575766414,0.017252187401813862,0.017303209054505105,0.017202381665014185,0.017343694223513798,0.017148728618924216,0.0172772458309427,0.017214193298359458,0.017239728717569874,0.01719320014339492,0.017242835650326874,0.017247237342344023,0.017226324291751728,0.017214966566806413,0.01726901273114019,0.01728125605405444,0.01723765084267295,0.017326191452297798,0.01728348976484183,0.017202728617025903,0.01724468630973185,0.017174565467257933,0.017269227859749076,0.01724831604093271,0.017292503532823966,0.01723278764756224,0.0172970874029179,0.017144777998409064,0.017230849921428034,0.017186094619590843,0.017287580560926934,0.017292089602796303,0.017307411314614423,0.017233266684187724,0.01717873224849809,0.01729172518461461,0.01721074428084357,0.017254744386062372,0.017190530998235146,0.017324760545882924,0.01726235061637117,0.0172992836583446,0.017148535535190485,0.017287671848642758
TRA_07_669a5,0.01719746107091499,0.01725936547459304,0.01716373709334792,0.01725583736820125,0.01718159402058251,0.017157775856281043,0.017300012621178237,0.01722344094855266,0.017224961183751688,0.017183241853818552,0.017171048243386052,0.017267014604358377,0.017156404214284802,0.017403380025367142,0.017237812276225617,0.017253970462367603,0.017297928685653496,0.017197859013725,0.017340729273650976,0.017143304323688834,0.017278693585040663,0.01720941525237866,0.01724269577864717,0.017210896869572622,0.01724921196861003,0.017252724320280896,0.01723498817560564,0.017225818524491513,0.017248425730252183,0.017302637642791746,0.01724182025680371,0.017329790023672558,0.017266099722182765,0.017191414860504642,0.017251107616451294,0.017194920841626406,0.01725438704733302,0.01726094639532953,0.017297774762728587,0.017244204603089643,0.01731357915636878,0.017134574442354833,0.017216532473649414,0.01718518757371365,0.01727496847268785,0.017292450509311805,0.017310539806347773,0.017238224036865157,0.017176542018813266,0.017292232110699142,0.017206472938826125,0.01724608840955399,0.017201601741761552,0.01734086292574907,0.01725824560236436,0.017274537611274045,0.01714135289527156,0.017291154683064632
TRA_08_6d02c,0.01726379598992786,0.017247189374675467,0.017295299613270206,0.017283492603625696,0.017221563307959112,0.017250732952649037,0.01722909233557393,0.01727178741864913,0.017247957385234016,0.01723089491751234,0.01728875830389667,0.01725348629529262,0.017237860605787872,0.017131475823634352,0.017286030355568534,0.017249744722356252,0.017238906057510408,0.01727007826286062,0.017232114581435944,0.0172956426054262,0.01722606424919021,0.017258375148377244,0.017244352079530526,0.01718823184607871,0.01720958494051843,0.017266442789019152,0.01724558252145726,0.017251458771993033,0.01721319203334493,0.017253035781963338,0.017231239635279477,0.01721396799195799,0.01721704688608041,0.01722604034931522,0.01728545288546274,0.017272231589070847,0.017246729821099472,0.017226207631644227,0.017201699266906238,0.0172374391098436,0.017210531942418866,0.017286789832642355,0.0172995861315848,0.01724162144488153,0.017183219850554377,0.017223073413744995,0.017210871280037687,0.017197773051556356,0.01727730684562702,0.01725886377574826,0.01725780445685831,0.017273493834798516,0.017205815713640733,0.017218822296827745,0.01720529337408477,0.017183366244570706,0.01725432722519954,0.017271160444244198
TRA_09_74397,0.01718205720930948,0.017240903700374618,0.017148666619941393,0.017234170636659107,0.01719228975089146,0.017170599105186857,0.01730465943890622,0.017221074557116356,0.017237173669555503,0.01720287263739838,0.017161507979287706,0.017278517214100994,0.017160509482725923,0.017441077921731222,0.017236035974319452,0.017248230885077993,0.017302692330274625,0.017181252995647805,0.017354230905259227,0.017128855023444745,0.01726527705259347,0.01721509730647368,0.01723618289646779,0.017220512480702506,0.01723768086767016,0.01724794625536715,0.017240869757977575,0.017226461548647033,0.01726908984275535,0.017296327583888504,0.017226582060276132,0.01734533911767059,0.017275016044213453,0.017196506363293174,0.017223645159002154,0.017177963263914072,0.017252978357196334,0.017263575087011762,0.017306516206355257,0.017255318657874556,0.017312166951199442,0.01713312005680188,0.01720795239581228,0.017180269425702006,0.01729742818121064,0.017284548055139067,0.01731250251863445,0.01724611457457641,0.01717658971348338,0.017310821721867795,0.017203704717486817,0.017240706675234987,0.017187533093321595,0.017337335202021072,0.017263438825538956,0.017286267679323793,0.017135278884771548,0.01727795738131406
TRA_10_785d6,0.017274229925958322,0.01723031256291497,0.017317094961651004,0.017258141654741994,0.017240932705982356,0.017280438759103497,0.01723323969426842,0.01728131992722683,0.01726396072090338,0.017274415070015967,0.017335068746995478,0.01724997944777071,0.01726625376657108,0.01706633404778217,0.017294052857959336,0.017243663069289653,0.017233950050076115,0.017255878281963098,0.01723478223070094,0.017333574937049078,0.017194622133261027,0.017271243294242827,0.017254591509733026,0.017185945889892227,0.017214696419178645,0.017260430903920834,0.01726870986663027,0.017249835471085988,0.017213373572009933,0.017233719058151572,0.01721193452460379,0.01717902847699085,0.017205322943224296,0.01722717469737961,0.01729689741649505,0.017296155829164224,0.017237487419379326,0.017215400359517935,0.017183220930430045,0.017228386432747995,0.017167856235080478,0.017312992926666014,0.01732008374299758,0.01724338527841906,0.017169404958467763,0.01720044612032336,0.017193710391829216,0.01719614867328744,0.017316857211520438,0.01724139208471105,0.01726386959547256,0.017292960974021943,0.017196776269162006,0.01718798718560183,0.017216939998043867,0.017156398373019847,0.017279138319208253,0.017247851095203343
TRA_11_7d8bf,0.01720517726687479,0.01721888385848473,0.01717635406656447,0.01726201920320034,0.017222533027655786,0.017184798835704444,0.017276115108739873,0.017195700211017628,0.017255152668108238,0.017192165461247553,0.01718450467713259,0.017259242528407603,0.017193349966386853,0.01736091966599482,0.017226845863520215,0.01726509810740351,0.017276019721871823,0.017232935142344495,0.017304289474519056,0.01716615538625953,0.01724890510372503,0.01719352929310659,0.01722987776130414,0.0172317220373264,0.017221396192980656,0.01725664809220361,0.017216372984499406,0.017231227857419523,0.017233671544162325,0.017277430119218097,0.017273848497632176,0.017325493697411366,0.01726669508672246,0.017199576098363478,0.01722450216488649,0.017226445457384477,0.01727948238866835,0.01726469222582287,0.017300883109494833,0.017261797502269444,0.01728268476816474,0.01718419947102939,0.017191559434628897,0.01719792975259808,0.01723119687315204,0.017278898325208073,0.017297134790385728,0.017208690240260862,0.01716686448506911,0.01733231278117695,0.01720444329477068,0.017265078008043777,0.01718893559053818,0.017316617084370472,0.01724372667591577,0.0172912388215442,0.017200013044278335,0.01729601910282454
TRA_12_9234f,0.017183505553692243,0.017238990711499227,0.017174217601225627,0.017263245847889453,0.017192890610673566,0.01716085219453536,0.017304307779943205,0.01721321058324722,0.01723276175353273,0.01720274219056913,0.017176721644621827,0.017275086495239435,0.017139455632508706,0.017400376042180758,0.017235681671660126,0.017260167246598075,0.017305372086309303,0.017196864235618323,0.017353180807351664,0.017145755912892986,0.017279215006932674,0.017187376389055625,0.017237526417328754,0.017208766527232144,0.017232665721297877,0.01725052443800303,0.017216382172075547,0.01721283777930089,0.01725177384996191,0.01728670670324125,0.017251098751931187,0.017334901165984386,0.017291230904006447,0.017188450153708974,0.01722959488904594,0.01719071501740938,0.017270961307583006,0.017260103770434777,0.01729724300316174,0.017241954806107417,0.017299569391099726,0.017145035051703016,0.017215440908728466,0.017185439746716633,0.017281505477932634,0.017299049209697586,0.017311968110370352,0.017221593541525686,0.01718822934707875,0.0172921706479515,0.017202184918870357,0.017245768931767796,0.01719743043144162,0.01734356333446149,0.017269293153906125,0.01729220179966284,0.017146347296144428,0.017287793325349052
TRA_13_99007,0.01719813635497419,0.01727498722988887,0.017182079554684124,0.017232506887992938,0.01717365883168773,0.017168584257795282,0.017291172853982427,0.017260174000311754,0.017230320800911168,0.01720502480592273,0.01719100110788923,0.0172751937607852,0.01714379776370787,0.017409300996897515,0.017260539912041763,0.017231720256828325,0.017309846265529342,0.017192665546294904,0.017344735113707606,0.017153141679417623,0.01728459729049431,0.017240938662378604,0.01725664668303155,0.017182372444265088,0.017263453283462696,0.017243479699411136,0.017258445748220573,0.017214885744758844,0.017284368956666043,0.017274889964853567,0.017203604537596055,0.01733185226219026,0.01726810815075084,0.017212957949165934,0.017261656004217394,0.017167910923390064,0.017249718173158526,0.017240217040169786,0.01730664367082903,0.017247755623349535,0.017305244003846674,0.01712233643942264,0.01723151869771868,0.017183120450213165,0.017293616992694386,0.017278347213290142,0.017309518645300923,0.0172723470363972,0.01718263489657579,0.01725380229161928,0.017204775345335505,0.017222631922022044,0.017189418392530277,0.01731060700647465,0.017263519390921397,0.017263392672885576,0.017101034191017113,0.017289043618124104
TRA_14_9c743,0.017268058928110418,0.017263558893329912,0.017304734043706464,0.017260542394466526,0.017209504247231864,0.017277490215667005,0.017249510346541607,0.01727627935668068,0.017218595844433953,0.017263689758058386,0.017293039102096973,0.01727342179944295,0.0172554593537014,0.017130665583040713,0.01729911219544406,0.01723746500273559,0.017251301523706273,0.017245137477553452,0.017263325717654293,0.017305109361606005,0.01721703086041191,0.01726636395115921,0.017259841577191435,0.017185580962727875,0.01721484366895934,0.01726624130689648,0.017265592795981825,0.017242465820992748,0.017218058134291947,0.017258354486754633,0.017199649474711358,0.01720588661999851,0.017206901618669022,0.017212381699342468,0.017289690702058543,0.01728221579029458,0.017233232957719165,0.017227966835923043,0.01718969864212822,0.017238937417094067,0.017213360158992923,0.017296786622014382,0.017312083093654472,0.01723029723004427,0.01720420543201331,0.017217612048185924,0.017199933381329857,0.01720336625732192,0.017317604744358034,0.017233082424384167,0.01725433888116762,0.017256545131142196,0.017203090159059662,0.01721974140365958,0.017204382009983952,0.017127029456040648,0.017223572303889777,0.01725603279424231
TRA_15_a15d9,0.017278312734303407,0.017247445715833185,0.01728091023130206,0.017264990715974923,0.01723772155163772,0.017267049912660613,0.017227839693592244,0.017261467698879592,0.017253874499635356,0.017240993339846893,0.017308075210482395,0.017254569563836992,0.01726442478413351,0.01710784893845848,0.017280834242166036,0.01724992828447109,0.017244849278282876,0.017266547842176138,0.01722844463964228,0.0173147531643322,0.017201493943251957,0.017270232898345048,0.01724566438853547,0.01719246627189786,0.017218916111537825,0.01726979026947009,0.017258761960688727,0.017261286150543335,0.017200800723116784,0.017247070941017715,0.01722602231960337,0.017208410751317404,0.017195034257986748,0.017221755692070646,0.017294439425279678,0.017284049557954984,0.01724254435334303,0.01722878608810889,0.017206711264096886,0.017244092523461124,0.01719738507292806,0.017291865574322978,0.017297285687956444,0.01724451555965982,0.01715645017356119,0.017207175997970833,0.017204279951859455,0.017199143095651553,0.017280895555753528,0.017268818955015988,0.017260971696228273,0.017281329668473507,0.017198255137033318,0.017203035200224103,0.017205348747835348,0.017161958038446088,0.01727528969075876,0.01726678426304515
TRA_16_aad47,0.017278199014931793,0.017243736442201403,0.017291839901800613,0.017242981453140356,0.0172229877359365,0.017290335107920916,0.017234065839723957,0.017269486959010132,0.017247860362137362,0.017259933245925747,0.017296769083143974,0.017263247598041112,0.01730138941037441,0.017105469388485985,0.01729379266800932,0.01723997810779007,0.017238156148940025,0.017254697652875222,0.017244152387150227,0.017314652651129643,0.017180188067651033,0.01728407122323568,0.017253322455128665,0.017200230604306106,0.017214815612350783,0.01726884990096961,0.017274526981992215,0.01725847750296628,0.01721190317697691,0.01725767787071691,0.01720456341291972,0.01719513596971967,0.017182002336097273,0.017215860073153916,0.01729109644794142,0.017298169282690585,0.017235344366801846,0.017231471730926595,0.017188270670630335,0.017242613950766737,0.01719976825202363,0.01732156008901441,0.01730400808500542,0.017232289367773823,0.017178254133855313,0.017200200596130946,0.017188840047840003,0.01719462276541209,0.017302231536592595,0.017277497684194905,0.017261640406304114,0.01728823320068621,0.017187580853848982,0.017199529361999397,0.01718947174423298,0.017128177517001235,0.017272504787430122,0.017251266774042755
TRA_17_b751a,0.017277676522020533,0.017261145487420058,0.017301843581869227,0.017240064641156117,0.017218499466409923,0.017280647492292217,0.017227903357578418,0.017299545280572766,0.017250874829775463,0.017259005022358363,0.017313042907100493,0.01726216681456558,0.017266421337779794,0.017124209217109262,0.017307817523583936,0.01722551110424874,0.017245301699875766,0.017255844203406763,0.017239379084599767,0.01731344916151841,0.01720404449718363,0.017301561421547644,0.017263162670785644,0.017172668812205878,0.017227657934774834,0.017261779807802434,0.017290109259969197,0.017251767771083462,0.017236764296174285,0.01723873134984291,0.017183600219303815,0.0172072734017634,0.01719131269383422,0.017236550865610593,0.017305185059316937,0.017271530151307828,0.017230241307638814,0.01721304501900125,0.017207181749008222,0.0172487121106176,0.01719882378457205,0.017286809940572342,0.01731044067471557,0.017232888027960757,0.017184618575161504,0.01719523777159016,0.01720173160870808,0.017229105330200733,0.017290563014617504,0.017239813429661747,0.017255993896789102,0.017263939007701307,0.01718291684374604,0.01718540552874939,0.017200960292872852,0.017138014968520923,0.0172261694290444,0.017263338740801333
